Timestamp_s,Position_m,Velocity_ms,Angle_rad,Angular_Velocity_rads,Integral_Position_ms,Control_Input_rads
0.35046887397766113,-0.1008,-0.0035,0.0045,0.1639,-0.0391,-0.0202
0.3506448268890381,-0.1008,-0.0027,0.0053,0.0323,-0.0401,-0.0291
0.3507988452911377,-0.1008,-0.0021,0.0054,0.0242,-0.0411,-0.0422
0.35094380378723145,-0.1008,-0.0019,0.0048,-0.1073,-0.0421,-0.1448
0.35106682777404785,-0.1008,-0.0028,0.0022,-0.1269,-0.0431,-0.28
0.35120677947998047,-0.1009,-0.0047,0.0003,0.0088,-0.0441,-0.3421
0.351334810256958,-0.101,-0.0066,0.0011,0.3827,-0.0451,-0.1585
0.3514747619628906,-0.1011,-0.0062,0.0065,0.3901,-0.0462,0.069
0.3515970706939697,-0.1011,-0.0036,0.0087,0.0122,-0.0472,0.0693
0.35173988342285156,-0.101,-0.0019,0.0067,-0.1854,-0.0482,-0.0718
0.3518798351287842,-0.1011,-0.002,0.0037,-0.1728,-0.0492,-0.2265
0.3520088195800781,-0.1011,-0.0036,0.0014,-0.0902,-0.0502,-0.3456
0.35213279724121094,-0.1012,-0.0059,-0.0019,0.0789,-0.0512,-0.381
0.35227084159851074,-0.1014,-0.0078,-0.0005,0.499,-0.0522,-0.1361
0.3523859977722168,-0.1014,-0.0068,0.0061,0.6038,-0.0532,0.2246
0.3525197505950928,-0.1013,-0.0026,0.0112,0.0585,-0.0543,0.2715
0.35265684127807617,-0.1013,0.0008,0.0087,-0.1648,-0.0553,0.1578
0.35279369354248047,-0.1012,0.0021,0.0066,-0.1233,-0.0563,0.0568
0.35291290283203125,-0.1012,0.002,0.0048,-0.1073,-0.0573,-0.0471
0.35303187370300293,-0.1012,0.001,0.0028,0.0263,-0.0583,-0.0794
0.3531489372253418,-0.1012,-0.0001,0.0037,0.18,-0.0593,-0.0074
0.35326385498046875,-0.1012,-0.0001,0.0051,0.1521,-0.0603,0.0563
0.3533806800842285,-0.1012,0.0005,0.0059,0.1483,-0.0613,0.1241
0.35349392890930176,-0.1012,0.0015,0.0071,0.1375,-0.0624,0.1941
0.3536109924316406,-0.1011,0.003,0.0078,0.0648,-0.0634,0.2226
0.3537309169769287,-0.101,0.0042,0.0079,-0.0687,-0.0644,0.166
0.35384583473205566,-0.101,0.0046,0.0062,-0.1753,-0.0654,0.0284
0.35396289825439453,-0.101,0.0035,0.0035,-0.098,-0.0664,-0.0796
0.354083776473999,-0.101,0.0017,0.0022,0.0621,-0.0674,-0.0947
0.3541989326477051,-0.101,0.0002,0.0038,0.1876,-0.0684,-0.0183
0.3543128967285156,-0.101,-0.0,0.0055,0.135,-0.0694,0.0357
0.3544318675994873,-0.101,0.0003,0.0062,0.1182,-0.0704,0.0835
0.35454583168029785,-0.101,0.0011,0.0078,0.1274,-0.0714,0.149
0.3546617031097412,-0.1009,0.0022,0.009,0.011,-0.0725,0.1486
0.3547818660736084,-0.1009,0.003,0.0094,-0.0662,-0.0735,0.1019
0.3549158573150635,-0.1009,0.0031,0.0081,-0.1887,-0.0745,-0.0341
0.35503387451171875,-0.1009,0.0018,0.0059,-0.1267,-0.0755,-0.1463
0.35515689849853516,-0.1009,-0.0001,0.0054,-0.0926,-0.0765,-0.2421
0.35527706146240234,-0.101,-0.0025,0.0038,-0.0514,-0.0775,-0.3242
0.3554058074951172,-0.1011,-0.0049,0.0036,0.2308,-0.0785,-0.2269
0.35552477836608887,-0.1012,-0.0056,0.0074,0.358,-0.0795,-0.0212
0.3556399345397949,-0.1012,-0.0042,0.0107,0.1751,-0.0805,0.0905
0.35576391220092773,-0.1012,-0.002,0.0113,-0.0137,-0.0815,0.0859
0.3558988571166992,-0.1011,-0.0006,0.0103,-0.1289,-0.0826,-0.0001
0.3560178279876709,-0.1011,-0.0004,0.0089,-0.065,-0.0836,-0.0548
0.35614490509033203,-0.1011,-0.0008,0.0081,-0.0799,-0.0846,-0.1249
0.35626697540283203,-0.1012,-0.0018,0.0066,-0.154,-0.0856,-0.2545
0.3563859462738037,-0.1013,-0.0037,0.0047,-0.0823,-0.0866,-0.3536
0.3565099239349365,-0.1014,-0.0061,0.0035,0.2203,-0.0876,-0.2668
0.35663890838623047,-0.1015,-0.0068,0.0076,0.4702,-0.0886,0.0097
0.3567538261413574,-0.1015,-0.0047,0.0122,0.1811,-0.0896,0.1333
0.35688185691833496,-0.1014,-0.002,0.0112,-0.1753,-0.0907,0.0214
0.35700488090515137,-0.1014,-0.0012,0.0084,-0.0912,-0.0917,-0.056
0.3571329116821289,-0.1014,-0.0014,0.0085,0.0011,-0.0927,-0.0737
0.3572578430175781,-0.1015,-0.0017,0.0075,-0.0826,-0.0937,-0.1527
0.3573780059814453,-0.1015,-0.0027,0.006,0.0094,-0.0947,-0.184
0.35750293731689453,-0.1016,-0.0037,0.0057,0.0788,-0.0957,-0.1736
0.35763096809387207,-0.1016,-0.0043,0.0066,0.1935,-0.0967,-0.0833
0.3577449321746826,-0.1017,-0.0038,0.0084,0.2047,-0.0978,0.0273
0.357867956161499,-0.1016,-0.0024,0.0106,0.0324,-0.0988,0.043
0.35799503326416016,-0.1016,-0.0013,0.0088,-0.1485,-0.0998,-0.0705
0.3581228256225586,-0.1017,-0.0016,0.007,0.0759,-0.1008,-0.0523
0.3582448959350586,-0.1017,-0.0016,0.0092,0.1511,-0.1018,0.0296
0.35838794708251953,-0.1017,-0.0008,0.0093,-0.0273,-0.1028,-0.0023
0.35851073265075684,-0.1017,-0.0006,0.0084,0.035,-0.1039,-0.0009
0.35863399505615234,-0.1017,-0.0004,0.0092,0.0854,-0.1049,0.0391
0.3587617874145508,-0.1017,0.0001,0.0095,0.0224,-0.1059,0.0405
0.35888195037841797,-0.1016,0.0004,0.0095,0.04,-0.1069,0.0529
0.35900187492370605,-0.1016,0.0008,0.0099,0.096,-0.1079,0.1051
0.3591170310974121,-0.1016,0.0016,0.0109,0.0936,-0.1089,0.163
0.35924768447875977,-0.1015,0.0027,0.0113,0.0505,-0.11,0.1962
0.35936999320983887,-0.1015,0.0038,0.0115,-0.1217,-0.111,0.1202
0.35948801040649414,-0.1014,0.0038,0.0091,-0.1835,-0.112,-0.0135
0.3596069812774658,-0.1014,0.0026,0.0071,-0.007,-0.113,-0.0481
0.3597249984741211,-0.1015,0.0013,0.0083,0.1541,-0.114,0.029
0.35983777046203613,-0.1014,0.0012,0.0097,0.0765,-0.115,0.0657
0.35994887351989746,-0.1014,0.0015,0.0099,0.0587,-0.116,0.0921
0.36006689071655273,-0.1014,0.0019,0.011,0.0888,-0.1171,0.1462
0.36019396781921387,-0.1013,0.0028,0.0114,-0.0294,-0.1181,0.1271
0.36031484603881836,-0.1013,0.0032,0.0113,-0.0719,-0.1191,0.0796
0.36043477058410645,-0.1013,0.003,0.0101,-0.1574,-0.1201,-0.0322
0.3605539798736572,-0.1013,0.0018,0.008,-0.0691,-0.1211,-0.1025
0.3606750965118408,-0.1013,0.0003,0.0083,0.1601,-0.1221,-0.0237
0.36078882217407227,-0.1013,-0.0001,0.0104,0.0604,-0.1231,0.0049
0.3609037399291992,-0.1013,0.0,0.01,-0.0943,-0.1242,-0.0698
0.3610348701477051,-0.1013,-0.0007,0.0088,-0.0186,-0.1252,-0.1044
0.36114978790283203,-0.1014,-0.0015,0.0092,0.0302,-0.1262,-0.1059
0.3612689971923828,-0.1014,-0.0021,0.0089,-0.0255,-0.1272,-0.1456
0.3613879680633545,-0.1015,-0.0029,0.0091,0.1109,-0.1282,-0.0966
0.36151695251464844,-0.1015,-0.003,0.0106,0.1097,-0.1292,-0.0383
0.3616318702697754,-0.1015,-0.0024,0.0112,0.0591,-0.1302,-0.0078
0.3617677688598633,-0.1015,-0.0018,0.0116,-0.0161,-0.1313,-0.0232
0.36188697814941406,-0.1015,-0.0015,0.0106,-0.0831,-0.1323,-0.0894
0.3620169162750244,-0.1015,-0.0019,0.0098,0.0063,-0.1333,-0.1037
0.3621399402618408,-0.1016,-0.0023,0.0099,0.0256,-0.1343,-0.1055
0.36226391792297363,-0.1016,-0.0027,0.0092,0.0251,-0.1353,-0.1129
0.36238884925842285,-0.1017,-0.003,0.0099,0.1903,-0.1363,-0.0088
0.3625068664550781,-0.1017,-0.0022,0.0116,0.0893,-0.1374,0.0426
0.3626377582550049,-0.1016,-0.0011,0.0112,0.0316,-0.1384,0.054
0.3627510070800781,-0.1016,-0.0002,0.0116,0.1347,-0.1394,0.1353
0.3628690242767334,-0.1016,0.0011,0.0134,0.0949,-0.1404,0.2041
0.3629908561706543,-0.1015,0.0028,0.013,-0.0483,-0.1414,0.1788
0.36310386657714844,-0.1015,0.0037,0.0123,-0.1434,-0.1424,0.0874
0.3632357120513916,-0.1014,0.0034,0.0101,-0.1244,-0.1434,-0.0079
0.36336207389831543,-0.1014,0.0023,0.0092,0.0166,-0.1445,-0.0197
0.3634788990020752,-0.1014,0.0014,0.01,0.1118,-0.1455,0.0355
0.36359381675720215,-0.1014,0.0014,0.0108,0.0252,-0.1465,0.0397
0.3637058734893799,-0.1014,0.0013,0.0107,0.0336,-0.1475,0.0486
0.36382579803466797,-0.1014,0.0014,0.0115,0.0352,-0.1485,0.0639
0.3639538288116455,-0.1014,0.0016,0.0115,-0.001,-0.1495,0.0561
0.3640859127044678,-0.1014,0.0017,0.0114,0.0003,-0.1505,0.0481
0.36422085762023926,-0.1013,0.0016,0.0115,0.0018,-0.1516,0.0411
0.36434292793273926,-0.1013,0.0015,0.011,-0.0259,-0.1526,0.0124
0.3644590377807617,-0.1013,0.0012,0.011,-0.0106,-0.1536,-0.0066
0.36458492279052734,-0.1013,0.0008,0.0112,-0.0194,-0.1546,-0.0306
0.364703893661499,-0.1013,0.0002,0.0106,-0.0153,-0.1556,-0.0564
0.3648200035095215,-0.1014,-0.0004,0.0109,0.0331,-0.1566,-0.0498
0.3649446964263916,-0.1014,-0.0007,0.011,-0.001,-0.1576,-0.0649
0.3650639057159424,-0.1014,-0.0012,0.0108,0.0071,-0.1586,-0.0764
0.36517977714538574,-0.1014,-0.0016,0.0109,0.0102,-0.1597,-0.086
0.3652958869934082,-0.1014,-0.0019,0.0107,0.0665,-0.1607,-0.061
0.36541104316711426,-0.1015,-0.0019,0.0119,0.0505,-0.1617,-0.0383
0.36552882194519043,-0.1015,-0.0017,0.0115,-0.0365,-0.1627,-0.0745
0.3656439781188965,-0.1015,-0.0019,0.0109,0.0364,-0.1637,-0.0683
0.3657658100128174,-0.1015,-0.002,0.0117,0.048,-0.1647,-0.0495
0.36588168144226074,-0.1015,-0.0019,0.0115,0.0087,-0.1658,-0.0572
0.3659980297088623,-0.1016,-0.0019,0.0116,0.0287,-0.1668,-0.0519
0.36611294746398926,-0.1016,-0.0018,0.0119,0.0515,-0.1678,-0.0298
0.3662288188934326,-0.1016,-0.0016,0.0121,0.0505,-0.1688,-0.0065
0.3663449287414551,-0.1016,-0.0012,0.0125,0.0429,-0.1698,0.0147
0.36646294593811035,-0.1016,-0.0007,0.0129,0.004,-0.1708,0.0134
0.3665788173675537,-0.1016,-0.0003,0.0124,-0.0041,-0.1718,0.0031
0.36669278144836426,-0.1016,-0.0002,0.0125,0.0375,-0.1729,0.0204
0.366804838180542,-0.1016,0.0001,0.0127,0.0032,-0.1739,0.017
0.36691880226135254,-0.1016,0.0002,0.0123,-0.0054,-0.1749,0.0052
0.3670308589935303,-0.1016,0.0002,0.0124,0.0312,-0.1759,0.0177
0.36715078353881836,-0.1016,0.0003,0.0127,0.0096,-0.1769,0.0179
0.43663692474365234,-0.1015,0.0004,0.0124,0.01,-0.1779,0.016
0.4367988109588623,-0.1015,0.0004,0.0125,0.0348,-0.179,0.031
0.43692588806152344,-0.1015,0.0006,0.0128,0.0168,-0.18,0.0364
0.4370439052581787,-0.1015,0.0008,0.0127,0.0296,-0.181,0.0492
0.43715977668762207,-0.1015,0.001,0.0132,0.0491,-0.182,0.0779
0.4372737407684326,-0.1015,0.0015,0.0135,0.0091,-0.183,0.0832
0.4373898506164551,-0.1015,0.0018,0.0132,0.0131,-0.184,0.0889
0.6133339405059814,-0.1014,0.0022,0.0147,-0.0345,-0.185,0.0744
0.613494873046875,-0.1014,0.0022,0.0125,-0.1509,-0.1861,-0.031
0.6136229038238525,-0.1014,0.0013,0.0118,0.0403,-0.1871,-0.0188
0.6137447357177734,-0.1014,0.0007,0.0127,0.0224,-0.1881,-0.0121
0.6138648986816406,-0.1014,0.0004,0.0123,0.0014,-0.1891,-0.0229
0.6139819622039795,-0.1014,0.0,0.0128,0.0528,-0.1901,0.0033
0.6140956878662109,-0.1014,0.0001,0.0133,0.0094,-0.1911,0.0048
0.6142098903656006,-0.1014,0.0001,0.0132,0.0094,-0.1921,0.0051
0.6143269538879395,-0.1014,0.0001,0.0134,-0.0064,-0.1932,-0.0039
0.6144440174102783,-0.1014,0.0,0.0131,-0.0213,-0.1942,-0.0243
0.6145620346069336,-0.1014,-0.0002,0.013,0.0006,-0.1952,-0.0322
0.6146829128265381,-0.1014,-0.0005,0.013,-0.0201,-0.1962,-0.0536
0.6148018836975098,-0.1015,-0.0008,0.0125,-0.0301,-0.1972,-0.0855
0.6149208545684814,-0.1015,-0.0014,0.0122,0.0002,-0.1982,-0.1006
0.6150398254394531,-0.1015,-0.002,0.0123,0.0006,-0.1992,-0.1154
0.615156888961792,-0.1016,-0.0025,0.0115,0.0824,-0.2003,-0.0837
0.6152727603912354,-0.1016,-0.0026,0.0134,0.1485,-0.2013,0.0039
0.6153879165649414,-0.1016,-0.0018,0.0138,0.0139,-0.2023,0.0076
0.7470338344573975,-0.1016,-0.0012,0.0133,0.0581,-0.2033,0.0367
0.7471938133239746,-0.1016,-0.0005,0.0144,0.1166,-0.2043,0.1115
0.7473206520080566,-0.1015,0.0008,0.0151,-0.0175,-0.2053,0.1057
0.7474417686462402,-0.1015,0.0016,0.0143,-0.0279,-0.2064,0.0871
0.7475566864013672,-0.1015,0.0019,0.0142,0.0296,-0.2074,0.1058
0.7476727962493896,-0.1014,0.0024,0.0148,-0.0531,-0.2084,0.0752
0.7477939128875732,-0.1014,0.0024,0.0129,-0.1173,-0.2094,-0.0107
0.7479279041290283,-0.1014,0.0016,0.012,0.0146,-0.2104,-0.0186
0.7480518817901611,-0.1014,0.0009,0.0127,0.0793,-0.2114,0.0195
0.7481648921966553,-0.1014,0.0008,0.0131,0.0307,-0.2124,0.029
0.7482779026031494,-0.1014,0.0009,0.0132,0.0481,-0.2135,0.0503
0.748417854309082,-0.1014,0.0011,0.0139,0.0801,-0.2145,0.0969
0.7485508918762207,-0.1014,0.0017,0.0146,0.0569,-0.2155,0.1338
0.9068348407745361,-0.1013,0.0025,0.0149,0.0044,-0.2165,0.1393
0.9070148468017578,-0.1013,0.0031,0.0147,0.002,-0.2175,0.1421
0.907141923904419,-0.1012,0.0036,0.0144,-0.1327,-0.2185,0.0554
0.9072659015655518,-0.1012,0.003,0.013,-0.0859,-0.2195,-0.0113
0.9073898792266846,-0.1012,0.002,0.0122,-0.0474,-0.2205,-0.0598
0.9075069427490234,-0.1012,0.0008,0.0118,0.0136,-0.2216,-0.0727
0.907628059387207,-0.1013,-0.0001,0.0124,0.028,-0.2226,-0.0729
0.907747745513916,-0.1013,-0.0008,0.0125,-0.019,-0.2236,-0.1035
0.9078667163848877,-0.1013,-0.0016,0.0124,0.0263,-0.2246,-0.1062
0.9079937934875488,-0.1013,-0.0021,0.0128,0.0869,-0.2256,-0.0676
0.9081158638000488,-0.1014,-0.0022,0.0139,0.0388,-0.2266,-0.0524
0.9082338809967041,-0.1014,-0.002,0.0138,0.0059,-0.2276,-0.0592
0.9083528518676758,-0.1014,-0.002,0.014,0.0616,-0.2287,-0.0292
0.9084799289703369,-0.1014,-0.0017,0.0149,0.0529,-0.2297,0.002
0.9086017608642578,-0.1014,-0.0012,0.0152,-0.0253,-0.2307,-0.0155
0.908728837966919,-0.1014,-0.001,0.0145,-0.0378,-0.2317,-0.046
1.0335028171539307,-0.1014,-0.0011,0.0144,0.0186,-0.2327,-0.041
1.0336968898773193,-0.1014,-0.0012,0.0143,0.0108,-0.2337,-0.042
1.0338408946990967,-0.1015,-0.0012,0.0142,0.026,-0.2347,-0.0344
1.033966064453125,-0.1015,-0.0012,0.0145,0.0393,-0.2358,-0.0159
1.0340909957885742,-0.1015,-0.001,0.0147,0.0379,-0.2368,0.0029
1.0342090129852295,-0.1015,-0.0007,0.0149,0.0461,-0.2378,0.0283
1.0343258380889893,-0.1015,-0.0002,0.0154,0.0579,-0.2388,0.0653
1.034437894821167,-0.1014,0.0005,0.0159,0.0202,-0.2398,0.0815
1.0345568656921387,-0.1014,0.0011,0.0156,-0.0147,-0.2408,0.0728
1.0346717834472656,-0.1014,0.0015,0.0154,0.0264,-0.2418,0.0899
1.0347950458526611,-0.1014,0.0019,0.0157,-0.0704,-0.2429,0.0465
1.0349128246307373,-0.1013,0.0018,0.014,-0.0628,-0.2439,-0.0044
1.0350289344787598,-0.1014,0.0012,0.0141,0.0319,-0.2449,0.0059
1.1642608642578125,-0.1013,0.0009,0.0143,0.0114,-0.2459,0.0041
1.1644549369812012,-0.1013,0.0007,0.0144,0.0262,-0.2469,0.0117
1.164585828781128,-0.1013,0.0006,0.0149,0.0095,-0.2479,0.0118
1.1647148132324219,-0.1013,0.0005,0.0146,-0.0349,-0.2489,-0.0187
1.1648387908935547,-0.1013,0.0002,0.0142,-0.0082,-0.2499,-0.0354
1.1649878025054932,-0.1014,-0.0002,0.0144,-0.0028,-0.251,-0.0478
1.1651320457458496,-0.1014,-0.0006,0.0141,-0.0253,-0.252,-0.0775
1.1652617454528809,-0.1014,-0.0012,0.0139,-0.0205,-0.253,-0.1064
1.1653907299041748,-0.1014,-0.0019,0.0138,0.0264,-0.254,-0.1058
1.165522813796997,-0.1015,-0.0023,0.0142,0.0055,-0.255,-0.1164
1.1656577587127686,-0.1015,-0.0028,0.0142,0.0985,-0.256,-0.0679
1.165785789489746,-0.1015,-0.0026,0.0159,0.1089,-0.257,-0.0002
1.1659188270568848,-0.1015,-0.0018,0.0161,0.0014,-0.2581,-0.0004
1.3116977214813232,-0.1015,-0.0013,0.0159,0.0699,-0.2591,0.0425
1.311870813369751,-0.1015,-0.0005,0.0175,0.0909,-0.2601,0.1105
1.3119938373565674,-0.1015,0.0007,0.0177,-0.0508,-0.2611,0.0892
1.3121180534362793,-0.1014,0.0014,0.0167,-0.0085,-0.2621,0.0881
1.3122329711914062,-0.1014,0.0018,0.0171,0.0255,-0.2631,0.1123
1.312351942062378,-0.1014,0.0024,0.0175,-0.0366,-0.2641,0.099
1.3124690055847168,-0.1014,0.0026,0.0163,-0.1283,-0.2652,0.0178
1.3125896453857422,-0.1013,0.002,0.0153,-0.0249,-0.2662,-0.0043
1.3127119541168213,-0.1013,0.0014,0.0155,0.0377,-0.2672,0.0145
1.3128418922424316,-0.1013,0.0011,0.0157,0.0219,-0.2682,0.0242
1.3129668235778809,-0.1013,0.001,0.0156,0.0303,-0.2692,0.0385
1.3130826950073242,-0.1013,0.0011,0.016,0.0576,-0.2702,0.0735
1.3131959438323975,-0.1013,0.0015,0.0166,0.0327,-0.2712,0.0962
1.3133158683776855,-0.1013,0.002,0.0164,-0.0142,-0.2723,0.0877
1.4302167892456055,-0.1012,0.0022,0.0159,-0.0163,-0.2733,0.074
1.4303979873657227,-0.1012,0.0023,0.016,0.0015,-0.2743,0.0721
1.4305369853973389,-0.1012,0.0023,0.0158,-0.1093,-0.2753,-0.0026
1.4306690692901611,-0.1012,0.0016,0.0142,-0.0944,-0.2763,-0.0804
1.4307897090911865,-0.1012,0.0003,0.014,0.0024,-0.2773,-0.0979
1.4309098720550537,-0.1012,-0.0007,0.0138,0.0078,-0.2783,-0.1141
1.431034803390503,-0.1013,-0.0016,0.0138,0.0207,-0.2793,-0.1224
1.4311549663543701,-0.1013,-0.0023,0.0138,0.0784,-0.2804,-0.0943
1.4312748908996582,-0.1014,-0.0025,0.0154,0.1116,-0.2814,-0.0341
1.431396722793579,-0.1014,-0.0021,0.0158,0.0364,-0.2824,-0.0197
1.431513786315918,-0.1014,-0.0017,0.0156,0.0681,-0.2834,0.0143
1.431628942489624,-0.1014,-0.001,0.017,0.0679,-0.2844,0.0582
1.5507488250732422,-0.1014,-0.0002,0.0168,-0.0491,-0.2854,0.025
1.5509240627288818,-0.1013,0.0001,0.016,0.0146,-0.2864,0.0273
1.5510499477386475,-0.1013,0.0004,0.0166,0.0489,-0.2874,0.0564
1.5511679649353027,-0.1013,0.0008,0.0169,-0.0306,-0.2885,0.036
1.5512878894805908,-0.1013,0.0009,0.0163,-0.0091,-0.2895,0.0253
1.5514140129089355,-0.1013,0.0009,0.0166,0.018,-0.2905,0.0341
1.5515398979187012,-0.1013,0.001,0.0167,-0.0044,-0.2915,0.0287
1.55165696144104,-0.1013,0.0009,0.0167,0.0022,-0.2925,0.0279
1.5517868995666504,-0.1013,0.0009,0.0168,0.0018,-0.2935,0.0268
1.551900863647461,-0.1013,0.0009,0.0165,0.0027,-0.2945,0.024
1.5520148277282715,-0.1012,0.0009,0.0167,0.0111,-0.2956,0.0278
1.5521299839019775,-0.1012,0.0009,0.0167,-0.0121,-0.2966,0.0165
1.6799869537353516,-0.1012,0.0008,0.0163,-0.0119,-0.2976,0.0021
1.6801767349243164,-0.1012,0.0006,0.0166,0.0071,-0.2986,0.0015
1.6803088188171387,-0.1012,0.0004,0.0165,-0.0077,-0.2996,-0.0097
1.6804389953613281,-0.1012,0.0002,0.0164,0.0138,-0.3006,-0.0078
1.6805598735809326,-0.1012,0.0001,0.0167,0.0114,-0.3016,-0.0057
1.680682897567749,-0.1012,-0.0,0.0166,-0.0083,-0.3026,-0.0174
1.6808087825775146,-0.1012,-0.0002,0.0164,-0.0145,-0.3037,-0.0344
1.6809289455413818,-0.1013,-0.0005,0.0162,0.019,-0.3047,-0.0318
1.6810498237609863,-0.1013,-0.0006,0.0166,-0.0016,-0.3057,-0.0403
1.6811740398406982,-0.1013,-0.0008,0.0162,-0.0131,-0.3067,-0.0593
1.6812920570373535,-0.1013,-0.0012,0.0161,0.011,-0.3077,-0.0637
1.6814348697662354,-0.1013,-0.0014,0.016,0.0079,-0.3087,-0.0716
1.6815769672393799,-0.1013,-0.0017,0.0164,0.0603,-0.3097,-0.0434
1.8075530529022217,-0.1014,-0.0016,0.0166,-0.006,-0.3107,-0.0562
1.8077340126037598,-0.1014,-0.0017,0.0164,-0.002,-0.3118,-0.0685
1.8078639507293701,-0.1014,-0.0018,0.0166,0.122,-0.3128,0.0009
1.807985782623291,-0.1014,-0.0013,0.0179,0.0825,-0.3138,0.0539
1.8081119060516357,-0.1014,-0.0004,0.0183,0.0433,-0.3148,0.0848
1.808227777481079,-0.1014,0.0006,0.0186,0.0593,-0.3158,0.1286
1.8083457946777344,-0.1013,0.0017,0.0193,0.0008,-0.3168,0.14
1.8084709644317627,-0.1013,0.0025,0.0194,-0.0592,-0.3178,0.1142
1.8085906505584717,-0.1012,0.0029,0.0181,-0.1432,-0.3188,0.0244
1.8087117671966553,-0.1012,0.0023,0.017,-0.0399,-0.3199,-0.007
1.8088328838348389,-0.1012,0.0015,0.0169,-0.0274,-0.3209,-0.0317
1.8089547157287598,-0.1012,0.0007,0.0162,-0.0198,-0.3219,-0.0571
1.8090739250183105,-0.1013,-0.0,0.0165,0.0527,-0.3229,-0.0346
1.9355368614196777,-0.1013,-0.0004,0.0171,0.0102,-0.3239,-0.0355
1.935722827911377,-0.1013,-0.0006,0.017,-0.0037,-0.3249,-0.0468
1.9358489513397217,-0.1013,-0.0009,0.0173,0.0547,-0.3259,-0.0185
1.9359726905822754,-0.1013,-0.0008,0.0178,0.0216,-0.327,-0.0084
1.9360969066619873,-0.1013,-0.0006,0.0178,0.0103,-0.328,-0.0052
1.9362187385559082,-0.1013,-0.0005,0.018,0.0291,-0.329,0.0114
1.9363348484039307,-0.1013,-0.0002,0.0184,0.0158,-0.33,0.0219
1.9364478588104248,-0.1013,0.0,0.0185,0.0068,-0.331,0.0275
1.9365627765655518,-0.1013,0.0003,0.0183,-0.0141,-0.332,0.0181
1.9366788864135742,-0.1013,0.0004,0.0181,0.0066,-0.333,0.0205
1.936790943145752,-0.1013,0.0005,0.0183,0.0023,-0.334,0.0213
1.9369149208068848,-0.1013,0.0005,0.018,-0.0289,-0.3351,-0.0008
1.9370307922363281,-0.1013,0.0004,0.0176,-0.0097,-0.3361,-0.0133
2.0694477558135986,-0.1013,0.0001,0.0177,-0.0058,-0.3371,-0.0233
2.069638729095459,-0.1013,-0.0001,0.0173,-0.0202,-0.3381,-0.0456
2.069769859313965,-0.1013,-0.0005,0.0169,-0.0229,-0.3391,-0.0726
2.069901704788208,-0.1013,-0.0011,0.0167,-0.0121,-0.3401,-0.0954
2.0700249671936035,-0.1013,-0.0017,0.0166,-0.0021,-0.3411,-0.1129
2.070147752761841,-0.1014,-0.0023,0.0165,-0.0028,-0.3421,-0.132
2.070269823074341,-0.1014,-0.0029,0.016,0.0928,-0.3432,-0.0938
2.0703887939453125,-0.1015,-0.0029,0.0177,0.1196,-0.3442,-0.0258
2.07051682472229,-0.1015,-0.0023,0.0181,0.0834,-0.3452,0.0216
2.0706627368927,-0.1015,-0.0014,0.0192,0.1226,-0.3462,0.1028
2.070788860321045,-0.1014,0.0,0.0201,0.0059,-0.3472,0.1152
2.0709359645843506,-0.1014,0.0011,0.0195,-0.0301,-0.3482,0.1007
2.0710608959198,-0.1014,0.0018,0.0195,0.0176,-0.3492,0.1172
2.203216791152954,-0.1013,0.0024,0.0198,-0.0918,-0.3503,0.0655
2.2033958435058594,-0.1013,0.0023,0.0176,-0.1144,-0.3513,-0.0169
2.203528881072998,-0.1013,0.0015,0.0171,0.0286,-0.3523,-0.0115
2.2036616802215576,-0.1013,0.0009,0.0179,-0.015,-0.3533,-0.0289
2.203782796859741,-0.1013,0.0004,0.0169,-0.0759,-0.3543,-0.0935
2.2039008140563965,-0.1013,-0.0007,0.0162,0.0465,-0.3553,-0.0843
2.2040188312530518,-0.1014,-0.0013,0.0173,0.0457,-0.3563,-0.0687
2.2041568756103516,-0.1014,-0.0016,0.0174,0.0038,-0.3573,-0.0801
2.204286813735962,-0.1014,-0.0019,0.0177,0.0455,-0.3584,-0.0627
2.2044239044189453,-0.1014,-0.0019,0.018,0.0912,-0.3594,-0.0137
2.204555034637451,-0.1014,-0.0015,0.0194,0.0974,-0.3604,0.0489
2.2046828269958496,-0.1014,-0.0006,0.0199,0.034,-0.3614,0.0749
2.2048120498657227,-0.1014,0.0003,0.0202,0.0243,-0.3624,0.097
2.204957962036133,-0.1014,0.0012,0.0204,-0.0198,-0.3634,0.092
2.2196547985076904,-0.1013,0.0017,0.02,-0.0314,-0.3644,0.0769
2.3571219444274902,-0.1013,0.002,0.0199,-0.0792,-0.3655,0.0304
2.3573057651519775,-0.1013,0.0017,0.0184,-0.1004,-0.3665,-0.0413
2.3574399948120117,-0.1013,0.0008,0.0179,-0.0221,-0.3675,-0.0667
2.3575689792633057,-0.1013,-0.0001,0.0179,0.0154,-0.3685,-0.0688
2.357703924179077,-0.1014,-0.0008,0.0178,0.015,-0.3695,-0.0726
2.3578269481658936,-0.1014,-0.0012,0.0181,0.0236,-0.3705,-0.0687
2.357947826385498,-0.1014,-0.0015,0.0181,0.0123,-0.3715,-0.0725
2.3580758571624756,-0.1014,-0.0018,0.0181,0.0536,-0.3726,-0.05
2.358200788497925,-0.1014,-0.0017,0.0186,0.0459,-0.3736,-0.029
2.3583180904388428,-0.1015,-0.0015,0.0187,0.0267,-0.3746,-0.0199
2.358435869216919,-0.1015,-0.0012,0.019,0.009,-0.3756,-0.02
2.3585519790649414,-0.1015,-0.0011,0.0186,0.0159,-0.3766,-0.0188
2.358677864074707,-0.1015,-0.0009,0.0189,0.0676,-0.3776,0.0178
2.358813762664795,-0.1015,-0.0005,0.0197,0.0724,-0.3786,0.0632
2.484606981277466,-0.1015,0.0003,0.0199,0.0267,-0.3797,0.0809
2.484794855117798,-0.1014,0.001,0.02,0.0223,-0.3807,0.0963
2.48492693901062,-0.1014,0.0016,0.0201,0.0071,-0.3817,0.103
2.485121965408325,-0.1014,0.0021,0.0199,0.005,-0.3827,0.1074
2.4852828979492188,-0.1013,0.0025,0.0203,-0.0906,-0.3837,0.0525
2.485405921936035,-0.1013,0.0023,0.0183,-0.1092,-0.3847,-0.0292
2.4855239391326904,-0.1013,0.0013,0.0177,0.0415,-0.3857,-0.0186
2.4856388568878174,-0.1013,0.0007,0.0186,0.0944,-0.3868,0.0319
2.485752820968628,-0.1013,0.0008,0.0192,0.048,-0.3878,0.0571
2.4858648777008057,-0.1013,0.0011,0.0195,0.06,-0.3888,0.0918
2.4859766960144043,-0.1013,0.0017,0.0204,0.0465,-0.3898,0.1245
2.486090898513794,-0.1012,0.0024,0.0206,-0.021,-0.3908,0.1153
2.4862048625946045,-0.1012,0.0028,0.0203,-0.0142,-0.3918,0.1082
2.6021568775177,-0.1012,0.003,0.0198,-0.1208,-0.3928,0.029
2.602357864379883,-0.1011,0.0024,0.0182,-0.092,-0.3938,-0.0443
2.602491855621338,-0.1012,0.0012,0.0174,0.0601,-0.3949,-0.0254
2.60261607170105,-0.1012,0.0006,0.0187,0.0751,-0.3959,0.0113
2.602745771408081,-0.1012,0.0005,0.0189,-0.0052,-0.3969,-0.0025
2.6028687953948975,-0.1012,0.0004,0.0189,0.0,-0.3979,-0.0135
2.6029889583587646,-0.1012,0.0001,0.0189,-0.009,-0.3989,-0.0307
2.603116035461426,-0.1012,-0.0002,0.0187,-0.0117,-0.3999,-0.0516
2.603236675262451,-0.1012,-0.0007,0.0186,-0.0145,-0.4009,-0.0754
2.603369951248169,-0.1012,-0.0012,0.0183,-0.0207,-0.4019,-0.1055
2.6035120487213135,-0.1013,-0.0019,0.0179,0.0076,-0.4029,-0.1213
2.72390079498291,-0.1013,-0.0025,0.0169,0.0704,-0.404,-0.104
2.7240848541259766,-0.1013,-0.0028,0.0187,0.19,-0.405,0.0032
2.7242159843444824,-0.1013,-0.0019,0.0203,0.081,-0.406,0.0517
2.7243409156799316,-0.1013,-0.0008,0.0204,0.0948,-0.407,0.1102
2.724456787109375,-0.1013,0.0005,0.0219,0.1245,-0.408,0.1994
2.7245748043060303,-0.1012,0.0023,0.0227,-0.0213,-0.409,0.2008
2.724695920944214,-0.1011,0.0036,0.0225,-0.1641,-0.41,0.1088
2.7248167991638184,-0.1011,0.0036,0.0194,-0.248,-0.411,-0.0597
2.7249579429626465,-0.1011,0.0019,0.0168,-0.0776,-0.4121,-0.1376
2.725095748901367,-0.1012,-0.0,0.0173,0.1309,-0.4131,-0.0787
2.7252137660980225,-0.1012,-0.0008,0.0189,0.081,-0.4141,-0.0417
2.725355863571167,-0.1012,-0.0009,0.0187,0.0355,-0.4151,-0.0356
2.725475788116455,-0.1012,-0.001,0.0196,0.1445,-0.4161,0.0469
2.7395708560943604,-0.1012,-0.0003,0.0217,0.1334,-0.4171,0.1376
2.8629579544067383,-0.1012,0.0012,0.0222,-0.0209,-0.4181,0.1332
2.8631539344787598,-0.1011,0.0021,0.0216,-0.0254,-0.4191,0.1215
2.8632960319519043,-0.1011,0.0027,0.0224,-0.0518,-0.4202,0.099
2.8634307384490967,-0.101,0.0028,0.0206,-0.1629,-0.4212,-0.0086
2.8635849952697754,-0.101,0.0019,0.0192,-0.0177,-0.4222,-0.0331
2.863741874694824,-0.1011,0.001,0.02,-0.0098,-0.4232,-0.0472
2.8638758659362793,-0.1011,0.0002,0.0191,-0.0776,-0.4242,-0.1127
2.864008903503418,-0.1011,-0.0009,0.0188,0.0381,-0.4252,-0.1066
2.864137887954712,-0.1011,-0.0017,0.0193,0.0295,-0.4262,-0.103
2.864262819290161,-0.1012,-0.0022,0.0196,-0.0024,-0.4272,-0.1186
2.8643898963928223,-0.1012,-0.0027,0.02,0.1186,-0.4282,-0.0539
2.8645057678222656,-0.1012,-0.0024,0.0215,0.0933,-0.4293,0.0056
2.864628791809082,-0.1012,-0.0016,0.0216,0.0162,-0.4303,0.0161
2.988348960876465,-0.1012,-0.001,0.0218,0.088,-0.4313,0.0746
2.9885199069976807,-0.1012,0.0,0.0231,0.0473,-0.4323,0.1167
2.988654851913452,-0.1012,0.0012,0.0226,-0.0622,-0.4333,0.0846
2.988776922225952,-0.1011,0.0016,0.022,-0.0171,-0.4343,0.0778
2.988898992538452,-0.1011,0.0019,0.0221,-0.0117,-0.4353,0.0749
2.9890167713165283,-0.1011,0.0021,0.0218,-0.1124,-0.4363,0.005
2.9891366958618164,-0.1011,0.0015,0.0199,-0.1036,-0.4373,-0.0737
2.9892547130584717,-0.1011,0.0003,0.0192,-0.0065,-0.4384,-0.0953
2.9893789291381836,-0.1011,-0.0007,0.0194,0.0223,-0.4394,-0.0982
2.989497661590576,-0.1012,-0.0014,0.0195,0.03,-0.4404,-0.096
2.989616870880127,-0.1012,-0.0019,0.0188,0.0393,-0.4414,-0.0933
2.9897336959838867,-0.1012,-0.0023,0.0197,0.1406,-0.4424,-0.0192
3.1129207611083984,-0.1012,-0.0018,0.0214,0.0828,-0.4434,0.0298
3.113118886947632,-0.1012,-0.001,0.0215,-0.0411,-0.4444,-0.0001
3.113264799118042,-0.1012,-0.0007,0.0205,-0.05,-0.4454,-0.0432
3.1133949756622314,-0.1012,-0.0009,0.0203,-0.001,-0.4465,-0.0565
3.1135170459747314,-0.1013,-0.0012,0.0202,-0.0249,-0.4475,-0.0862
3.1136388778686523,-0.1013,-0.0017,0.0196,0.0023,-0.4485,-0.1031
3.1137619018554688,-0.1013,-0.0022,0.0201,0.0513,-0.4495,-0.0857
3.1138858795166016,-0.1014,-0.0024,0.0207,0.0445,-0.4505,-0.0682
3.114003896713257,-0.1014,-0.0023,0.0204,0.1174,-0.4515,-0.0063
3.114124059677124,-0.1014,-0.0017,0.0225,0.188,-0.4525,0.1164
3.114243745803833,-0.1013,-0.0,0.024,0.11,-0.4535,0.2007
3.1143627166748047,-0.1013,0.0019,0.0247,-0.0205,-0.4546,0.2067
3.1144769191741943,-0.1012,0.0034,0.0246,-0.1618,-0.4556,0.1213
3.237320899963379,-0.1012,0.0035,0.0219,-0.2335,-0.4566,-0.0298
3.237515926361084,-0.1012,0.0022,0.0198,-0.0463,-0.4576,-0.076
3.237649917602539,-0.1012,0.0008,0.0209,0.1373,-0.4586,0.0031
3.2377710342407227,-0.1012,0.0006,0.0224,0.0539,-0.4596,0.0384
3.2378928661346436,-0.1012,0.0008,0.0222,0.028,-0.4606,0.0557
3.2380127906799316,-0.1012,0.0011,0.023,0.0643,-0.4616,0.1024
3.2381348609924316,-0.1011,0.0018,0.0236,-0.0114,-0.4627,0.1043
3.2382547855377197,-0.1011,0.0023,0.0231,-0.0359,-0.4637,0.0867
3.2383828163146973,-0.1011,0.0024,0.0234,-0.0329,-0.4647,0.0732
3.2385127544403076,-0.1011,0.0024,0.0225,-0.1477,-0.4657,-0.0211
3.238630771636963,-0.1011,0.0015,0.0212,-0.084,-0.4667,-0.0841
3.23874568939209,-0.1011,0.0002,0.0207,0.0068,-0.4677,-0.0932
3.362522840499878,-0.1011,-0.0008,0.0211,0.0266,-0.4687,-0.0878
3.3627138137817383,-0.1011,-0.0014,0.0213,-0.0145,-0.4697,-0.108
3.362848997116089,-0.1012,-0.002,0.0209,0.0392,-0.4707,-0.0969
3.362989902496338,-0.1012,-0.0024,0.0218,0.0599,-0.4718,-0.0668
3.3631248474121094,-0.1012,-0.0023,0.0221,0.0504,-0.4728,-0.0409
3.3632497787475586,-0.1012,-0.002,0.0227,0.0667,-0.4738,0.0001
3.3633878231048584,-0.1012,-0.0014,0.0233,0.004,-0.4748,0.0051
3.3635220527648926,-0.1012,-0.0009,0.0225,-0.0639,-0.4758,-0.0394
3.363663673400879,-0.1013,-0.001,0.0219,0.0055,-0.4768,-0.0436
3.3638007640838623,-0.1013,-0.0012,0.0223,0.0235,-0.4778,-0.034
3.363939046859741,-0.1013,-0.0011,0.0221,0.0239,-0.4788,-0.0253
3.364072799682617,-0.1013,-0.001,0.0223,0.0492,-0.4799,0.0007
3.3642029762268066,-0.1013,-0.0007,0.0226,0.0588,-0.4809,0.0355
3.379683017730713,-0.1013,-0.0002,0.0231,0.0616,-0.4819,0.0757
3.517612934112549,-0.1013,0.0006,0.0237,0.0693,-0.4829,0.125
3.5177879333496094,-0.1012,0.0017,0.0244,0.0187,-0.4839,0.147
3.517927885055542,-0.1012,0.0026,0.0243,-0.0029,-0.4849,0.155
3.518049955368042,-0.1011,0.0033,0.0236,-0.1572,-0.4859,0.0583
3.51818585395813,-0.1011,0.0029,0.0219,-0.1008,-0.4869,-0.0145
3.518312931060791,-0.1011,0.0019,0.0207,-0.0293,-0.4879,-0.0502
3.518429756164551,-0.1011,0.0008,0.021,0.0769,-0.489,-0.0163
3.5185458660125732,-0.1011,0.0004,0.0221,0.0326,-0.49,-0.0037
3.5186638832092285,-0.1011,0.0003,0.0216,-0.0078,-0.491,-0.021
3.5187809467315674,-0.1011,-0.0,0.0221,0.0844,-0.492,0.0242
3.518903970718384,-0.1011,0.0002,0.0232,0.0524,-0.493,0.0569
3.519021987915039,-0.1011,0.0007,0.0233,0.0148,-0.494,0.0657
3.5191359519958496,-0.1011,0.0011,0.0234,0.0527,-0.495,0.0998
3.5192477703094482,-0.1011,0.0018,0.0241,0.0086,-0.496,0.1107
3.6398048400878906,-0.101,0.0023,0.0235,-0.0536,-0.497,0.0775
3.639981985092163,-0.101,0.0024,0.0237,-0.0969,-0.4981,0.0173
3.6401116847991943,-0.101,0.0018,0.0222,-0.1448,-0.4991,-0.0853
3.640238046646118,-0.101,0.0005,0.0208,-0.0592,-0.5001,-0.1431
3.6403608322143555,-0.1011,-0.0011,0.0207,0.0392,-0.5011,-0.1393
3.6404848098754883,-0.1011,-0.0021,0.0211,0.0072,-0.5021,-0.1544
3.640610933303833,-0.1012,-0.003,0.0213,0.1005,-0.5031,-0.1085
3.640728712081909,-0.1012,-0.0031,0.0228,0.1189,-0.5041,-0.0408
3.6408450603485107,-0.1012,-0.0026,0.0238,0.0822,-0.5051,0.0107
3.6409809589385986,-0.1012,-0.0017,0.0242,-0.041,-0.5061,-0.0142
3.6411309242248535,-0.1012,-0.0013,0.0227,-0.0512,-0.5072,-0.0565
3.641263723373413,-0.1012,-0.0015,0.0228,0.0804,-0.5082,-0.0136
3.764007806777954,-0.1012,-0.0012,0.0237,0.0877,-0.5092,0.041
3.7641847133636475,-0.1012,-0.0004,0.0242,0.0452,-0.5102,0.0719
3.764309883117676,-0.1012,0.0004,0.0245,0.0167,-0.5112,0.0865
3.764427900314331,-0.1012,0.0011,0.0244,0.0034,-0.5122,0.0925
3.764547109603882,-0.1011,0.0017,0.0242,0.0086,-0.5132,0.1003
3.764662981033325,-0.1011,0.0022,0.0249,-0.0339,-0.5142,0.0858
3.7647809982299805,-0.1011,0.0023,0.0237,-0.1416,-0.5153,-0.0068
3.7648980617523193,-0.1011,0.0016,0.0226,-0.0032,-0.5163,-0.0189
3.7650129795074463,-0.1011,0.0009,0.0229,0.0741,-0.5173,0.021
3.7651257514953613,-0.1011,0.0008,0.0236,0.0535,-0.5183,0.0518
3.765246868133545,-0.1011,0.0011,0.0239,0.062,-0.5193,0.0901
3.7653579711914062,-0.101,0.0016,0.0247,0.0813,-0.5203,0.147
3.765469789505005,-0.101,0.0026,0.0255,0.0545,-0.5213,0.1927
3.7796437740325928,-0.1009,0.0037,0.0258,-0.0246,-0.5223,0.1897
3.9039759635925293,-0.1009,0.0044,0.0244,-0.2129,-0.5233,0.0555
3.9041500091552734,-0.1008,0.0036,0.0218,-0.1677,-0.5243,-0.0687
3.904275894165039,-0.1009,0.0019,0.0208,0.0276,-0.5253,-0.0756
3.904392957687378,-0.1009,0.0006,0.0223,0.1299,-0.5264,-0.0065
3.90451979637146,-0.1009,0.0003,0.0233,0.0187,-0.5274,-0.0024
3.90464186668396,-0.1009,0.0002,0.0229,-0.0415,-0.5284,-0.0407
3.9047658443450928,-0.1009,-0.0002,0.0226,-0.0041,-0.5294,-0.0575
3.9048848152160645,-0.1009,-0.0007,0.0226,0.0003,-0.5304,-0.0719
3.905014991760254,-0.1009,-0.0012,0.0224,-0.0083,-0.5314,-0.0935
3.905137777328491,-0.101,-0.0018,0.0222,0.014,-0.5324,-0.1029
3.9052698612213135,-0.101,-0.0022,0.0221,0.0878,-0.5334,-0.0656
3.905397891998291,-0.101,-0.0022,0.0234,0.0969,-0.5344,-0.0134
3.9055397510528564,-0.101,-0.0017,0.0236,-0.0008,-0.5354,-0.0228
3.919640064239502,-0.101,-0.0014,0.0231,0.0124,-0.5365,-0.0279
4.0457069873809814,-0.101,-0.0012,0.0234,0.0777,-0.5375,0.0113
4.045883893966675,-0.101,-0.0008,0.0241,0.0825,-0.5385,0.0593
4.0460169315338135,-0.101,0.0,0.0248,0.0239,-0.5395,0.0746
4.046138763427734,-0.101,0.0008,0.0243,-0.0234,-0.5405,0.0561
4.046260833740234,-0.101,0.0011,0.0241,0.0228,-0.5415,0.066
4.046386957168579,-0.101,0.0014,0.0244,0.0079,-0.5425,0.0681
4.0465028285980225,-0.1009,0.0016,0.024,-0.0065,-0.5435,0.0583
4.046644926071167,-0.1009,0.0017,0.0241,-0.0433,-0.5445,0.0251
4.046763896942139,-0.1009,0.0014,0.0231,-0.067,-0.5455,-0.0314
4.046878814697266,-0.1009,0.0007,0.0228,0.0155,-0.5466,-0.0372
4.046993732452393,-0.1009,0.0001,0.0231,0.0104,-0.5476,-0.0447
4.047114849090576,-0.1009,-0.0003,0.0229,0.0202,-0.5486,-0.0478
4.047231912612915,-0.101,-0.0007,0.0233,0.0525,-0.5496,-0.0275
4.170132875442505,-0.101,-0.0008,0.024,0.0523,-0.5506,-0.0029
4.170317649841309,-0.101,-0.0006,0.0243,0.044,-0.5516,0.0186
4.170439958572388,-0.101,-0.0002,0.0248,0.0588,-0.5526,0.0529
4.170562982559204,-0.101,0.0004,0.0253,0.0548,-0.5536,0.0889
4.1706788539886475,-0.1009,0.0011,0.026,0.0467,-0.5546,0.1245
4.17079496383667,-0.1009,0.002,0.0261,-0.0201,-0.5556,0.1185
4.170912027359009,-0.1008,0.0026,0.0265,-0.0739,-0.5566,0.0807
4.171030044555664,-0.1008,0.0026,0.0249,-0.1636,-0.5577,-0.0268
4.1711506843566895,-0.1008,0.0015,0.0234,-0.0382,-0.5587,-0.0648
4.171277761459351,-0.1008,0.0004,0.0239,0.1162,-0.5597,-0.0003
4.171396732330322,-0.1008,0.0003,0.0253,0.0547,-0.5607,0.0337
4.171511888504028,-0.1008,0.0005,0.0254,-0.0274,-0.5617,0.0157
4.29463791847229,-0.1008,0.0005,0.025,-0.0281,-0.5627,-0.0058
4.294808864593506,-0.1008,0.0003,0.025,0.0056,-0.5637,-0.0062
4.2949488162994385,-0.1008,0.0002,0.0251,-0.0173,-0.5647,-0.0213
4.29507303237915,-0.1008,-0.0001,0.0246,-0.0299,-0.5657,-0.0481
4.295202970504761,-0.1009,-0.0005,0.0243,-0.0115,-0.5667,-0.0656
4.295324802398682,-0.1009,-0.001,0.0242,-0.0049,-0.5677,-0.0804
4.295444965362549,-0.1009,-0.0015,0.0242,-0.0033,-0.5687,-0.0947
4.295562982559204,-0.1009,-0.002,0.0226,0.0218,-0.5698,-0.1045
4.295681953430176,-0.101,-0.0024,0.0241,0.1819,-0.5708,-0.0008
4.295797824859619,-0.101,-0.0017,0.0254,0.0274,-0.5718,0.0122
4.295923948287964,-0.101,-0.0011,0.0248,-0.011,-0.5728,-0.0031
4.296039819717407,-0.101,-0.0008,0.025,0.0339,-0.5738,0.0119
4.296156883239746,-0.101,-0.0004,0.0252,0.0721,-0.5748,0.0532
4.418968677520752,-0.1009,0.0002,0.026,0.0996,-0.5758,0.1176
4.419143915176392,-0.1009,0.0013,0.0269,0.0866,-0.5768,0.181
4.419268846511841,-0.1008,0.0027,0.0278,0.0707,-0.5778,0.2413
4.419390916824341,-0.1008,0.0042,0.0288,-0.11,-0.5788,0.1927
4.419510841369629,-0.1007,0.0048,0.0262,-0.3258,-0.5798,-0.0138
4.41963005065918,-0.1007,0.0033,0.0226,-0.1556,-0.5809,-0.1374
4.419745922088623,-0.1008,0.0009,0.022,0.0396,-0.5819,-0.1408
4.419862985610962,-0.1008,-0.0007,0.023,0.0948,-0.5829,-0.1031
4.419981002807617,-0.1008,-0.0015,0.0237,0.0595,-0.5839,-0.0836
4.420098066329956,-0.1009,-0.0019,0.0241,0.131,-0.5849,-0.0152
4.420212984085083,-0.1009,-0.0015,0.0263,0.1654,-0.5859,0.0911
4.420329809188843,-0.1008,-0.0001,0.0275,-0.0126,-0.5869,0.0915
4.556087970733643,-0.1008,0.0008,0.0264,-0.0654,-0.5879,0.0502
4.556241750717163,-0.1008,0.001,0.0262,0.0032,-0.5889,0.052
4.556375980377197,-0.1008,0.0012,0.0263,-0.0263,-0.5899,0.0352
4.556515693664551,-0.1008,0.0012,0.0258,-0.0766,-0.5909,-0.0177
4.556650876998901,-0.1008,0.0007,0.025,-0.054,-0.5919,-0.0629
4.5567779541015625,-0.1008,-0.0001,0.0246,-0.043,-0.593,-0.1047
4.5569047927856445,-0.1008,-0.0011,0.0241,-0.0159,-0.594,-0.1331
4.557027101516724,-0.1009,-0.0021,0.024,0.0147,-0.595,-0.1437
4.557150840759277,-0.1009,-0.0029,0.0232,0.0685,-0.596,-0.1258
4.5572710037231445,-0.101,-0.0032,0.0248,0.1637,-0.597,-0.0351
4.557389736175537,-0.101,-0.0026,0.0261,0.083,-0.598,0.0131
4.557504892349243,-0.101,-0.0017,0.0268,0.0717,-0.599,0.0589
4.557622909545898,-0.1009,-0.0006,0.0273,-0.0194,-0.6,0.0501
4.557736873626709,-0.1009,0.0001,0.0265,-0.0343,-0.601,0.0258
4.664865016937256,-0.1009,0.0003,0.0263,0.0127,-0.602,0.0305
4.6650450229644775,-0.1009,0.0005,0.0261,-0.0403,-0.603,-0.0004
4.665169954299927,-0.1009,0.0003,0.0255,-0.0431,-0.6041,-0.0379
4.6652936935424805,-0.1009,-0.0001,0.0252,-0.0097,-0.6051,-0.0565
4.665413856506348,-0.1009,-0.0006,0.0249,0.0026,-0.6061,-0.0699
4.665532827377319,-0.101,-0.0011,0.025,0.0282,-0.6071,-0.0664
4.665651798248291,-0.101,-0.0014,0.0252,0.0334,-0.6081,-0.0585
4.66576886177063,-0.101,-0.0016,0.0254,0.0435,-0.6091,-0.0429
4.665887832641602,-0.101,-0.0015,0.026,0.054,-0.6101,-0.0163
4.6660027503967285,-0.101,-0.0012,0.0267,0.1422,-0.6111,0.0723
4.666118860244751,-0.101,-0.0002,0.0284,0.1181,-0.6121,0.1579
4.67962908744812,-0.1009,0.0014,0.0291,0.0717,-0.6131,0.2189
4.790544748306274,-0.1009,0.0031,0.03,0.0425,-0.6141,0.2689
4.790726900100708,-0.1008,0.0048,0.0297,-0.2015,-0.6152,0.1597
4.790870904922485,-0.1007,0.0049,0.0262,-0.2939,-0.6162,-0.0342
4.791014909744263,-0.1007,0.0031,0.0233,-0.1152,-0.6172,-0.1347
4.791144847869873,-0.1008,0.0009,0.0233,0.1303,-0.6182,-0.0784
4.7912819385528564,-0.1008,-0.0002,0.0252,0.1024,-0.6192,-0.0278
4.791416645050049,-0.1008,-0.0004,0.0255,0.0184,-0.6202,-0.0293
4.791545867919922,-0.1008,-0.0006,0.0255,0.0571,-0.6212,-0.0064
4.79167103767395,-0.1008,-0.0004,0.0267,0.1188,-0.6222,0.0648
4.7917938232421875,-0.1008,0.0003,0.0279,0.0351,-0.6232,0.0908
4.791918754577637,-0.1008,0.0011,0.0273,-0.0682,-0.6242,0.0464
4.905703783035278,-0.1008,0.0012,0.0269,-0.0016,-0.6252,0.042
4.905884742736816,-0.1008,0.0013,0.0273,-0.0135,-0.6262,0.032
4.9060118198394775,-0.1007,0.0012,0.0266,-0.0778,-0.6273,-0.0242
4.9061360359191895,-0.1008,0.0006,0.0259,-0.0383,-0.6283,-0.0606
4.90625786781311,-0.1008,-0.0002,0.0256,-0.0247,-0.6293,-0.091
4.906393766403198,-0.1008,-0.001,0.0252,-0.0005,-0.6303,-0.1094
4.906520843505859,-0.1008,-0.0018,0.0253,0.0146,-0.6313,-0.1181
4.906639814376831,-0.1009,-0.0024,0.0255,0.1001,-0.6323,-0.0713
4.906774044036865,-0.1009,-0.0024,0.027,0.1118,-0.6333,-0.006
4.9068920612335205,-0.1009,-0.0017,0.0276,0.0834,-0.6343,0.0451
4.907007932662964,-0.1009,-0.0008,0.0283,0.113,-0.6353,0.121
4.907121896743774,-0.1008,0.0006,0.0298,0.0813,-0.6363,0.1877
5.018280982971191,-0.1008,0.0023,0.0298,-0.0461,-0.6373,0.1733
5.018459796905518,-0.1007,0.0033,0.0293,-0.1437,-0.6383,0.0925
5.018594980239868,-0.1007,0.0032,0.0268,-0.2141,-0.6393,-0.0523
5.018718957901001,-0.1007,0.0017,0.025,-0.0743,-0.6404,-0.1204
5.018837928771973,-0.1008,0.0,0.0244,0.0206,-0.6414,-0.133
5.018957853317261,-0.1008,-0.0013,0.025,0.0813,-0.6424,-0.1027
5.019076824188232,-0.1008,-0.0019,0.0255,0.0934,-0.6434,-0.062
5.019192695617676,-0.1009,-0.0019,0.0268,0.1719,-0.6444,0.0389
5.019311904907227,-0.1008,-0.001,0.0289,0.0853,-0.6454,0.0989
5.019428730010986,-0.1008,0.0003,0.029,-0.0623,-0.6464,0.065
5.019543886184692,-0.1008,0.0008,0.0281,-0.0255,-0.6474,0.0483
5.131031036376953,-0.1008,0.0011,0.0283,0.0183,-0.6484,0.0612
5.131205797195435,-0.1008,0.0013,0.0284,-0.0423,-0.6494,0.0354
5.131333827972412,-0.1007,0.0013,0.0276,-0.0635,-0.6504,-0.0096
5.131462812423706,-0.1007,0.0008,0.0271,-0.0303,-0.6514,-0.0376
5.131584882736206,-0.1008,0.0002,0.0268,-0.0034,-0.6525,-0.0507
5.131704807281494,-0.1008,-0.0004,0.0272,0.0248,-0.6535,-0.0434
5.131823778152466,-0.1008,-0.0007,0.0275,0.0026,-0.6545,-0.0491
5.131944894790649,-0.1008,-0.001,0.0274,0.0216,-0.6555,-0.0433
5.132070779800415,-0.1008,-0.0011,0.0277,0.0296,-0.6565,-0.0306
5.132199764251709,-0.1008,-0.0011,0.0278,0.0082,-0.6575,-0.0309
5.132322072982788,-0.1008,-0.001,0.0278,0.0163,-0.6585,-0.0262
5.244888782501221,-0.1008,-0.001,0.0283,0.0303,-0.6595,-0.0096
5.245055913925171,-0.1008,-0.0008,0.0285,0.0172,-0.6605,0.0003
5.245185852050781,-0.1008,-0.0005,0.0284,0.0196,-0.6615,0.0108
5.245306730270386,-0.1008,-0.0003,0.0287,0.0456,-0.6625,0.04
5.245427846908569,-0.1008,0.0002,0.0289,0.032,-0.6635,0.0619
5.245544910430908,-0.1008,0.0007,0.0291,0.0083,-0.6645,0.0705
5.245666027069092,-0.1008,0.0012,0.0288,-0.0123,-0.6656,0.0637
5.245792865753174,-0.1008,0.0015,0.0287,-0.0021,-0.6666,0.0625
5.245906829833984,-0.1007,0.0016,0.0286,0.0018,-0.6676,0.0632
5.246044874191284,-0.1007,0.0018,0.0284,-0.0126,-0.6686,0.0533
5.246173858642578,-0.1007,0.0018,0.0277,-0.1351,-0.6696,-0.0416
5.246290922164917,-0.1007,0.0008,0.0262,-0.0423,-0.6706,-0.088
5.356589078903198,-0.1008,-0.0003,0.0268,0.0159,-0.6716,-0.0936
5.356759071350098,-0.1008,-0.0011,0.0261,-0.0162,-0.6726,-0.1254
5.35688591003418,-0.1008,-0.002,0.0264,0.0643,-0.6736,-0.1039
5.357008934020996,-0.1009,-0.0024,0.0273,0.1445,-0.6746,-0.0245
5.357128858566284,-0.1009,-0.0019,0.0289,0.0993,-0.6756,0.0373
5.357247829437256,-0.1009,-0.001,0.0297,0.0151,-0.6766,0.0508
5.35736870765686,-0.1008,-0.0002,0.0293,-0.0591,-0.6777,0.0133
5.3574888706207275,-0.1008,-0.0,0.0285,-0.0309,-0.6787,-0.0113
5.3576109409332275,-0.1008,-0.0001,0.0284,-0.0161,-0.6797,-0.0275
5.357745885848999,-0.1008,-0.0003,0.0278,-0.0178,-0.6807,-0.0492
5.357864856719971,-0.1009,-0.0007,0.028,0.0376,-0.6817,-0.0348
5.4819440841674805,-0.1009,-0.0008,0.0283,0.0074,-0.6827,-0.0375
5.482120990753174,-0.1009,-0.001,0.028,0.0079,-0.6837,-0.0424
5.482251882553101,-0.1009,-0.0011,0.0282,0.0412,-0.6847,-0.0247
5.48237681388855,-0.1009,-0.001,0.0287,0.028,-0.6857,-0.0123
5.482497930526733,-0.1009,-0.0008,0.0289,0.0212,-0.6867,-0.0033
5.482616662979126,-0.1009,-0.0006,0.0292,0.0435,-0.6877,0.0226
5.482733964920044,-0.1009,-0.0002,0.0295,0.0399,-0.6887,0.0481
5.482851028442383,-0.1009,0.0003,0.03,0.0359,-0.6898,0.0749
5.482968091964722,-0.1009,0.001,0.03,-0.0191,-0.6908,0.0664
5.483083963394165,-0.1008,0.0013,0.0297,0.0016,-0.6918,0.069
5.483198881149292,-0.1008,0.0016,0.0299,0.0152,-0.6928,0.0821
5.483316898345947,-0.1008,0.0019,0.0294,-0.1374,-0.6938,-0.0073
5.593902826309204,-0.1008,0.0013,0.0275,-0.0656,-0.6948,-0.0647
5.594067811965942,-0.1008,0.0003,0.0279,0.0244,-0.6958,-0.0621
5.594196796417236,-0.1008,-0.0004,0.0276,-0.0247,-0.6968,-0.0937
5.594320774078369,-0.1009,-0.0012,0.0275,0.038,-0.6978,-0.0863
5.594441890716553,-0.1009,-0.0017,0.0283,0.0504,-0.6988,-0.0661
5.594560861587524,-0.1009,-0.0018,0.0287,0.0816,-0.6998,-0.0225
5.59467887878418,-0.1009,-0.0015,0.0296,0.0644,-0.7009,0.016
5.5947959423065186,-0.1009,-0.0009,0.0302,0.0384,-0.7019,0.0421
5.594913959503174,-0.1009,-0.0002,0.0303,-0.0145,-0.7029,0.035
5.595028877258301,-0.1009,0.0002,0.0299,-0.0091,-0.7039,0.0287
5.595149040222168,-0.1009,0.0004,0.0297,-0.0089,-0.7049,0.0211
5.595267057418823,-0.1009,0.0005,0.0292,-0.0337,-0.7059,-0.0061
5.705200910568237,-0.1009,0.0003,0.029,-0.0205,-0.7069,-0.027
5.70538067817688,-0.1009,-0.0001,0.0289,-0.0207,-0.7079,-0.049
5.705508708953857,-0.1009,-0.0005,0.0285,-0.0197,-0.7089,-0.0738
5.705632925033569,-0.1009,-0.0011,0.0285,0.0187,-0.7099,-0.0746
5.70575475692749,-0.101,-0.0015,0.0287,0.0215,-0.7109,-0.0726
5.705874919891357,-0.101,-0.0017,0.0287,0.0184,-0.712,-0.0728
5.705996036529541,-0.101,-0.0019,0.0284,0.1109,-0.713,-0.0158
5.706114053726196,-0.101,-0.0015,0.0306,0.1706,-0.714,0.0955
5.706232070922852,-0.101,-0.0001,0.0315,0.0427,-0.715,0.1314
5.706345796585083,-0.1009,0.0012,0.0319,0.0306,-0.716,0.1628
5.7064619064331055,-0.1009,0.0024,0.0319,-0.0374,-0.717,0.1512
5.817149877548218,-0.1008,0.0032,0.0308,-0.1721,-0.718,0.0445
5.817344903945923,-0.1008,0.0027,0.0288,-0.1357,-0.719,-0.0533
5.817475080490112,-0.1008,0.0013,0.0274,-0.0742,-0.72,-0.1226
5.81759786605835,-0.1009,-0.0003,0.027,0.0567,-0.721,-0.111
5.817718029022217,-0.1009,-0.0013,0.0281,0.064,-0.722,-0.0879
5.8178369998931885,-0.1009,-0.0017,0.0277,0.0393,-0.7231,-0.0841
5.817954063415527,-0.101,-0.002,0.0285,0.1586,-0.7241,0.0021
5.818069934844971,-0.101,-0.0014,0.0307,0.1052,-0.7251,0.0692
5.818188905715942,-0.1009,-0.0003,0.0309,-0.0626,-0.7261,0.0303
5.818306922912598,-0.1009,0.0001,0.0298,-0.0435,-0.7271,-0.0041
5.8184239864349365,-0.1009,0.0,0.0298,-0.0014,-0.7281,-0.0118
5.927897691726685,-0.1009,-0.0001,0.0296,-0.0494,-0.7291,-0.0519
5.928059816360474,-0.101,-0.0006,0.0286,-0.0379,-0.7301,-0.0923
5.928189754486084,-0.101,-0.0013,0.0288,0.0409,-0.7311,-0.0815
5.928312063217163,-0.101,-0.0017,0.0291,0.0208,-0.7321,-0.0816
5.928430795669556,-0.101,-0.002,0.0291,0.0116,-0.7331,-0.0885
5.928549766540527,-0.1011,-0.0023,0.0288,0.1354,-0.7342,-0.0176
5.92866587638855,-0.1011,-0.0018,0.0309,0.1583,-0.7352,0.0834
5.928781032562256,-0.101,-0.0004,0.0318,0.0448,-0.7362,0.1176
5.928900718688965,-0.101,0.0009,0.0319,-0.0219,-0.7372,0.1102
5.9290149211883545,-0.101,0.0017,0.0313,-0.0386,-0.7382,0.088
5.929134845733643,-0.1009,0.002,0.0309,-0.104,-0.7392,0.021
6.038258790969849,-0.1009,0.0016,0.0293,-0.1167,-0.7402,-0.0666
6.038437843322754,-0.101,0.0005,0.0283,0.0182,-0.7412,-0.0747
6.038566827774048,-0.101,-0.0004,0.0292,0.0977,-0.7422,-0.0259
6.038691759109497,-0.101,-0.0005,0.03,0.0368,-0.7432,-0.0112
6.038809776306152,-0.101,-0.0005,0.0301,0.034,-0.7443,0.0026
6.038927793502808,-0.101,-0.0003,0.0308,0.064,-0.7453,0.0402
6.039057731628418,-0.101,0.0002,0.0312,-0.0065,-0.7463,0.0353
6.03917384147644,-0.101,0.0005,0.0309,0.0016,-0.7473,0.0337
6.03928804397583,-0.101,0.0007,0.0312,0.009,-0.7483,0.0387
6.039406776428223,-0.1009,0.0008,0.0311,-0.0149,-0.7493,0.0278
6.0395348072052,-0.1009,0.0009,0.0309,-0.0187,-0.7503,0.0126
6.149690866470337,-0.1009,0.0007,0.0305,-0.0229,-0.7513,-0.0084
6.149848699569702,-0.1009,0.0004,0.0304,-0.0185,-0.7523,-0.0281
6.149982929229736,-0.1009,0.0,0.0301,-0.0113,-0.7533,-0.0454
6.150106906890869,-0.101,-0.0004,0.0301,0.0099,-0.7544,-0.0499
6.150230884552002,-0.101,-0.0008,0.0303,0.013,-0.7554,-0.0516
6.150354862213135,-0.101,-0.0011,0.0307,0.0108,-0.7564,-0.0521
6.150475025177002,-0.101,-0.0012,0.0306,0.0074,-0.7574,-0.0557
6.150600910186768,-0.101,-0.0014,0.0301,0.0549,-0.7584,-0.0324
6.150719881057739,-0.101,-0.0013,0.0316,0.1114,-0.7594,0.0379
6.150838851928711,-0.101,-0.0005,0.0322,0.0044,-0.7604,0.0435
6.150951862335205,-0.101,0.0,0.0316,0.0162,-0.7614,0.0529
6.26218581199646,-0.101,0.0005,0.0322,0.0826,-0.7624,0.1094
6.267601728439331,-0.101,0.0014,0.0331,-0.0098,-0.7634,0.1132
6.2677366733551025,-0.1009,0.0021,0.032,-0.0647,-0.7645,0.0739
6.2678608894348145,-0.1009,0.0022,0.0314,-0.1005,-0.7655,0.007
6.272046089172363,-0.1009,0.0016,0.0301,-0.0918,-0.7665,-0.0646
6.272167921066284,-0.1009,0.0005,0.0292,0.0019,-0.7675,-0.083
6.2722978591918945,-0.1009,-0.0005,0.0298,0.0571,-0.7685,-0.0622
6.272420883178711,-0.101,-0.0009,0.0303,0.0392,-0.7695,-0.05
6.272540807723999,-0.101,-0.0011,0.0305,0.0448,-0.7705,-0.0332
6.2726569175720215,-0.101,-0.0011,0.0309,0.0743,-0.7715,0.0057
6.272772789001465,-0.101,-0.0007,0.0318,0.0804,-0.7725,0.0548
6.272886037826538,-0.101,0.0,0.0323,0.0568,-0.7735,0.0928
6.386656999588013,-0.1009,0.0009,0.033,0.0623,-0.7745,0.1392
6.386812925338745,-0.1009,0.002,0.0336,0.0078,-0.7756,0.1553
6.386941909790039,-0.1008,0.0029,0.033,-0.0458,-0.7766,0.133
6.387061834335327,-0.1008,0.0033,0.032,-0.1875,-0.7776,0.0117
6.387181997299194,-0.1008,0.0025,0.0301,-0.1221,-0.7786,-0.0815
6.387302875518799,-0.1008,0.0009,0.0292,-0.0639,-0.7796,-0.145
6.3874218463897705,-0.1009,-0.0008,0.0285,0.0066,-0.7806,-0.1692
6.387540817260742,-0.1009,-0.0022,0.029,0.054,-0.7816,-0.16
6.387660980224609,-0.101,-0.0031,0.0297,0.1517,-0.7826,-0.0839
6.387778997421265,-0.101,-0.003,0.0319,0.1986,-0.7836,0.0386
6.3878960609436035,-0.101,-0.0017,0.0337,0.119,-0.7846,0.1231
6.388014793395996,-0.101,0.0,0.0345,-0.0338,-0.7856,0.1151
6.5004799365997314,-0.1009,0.0011,0.0333,-0.0803,-0.7867,0.0695
6.500649929046631,-0.1009,0.0015,0.0333,-0.0387,-0.7877,0.0502
6.500779867172241,-0.1009,0.0015,0.0325,-0.1319,-0.7887,-0.0353
6.500901699066162,-0.1009,0.0007,0.0305,-0.1045,-0.7897,-0.1178
6.501022815704346,-0.1009,-0.0006,0.03,0.0528,-0.7907,-0.1032
6.501143932342529,-0.101,-0.0015,0.0311,0.0584,-0.7917,-0.0781
6.501262664794922,-0.101,-0.0018,0.0312,0.0067,-0.7927,-0.0859
6.501379728317261,-0.101,-0.0021,0.0318,0.1586,-0.7937,0.0084
6.501497745513916,-0.101,-0.0014,0.0337,0.124,-0.7947,0.0936
6.501617908477783,-0.101,-0.0001,0.0343,-0.0215,-0.7957,0.0897
6.501733779907227,-0.1009,0.0008,0.0334,-0.0519,-0.7967,0.0607
6.62443995475769,-0.1009,0.0012,0.0331,-0.0014,-0.7978,0.0622
6.624629020690918,-0.1009,0.0014,0.0333,-0.041,-0.7988,0.0393
6.624756813049316,-0.1009,0.0014,0.0322,-0.098,-0.7998,-0.029
6.624884843826294,-0.1009,0.0007,0.0314,-0.0446,-0.8008,-0.0692
6.6250059604644775,-0.1009,-0.0002,0.031,0.0076,-0.8018,-0.0791
6.62512469291687,-0.101,-0.0009,0.0314,0.0473,-0.8028,-0.0614
6.625243902206421,-0.101,-0.0012,0.0317,0.0279,-0.8038,-0.0541
6.625366926193237,-0.101,-0.0014,0.0318,0.0324,-0.8048,-0.0434
6.62548303604126,-0.101,-0.0014,0.0321,0.0837,-0.8058,0.0023
6.625604867935181,-0.101,-0.001,0.0333,0.0885,-0.8068,0.0598
6.625743865966797,-0.101,-0.0001,0.0338,0.0366,-0.8079,0.0872
6.625880002975464,-0.101,0.0008,0.0341,0.0647,-0.8089,0.1356
6.625999689102173,-0.1009,0.0019,0.035,0.01,-0.8099,0.1552
6.737462997436523,-0.1009,0.0028,0.0348,-0.065,-0.8109,0.1259
6.737677812576294,-0.1008,0.0032,0.0335,-0.1815,-0.8119,0.012
6.737803936004639,-0.1008,0.0024,0.032,-0.1093,-0.8129,-0.0672
6.7379279136657715,-0.1008,0.001,0.0309,-0.0842,-0.8139,-0.1392
6.738050937652588,-0.1009,-0.0007,0.0299,-0.0017,-0.8149,-0.1663
6.7381696701049805,-0.1009,-0.0021,0.0305,0.0481,-0.8159,-0.1579
6.738296031951904,-0.101,-0.003,0.0305,0.1314,-0.8169,-0.0966
6.738424062728882,-0.101,-0.003,0.0326,0.1962,-0.8179,0.0216
6.738539934158325,-0.101,-0.0019,0.034,0.1105,-0.819,0.095
6.738670110702515,-0.101,-0.0004,0.0347,-0.0014,-0.82,0.1019
6.738785028457642,-0.101,0.0007,0.0339,-0.0672,-0.821,0.0608
6.852601766586304,-0.1009,0.0011,0.0332,-0.0286,-0.822,0.0398
6.852768898010254,-0.1009,0.0011,0.033,-0.0373,-0.823,0.0113
6.852913856506348,-0.1009,0.0009,0.0326,-0.056,-0.824,-0.0328
6.853035926818848,-0.1009,0.0003,0.0319,-0.0576,-0.825,-0.0831
6.853160858154297,-0.101,-0.0006,0.0314,-0.0485,-0.826,-0.1318
6.853282928466797,-0.101,-0.0017,0.0307,-0.0094,-0.827,-0.1612
6.853400707244873,-0.101,-0.0028,0.031,0.0697,-0.828,-0.1388
6.853518724441528,-0.1011,-0.0033,0.0315,0.18,-0.8291,-0.0414
6.853636741638184,-0.1011,-0.0027,0.0345,0.1886,-0.8301,0.083
6.8537538051605225,-0.1011,-0.0011,0.0351,0.0565,-0.8311,0.1271
6.853870868682861,-0.101,0.0005,0.0359,0.1377,-0.8321,0.2298
6.853991746902466,-0.101,0.0026,0.0374,0.004,-0.8331,0.2582
6.967642784118652,-0.1009,0.0043,0.0361,-0.2499,-0.8341,0.1138
6.967812776565552,-0.1008,0.0041,0.0328,-0.2608,-0.8351,-0.0609
6.967936992645264,-0.1009,0.0023,0.0311,-0.0923,-0.8361,-0.1405
6.968065023422241,-0.1009,0.0002,0.0301,-0.006,-0.8371,-0.1732
6.96818470954895,-0.101,-0.0015,0.0304,0.0924,-0.8381,-0.1415
6.9683027267456055,-0.101,-0.0024,0.0316,0.1707,-0.8391,-0.0517
6.968419790267944,-0.101,-0.0022,0.0342,0.1736,-0.8402,0.0584
6.968535900115967,-0.101,-0.001,0.035,0.0744,-0.8412,0.1113
6.968649864196777,-0.101,0.0004,0.0359,0.0897,-0.8422,0.1812
6.968780040740967,-0.1009,0.002,0.0366,-0.0329,-0.8432,0.1777
6.9689037799835205,-0.1009,0.0032,0.0361,-0.1605,-0.8442,0.0888
7.084861755371094,-0.1008,0.0031,0.0336,-0.2178,-0.8452,-0.0558
7.0850348472595215,-0.1008,0.0016,0.032,-0.1043,-0.8462,-0.1392
7.085181951522827,-0.1009,-0.0002,0.0311,-0.0071,-0.8472,-0.1682
7.0853188037872314,-0.1009,-0.0018,0.0316,0.0649,-0.8482,-0.1483
7.0854408740997314,-0.101,-0.0027,0.0321,0.1295,-0.8492,-0.084
7.085556983947754,-0.101,-0.0027,0.034,0.1654,-0.8503,0.017
7.085673809051514,-0.101,-0.0017,0.0353,0.0992,-0.8513,0.0848
7.08578896522522,-0.101,-0.0004,0.0363,0.0238,-0.8523,0.1117
7.085903882980347,-0.101,0.0008,0.0357,-0.0587,-0.8533,0.0818
7.08601975440979,-0.1009,0.0014,0.035,-0.0311,-0.8543,0.065
7.08614706993103,-0.1009,0.0016,0.0347,-0.027,-0.8553,0.0487
7.086270809173584,-0.1009,0.0016,0.0337,-0.1271,-0.8563,-0.0401
7.203010082244873,-0.1009,0.0007,0.0323,-0.0783,-0.8573,-0.1079
7.203194856643677,-0.1009,-0.0005,0.0316,-0.0014,-0.8583,-0.1321
7.203322887420654,-0.101,-0.0017,0.0317,0.0549,-0.8593,-0.12
7.203445911407471,-0.101,-0.0023,0.0314,0.0764,-0.8603,-0.0974
7.20356297492981,-0.101,-0.0026,0.0328,0.1866,-0.8614,0.0065
7.203687906265259,-0.101,-0.0017,0.0351,0.0629,-0.8624,0.0471
7.203809976577759,-0.101,-0.0008,0.0344,-0.1608,-0.8634,-0.0613
7.203929662704468,-0.1011,-0.0011,0.0325,-0.0515,-0.8644,-0.1133
7.2040488719940186,-0.1011,-0.0019,0.0332,0.1002,-0.8654,-0.0629
7.204165697097778,-0.1011,-0.0019,0.0341,0.0348,-0.8664,-0.0488
7.204282760620117,-0.1011,-0.0018,0.0338,0.0252,-0.8674,-0.0431
7.204396963119507,-0.1011,-0.0017,0.0342,0.08,-0.8684,0.0009
7.3207268714904785,-0.1011,-0.0012,0.0351,0.0749,-0.8694,0.0484
7.320904970169067,-0.1011,-0.0004,0.0356,0.005,-0.8705,0.0545
7.321032762527466,-0.1011,0.0003,0.0352,-0.0283,-0.8715,0.0361
7.321152925491333,-0.1011,0.0005,0.0351,0.0286,-0.8725,0.0535
7.321269989013672,-0.1011,0.0009,0.0354,0.0151,-0.8735,0.0643
7.321392774581909,-0.1011,0.0013,0.0352,-0.0347,-0.8745,0.0416
7.321508884429932,-0.101,0.0013,0.0345,-0.0253,-0.8755,0.0201
7.321635723114014,-0.101,0.0011,0.0347,0.0004,-0.8765,0.0164
7.321754693984985,-0.101,0.0009,0.0346,-0.0325,-0.8775,-0.01
7.321873903274536,-0.101,0.0006,0.034,-0.0453,-0.8785,-0.0494
7.32199764251709,-0.101,-0.0001,0.0337,0.0174,-0.8796,-0.0513
7.438593864440918,-0.1011,-0.0006,0.0341,0.0296,-0.8806,-0.0427
7.438769817352295,-0.1011,-0.0008,0.0342,-0.0009,-0.8816,-0.0537
7.438896894454956,-0.1011,-0.0011,0.0342,0.0087,-0.8826,-0.0587
7.439020872116089,-0.1011,-0.0013,0.0344,0.0276,-0.8836,-0.05
7.439141750335693,-0.1011,-0.0014,0.0345,0.0629,-0.8846,-0.0185
7.439260959625244,-0.1011,-0.0012,0.0355,0.0579,-0.8856,0.0172
7.439380884170532,-0.1011,-0.0007,0.0356,-0.0024,-0.8866,0.0142
7.439497947692871,-0.1011,-0.0003,0.0355,0.0338,-0.8876,0.0342
7.439612865447998,-0.1011,0.0001,0.0362,0.0448,-0.8887,0.0664
7.439748764038086,-0.1011,0.0007,0.0362,-0.0347,-0.8897,0.047
7.43987774848938,-0.1011,0.001,0.0356,-0.0177,-0.8907,0.0349
7.4400129318237305,-0.1011,0.001,0.0355,-0.0034,-0.8917,0.0308
7.569644927978516,-0.1011,0.001,0.0354,-0.0139,-0.8927,0.0188
7.569805860519409,-0.1011,0.0009,0.0352,-0.0189,-0.8937,0.0021
7.569931983947754,-0.1011,0.0006,0.0351,-0.0085,-0.8947,-0.0094
7.570050001144409,-0.1011,0.0004,0.0349,-0.0106,-0.8957,-0.0239
7.5701680183410645,-0.1011,0.0,0.0346,0.0011,-0.8967,-0.0333
7.57028603553772,-0.1011,-0.0003,0.0347,0.034,-0.8977,-0.0209
7.570403099060059,-0.1011,-0.0004,0.035,0.0336,-0.8988,-0.0073
7.570518970489502,-0.1011,-0.0004,0.0351,0.0154,-0.8998,-0.0046
7.5706329345703125,-0.1011,-0.0003,0.0352,0.0314,-0.9008,0.009
7.570746898651123,-0.1011,-0.0001,0.0355,0.0389,-0.9018,0.0296
7.570858001708984,-0.1011,0.0002,0.0358,0.0319,-0.9028,0.0474
7.570968866348267,-0.1011,0.0006,0.0361,0.0364,-0.9038,0.07
7.571081876754761,-0.101,0.0011,0.0365,0.0288,-0.9048,0.0911
7.688841819763184,-0.101,0.0017,0.0366,-0.0054,-0.9058,0.0907
7.689032793045044,-0.101,0.002,0.0363,0.0096,-0.9068,0.0984
7.689159870147705,-0.1009,0.0024,0.0359,-0.1304,-0.9079,0.0127
7.689285755157471,-0.1009,0.0018,0.034,-0.0891,-0.9089,-0.0607
7.689410924911499,-0.101,0.0007,0.0337,0.0084,-0.9099,-0.0743
7.68953275680542,-0.101,-0.0003,0.0338,0.0389,-0.9109,-0.0684
7.689650774002075,-0.101,-0.0008,0.0342,0.0488,-0.9119,-0.0537
7.6897687911987305,-0.101,-0.0011,0.0349,0.0355,-0.9129,-0.0435
7.689888954162598,-0.101,-0.0012,0.035,0.0476,-0.9139,-0.0248
7.690007925033569,-0.101,-0.0011,0.0354,0.0673,-0.9149,0.0095
7.690122842788696,-0.101,-0.0007,0.0359,0.0523,-0.9159,0.0379
7.690243721008301,-0.101,-0.0001,0.0364,0.0232,-0.9169,0.0511
7.811344861984253,-0.101,0.0004,0.0362,-0.0223,-0.918,0.0335
7.811527967453003,-0.101,0.0006,0.0359,0.0036,-0.919,0.0303
7.811650991439819,-0.101,0.0007,0.0359,-0.0071,-0.92,0.0203
7.81177282333374,-0.101,0.0007,0.0355,-0.023,-0.921,-0.0031
7.811896085739136,-0.101,0.0005,0.0353,-0.0014,-0.922,-0.0143
7.812023878097534,-0.101,0.0002,0.0352,-0.007,-0.923,-0.0303
7.812150955200195,-0.101,-0.0002,0.035,-0.0259,-0.924,-0.0607
7.8122780323028564,-0.101,-0.0007,0.0345,-0.004,-0.925,-0.0811
7.812396049499512,-0.101,-0.0013,0.0346,0.0307,-0.926,-0.0788
7.812533855438232,-0.1011,-0.0017,0.0349,0.024,-0.927,-0.0789
7.812664747238159,-0.1011,-0.0019,0.0351,0.0151,-0.9281,-0.0843
7.812800884246826,-0.1011,-0.0022,0.036,0.1763,-0.9291,0.0207
7.933145761489868,-0.1011,-0.0013,0.0379,0.1065,-0.9301,0.0943
7.933329820632935,-0.1011,-0.0,0.0384,0.0464,-0.9311,0.1337
7.933464765548706,-0.101,0.0013,0.0387,-0.0165,-0.9321,0.1351
7.933586835861206,-0.101,0.0022,0.0387,-0.0807,-0.9331,0.0952
7.933703899383545,-0.101,0.0025,0.0369,-0.1265,-0.9341,0.0133
7.933832883834839,-0.101,0.0019,0.036,-0.0547,-0.9351,-0.0294
7.933954954147339,-0.101,0.001,0.0358,-0.0771,-0.9361,-0.0891
7.934074878692627,-0.101,-0.0002,0.0343,-0.0478,-0.9371,-0.1412
7.934203863143921,-0.101,-0.0015,0.0346,0.0633,-0.9382,-0.1204
7.934340715408325,-0.1011,-0.0022,0.0354,0.0388,-0.9392,-0.1106
7.934491872787476,-0.1011,-0.0026,0.0349,0.1254,-0.9402,-0.0487
7.9346208572387695,-0.1011,-0.0023,0.0373,0.202,-0.9412,0.0796
7.934776067733765,-0.1011,-0.0008,0.0389,-0.0262,-0.9422,0.0725
8.055819988250732,-0.1011,0.0001,0.0372,-0.1493,-0.9432,-0.0263
8.056005716323853,-0.1011,-0.0002,0.0363,-0.0153,-0.9442,-0.0451
8.056135892868042,-0.1011,-0.0006,0.0364,0.0054,-0.9452,-0.0503
8.056262731552124,-0.1011,-0.0009,0.0363,0.0106,-0.9462,-0.0533
8.056390762329102,-0.1011,-0.0011,0.0367,0.0452,-0.9473,-0.0317
8.056517839431763,-0.1012,-0.0011,0.0369,0.0371,-0.9483,-0.0134
8.056640863418579,-0.1012,-0.0009,0.0372,0.0408,-0.9493,0.0089
8.05676007270813,-0.1012,-0.0005,0.0375,-0.0009,-0.9503,0.0065
8.056886911392212,-0.1012,-0.0003,0.037,-0.0182,-0.9513,-0.0105
8.05700397491455,-0.1012,-0.0003,0.0369,0.0244,-0.9523,-0.001
8.057119846343994,-0.1012,-0.0002,0.0371,0.0347,-0.9533,0.0166
8.057235956192017,-0.1012,-0.0,0.0373,0.0306,-0.9543,0.0323
8.179186820983887,-0.1011,0.0003,0.0375,0.0472,-0.9553,0.0602
8.179353713989258,-0.1011,0.0008,0.0381,0.0585,-0.9564,0.0998
8.179478883743286,-0.1011,0.0015,0.0384,0.0447,-0.9574,0.1335
8.179597854614258,-0.101,0.0024,0.039,0.0263,-0.9584,0.1595
8.179726839065552,-0.101,0.0032,0.0398,-0.0596,-0.9594,0.1364
8.179850816726685,-0.101,0.0036,0.0382,-0.1549,-0.9604,0.0402
8.17999792098999,-0.1009,0.0029,0.0368,-0.1011,-0.9614,-0.0319
8.1801278591156,-0.101,0.0017,0.0356,-0.0582,-0.9624,-0.0858
8.180253982543945,-0.101,0.0004,0.0357,0.0659,-0.9634,-0.0604
8.180389881134033,-0.101,-0.0003,0.0365,0.0395,-0.9644,-0.0467
8.18051290512085,-0.101,-0.0007,0.0365,0.0116,-0.9654,-0.0514
8.180654764175415,-0.101,-0.001,0.0367,0.0521,-0.9665,-0.029
8.301716804504395,-0.101,-0.001,0.0373,0.0327,-0.9675,-0.0149
8.30188798904419,-0.101,-0.0008,0.0373,0.0188,-0.9685,-0.0103
8.302016973495483,-0.101,-0.0007,0.0376,0.0501,-0.9695,0.0167
8.302137851715088,-0.101,-0.0003,0.0381,0.0457,-0.9705,0.0446
8.302253007888794,-0.101,0.0002,0.0386,0.0032,-0.9715,0.0483
8.30238389968872,-0.101,0.0006,0.0382,-0.0269,-0.9725,0.0302
8.30250072479248,-0.101,0.0007,0.0381,0.0172,-0.9735,0.0397
8.302616834640503,-0.101,0.0009,0.0384,0.0014,-0.9745,0.0405
8.302731037139893,-0.101,0.001,0.0378,-0.0399,-0.9756,0.0108
8.302850008010864,-0.101,0.0008,0.0375,-0.009,-0.9766,-0.0018
8.30296802520752,-0.101,0.0006,0.0375,-0.0045,-0.9776,-0.0121
8.303093910217285,-0.101,0.0003,0.0373,-0.0221,-0.9786,-0.0354
8.42570686340332,-0.101,-0.0002,0.0369,-0.0171,-0.9796,-0.0587
8.425895929336548,-0.101,-0.0007,0.0366,-0.017,-0.9806,-0.0845
8.42602276802063,-0.101,-0.0013,0.0362,0.0146,-0.9816,-0.0934
8.426146030426025,-0.1011,-0.0018,0.0366,0.042,-0.9826,-0.0826
8.426268815994263,-0.1011,-0.0021,0.0363,0.1117,-0.9836,-0.0294
8.426385879516602,-0.1011,-0.0017,0.0382,0.1611,-0.9846,0.0693
8.426501750946045,-0.1011,-0.0005,0.0392,0.0528,-0.9857,0.1058
8.4266197681427,-0.101,0.0007,0.0394,-0.0014,-0.9867,0.1092
8.426745891571045,-0.101,0.0015,0.039,-0.0339,-0.9877,0.0892
8.426865816116333,-0.101,0.0019,0.0389,-0.0728,-0.9887,0.0434
8.427001714706421,-0.101,0.0018,0.0375,-0.1032,-0.9897,-0.032
8.427137851715088,-0.101,0.0009,0.0366,-0.002,-0.9907,-0.0497
8.427271842956543,-0.101,0.0002,0.0373,0.0801,-0.9917,-0.0096
8.561100959777832,-0.101,0.0,0.0378,0.0335,-0.9927,0.0031
8.561278820037842,-0.101,0.0,0.038,0.0447,-0.9937,0.0243
8.561415910720825,-0.101,0.0003,0.0386,0.0684,-0.9947,0.0652
8.561551809310913,-0.101,0.0008,0.0393,0.0492,-0.9958,0.0992
8.561670780181885,-0.1009,0.0015,0.0396,-0.0012,-0.9968,0.1029
8.56178879737854,-0.1009,0.0021,0.0394,-0.0069,-0.9978,0.1015
8.561912059783936,-0.1009,0.0024,0.0394,0.0042,-0.9988,0.1074
8.562025785446167,-0.1008,0.0028,0.0389,-0.1644,-0.9998,0.001
8.562145948410034,-0.1008,0.0019,0.0368,-0.1203,-1.0008,-0.0929
8.562290906906128,-0.1009,0.0005,0.036,0.0187,-1.0018,-0.1038
8.562435865402222,-0.1009,-0.0007,0.0367,0.0712,-1.0028,-0.0772
8.56256890296936,-0.1009,-0.0012,0.037,0.0048,-1.0038,-0.0915
8.562705755233765,-0.101,-0.0018,0.0373,0.0938,-1.0048,-0.0471
8.67209792137146,-0.101,-0.0017,0.0384,0.0886,-1.0058,0.0019
8.672273874282837,-0.101,-0.0012,0.0392,-0.0053,-1.0069,-0.0043
8.672411918640137,-0.101,-0.0009,0.0385,-0.0742,-1.0079,-0.0601
8.672538757324219,-0.101,-0.0012,0.0376,-0.039,-1.0089,-0.0998
8.672660827636719,-0.101,-0.0018,0.0374,-0.0319,-1.0099,-0.137
8.672780990600586,-0.1011,-0.0026,0.0368,-0.0623,-1.0109,-0.199
8.672899723052979,-0.1011,-0.0038,0.0358,0.0358,-1.0119,-0.2056
8.673016786575317,-0.1012,-0.0046,0.0374,0.2566,-1.0129,-0.059
8.67313289642334,-0.1012,-0.0038,0.0402,0.2524,-1.0139,0.1056
8.673250913619995,-0.1012,-0.0016,0.0425,0.0194,-1.0149,0.137
8.673369884490967,-0.1011,0.0002,0.0408,-0.166,-1.016,0.0372
8.782382726669312,-0.1011,0.0005,0.0396,-0.0098,-1.017,0.0296
8.782551050186157,-0.1011,0.0006,0.0402,-0.0077,-1.018,0.0276
8.782675981521606,-0.1011,0.0007,0.0392,-0.0287,-1.019,0.005
8.782796859741211,-0.1011,0.0005,0.0394,0.0789,-1.02,0.053
8.782912015914917,-0.1011,0.0009,0.0405,0.0437,-1.021,0.0858
8.78302788734436,-0.1011,0.0015,0.0404,-0.0001,-1.022,0.0899
8.783150672912598,-0.101,0.0019,0.0405,0.0143,-1.023,0.1041
8.7832670211792,-0.101,0.0023,0.0414,-0.043,-1.024,0.0878
8.783384799957275,-0.101,0.0025,0.0395,-0.181,-1.025,-0.0311
8.78350281715393,-0.101,0.0014,0.0381,-0.0494,-1.0261,-0.0763
8.783617973327637,-0.101,0.0003,0.0379,0.0866,-1.0271,-0.0361
8.892037868499756,-0.101,-0.0002,0.0392,0.1149,-1.0281,0.0315
8.892217874526978,-0.101,0.0002,0.0402,0.0287,-1.0291,0.0507
8.892350912094116,-0.101,0.0006,0.0403,-0.0202,-1.0301,0.0386
8.892472743988037,-0.101,0.0008,0.04,-0.0029,-1.0311,0.0359
8.892596960067749,-0.101,0.0009,0.0402,-0.0257,-1.0321,0.0196
8.892718076705933,-0.101,0.0008,0.0397,-0.052,-1.0331,-0.0177
8.892839908599854,-0.101,0.0004,0.0391,-0.035,-1.0341,-0.0484
8.89296293258667,-0.101,-0.0002,0.0388,-0.037,-1.0351,-0.0835
8.893085956573486,-0.101,-0.0009,0.0383,-0.0185,-1.0362,-0.1109
8.89320707321167,-0.101,-0.0017,0.0382,0.0044,-1.0372,-0.1251
8.893327713012695,-0.1011,-0.0024,0.0374,0.0214,-1.0382,-0.1348
9.002115726470947,-0.1011,-0.003,0.0384,0.1611,-1.0392,-0.0475
9.002306938171387,-0.1011,-0.0026,0.0397,0.0973,-1.0402,0.0083
9.002434015274048,-0.1011,-0.0017,0.0405,0.0858,-1.0412,0.0623
9.00256085395813,-0.1011,-0.0006,0.0414,0.0071,-1.0422,0.0723
9.002684831619263,-0.1011,0.0003,0.0405,-0.0487,-1.0432,0.0403
9.002802848815918,-0.1011,0.0006,0.0401,0.0155,-1.0442,0.0471
9.00292181968689,-0.1011,0.0009,0.0403,-0.0227,-1.0453,0.0304
9.00304102897644,-0.1011,0.0009,0.0397,-0.0346,-1.0463,0.0017
9.003156900405884,-0.1011,0.0007,0.0394,0.0056,-1.0473,-0.0034
9.00327181816101,-0.1011,0.0004,0.0396,0.0381,-1.0483,0.0131
9.003395080566406,-0.1011,0.0004,0.04,0.036,-1.0493,0.0307
9.114261865615845,-0.101,0.0006,0.0402,0.0208,-1.0503,0.0402
9.114442825317383,-0.101,0.0008,0.0403,0.0082,-1.0513,0.0422
9.114567756652832,-0.101,0.001,0.0403,0.0078,-1.0523,0.0439
9.114684820175171,-0.101,0.0011,0.0404,0.0104,-1.0533,0.0475
9.114806890487671,-0.101,0.0012,0.0405,0.0087,-1.0543,0.0507
9.11493182182312,-0.101,0.0014,0.0407,-0.0359,-1.0554,0.0262
9.11506986618042,-0.101,0.0012,0.0399,-0.0417,-1.0564,-0.008
9.115187883377075,-0.101,0.0008,0.0397,0.0083,-1.0574,-0.0119
9.115306854248047,-0.101,0.0004,0.04,-0.0215,-1.0584,-0.0331
9.115448713302612,-0.101,-0.0,0.0395,-0.0532,-1.0594,-0.0789
9.115577697753906,-0.101,-0.0008,0.0389,-0.0231,-1.0604,-0.1106
9.115712881088257,-0.101,-0.0016,0.0389,0.0327,-1.0614,-0.1067
9.22856879234314,-0.1011,-0.0022,0.0396,0.0144,-1.0624,-0.1103
9.228750705718994,-0.1011,-0.0026,0.0401,0.1422,-1.0634,-0.0278
9.228878736495972,-0.1011,-0.0021,0.042,0.1093,-1.0644,0.047
9.22901177406311,-0.1011,-0.001,0.0426,-0.0466,-1.0655,0.0255
9.229135751724243,-0.1011,-0.0005,0.0412,-0.1013,-1.0665,-0.041
9.229259014129639,-0.1011,-0.0007,0.0405,-0.0365,-1.0675,-0.071
9.229381799697876,-0.1011,-0.0012,0.0403,-0.0306,-1.0685,-0.0997
9.229505062103271,-0.1012,-0.0018,0.0398,-0.0038,-1.0695,-0.1148
9.22962474822998,-0.1012,-0.0024,0.0398,0.0268,-1.0705,-0.111
9.22975468635559,-0.1012,-0.0028,0.0395,0.0958,-1.0715,-0.0649
9.229881763458252,-0.1013,-0.0026,0.0414,0.1642,-1.0725,0.0385
9.34172797203064,-0.1012,-0.0014,0.0428,0.048,-1.0736,0.0774
9.341907978057861,-0.1012,-0.0002,0.0423,-0.0959,-1.0746,0.0203
9.342038869857788,-0.1012,0.0,0.0412,-0.0431,-1.0756,-0.0109
9.342161893844604,-0.1012,-0.0001,0.0411,0.0139,-1.0766,-0.0062
9.342294931411743,-0.1012,-0.0001,0.0411,0.0239,-1.0776,0.0052
9.342413663864136,-0.1012,-0.0,0.0413,0.0298,-1.0786,0.0213
9.342529058456421,-0.1012,0.0002,0.0415,0.0263,-1.0796,0.0366
9.342642784118652,-0.1012,0.0005,0.0416,0.0308,-1.0806,0.0559
9.342755794525146,-0.1012,0.0009,0.042,0.0188,-1.0817,0.0703
9.342870950698853,-0.1012,0.0013,0.0419,-0.0034,-1.0827,0.0696
9.342995882034302,-0.1011,0.0016,0.0418,0.0054,-1.0837,0.0734
9.45397400856018,-0.1011,0.0018,0.042,-0.0943,-1.0847,0.0142
9.4541597366333,-0.1011,0.0014,0.0402,-0.0951,-1.0857,-0.059
9.454287767410278,-0.1011,0.0004,0.0399,0.0034,-1.0867,-0.0715
9.454415798187256,-0.1011,-0.0004,0.0401,-0.0327,-1.0877,-0.1067
9.454537868499756,-0.1012,-0.0013,0.0394,0.0236,-1.0887,-0.1112
9.454656839370728,-0.1012,-0.002,0.0404,0.0731,-1.0897,-0.0773
9.454777717590332,-0.1012,-0.0022,0.0414,0.1225,-1.0908,-0.0045
9.454894781112671,-0.1012,-0.0016,0.0426,0.068,-1.0918,0.0418
9.455022096633911,-0.1012,-0.0007,0.0429,-0.0054,-1.0928,0.0433
9.455143928527832,-0.1012,-0.0001,0.0425,-0.0325,-1.0938,0.0247
9.455260753631592,-0.1012,0.0002,0.0422,-0.0283,-1.0948,0.0061
9.455378770828247,-0.1012,0.0002,0.0417,-0.0418,-1.0958,-0.0247
9.567364692687988,-0.1012,-0.0001,0.0411,-0.0523,-1.0968,-0.0671
9.567548751831055,-0.1012,-0.0007,0.0406,-0.0158,-1.0978,-0.0904
9.567680835723877,-0.1013,-0.0014,0.0406,0.0138,-1.0989,-0.0948
9.567800045013428,-0.1013,-0.0019,0.0406,0.0031,-1.0999,-0.1071
9.567920923233032,-0.1013,-0.0024,0.0397,0.0266,-1.1009,-0.1106
9.568038940429688,-0.1014,-0.0027,0.041,0.178,-1.1019,-0.0077
9.568159818649292,-0.1014,-0.002,0.0425,0.0719,-1.1029,0.0377
9.568275928497314,-0.1014,-0.001,0.0422,0.0195,-1.1039,0.0473
9.568390846252441,-0.1013,-0.0003,0.0424,0.1098,-1.1049,0.1175
9.56850290298462,-0.1013,0.001,0.044,0.1278,-1.1059,0.2111
9.568636894226074,-0.1012,0.0027,0.0445,-0.0157,-1.107,0.2167
9.693489789962769,-0.1012,0.004,0.0441,-0.169,-1.108,0.1208
9.693668842315674,-0.1011,0.004,0.0415,-0.2115,-1.109,-0.0216
9.693816661834717,-0.1011,0.0026,0.0394,-0.0329,-1.11,-0.0645
9.693939924240112,-0.1012,0.0012,0.0403,0.1411,-1.111,0.0104
9.694055795669556,-0.1012,0.0009,0.0417,0.078,-1.112,0.0538
9.694169759750366,-0.1011,0.0012,0.0421,0.0548,-1.113,0.0851
9.694283962249756,-0.1011,0.0017,0.043,0.0591,-1.114,0.1258
9.6943998336792,-0.1011,0.0024,0.0432,-0.017,-1.1151,0.1188
9.694515943527222,-0.101,0.0028,0.0426,-0.0273,-1.1161,0.1014
9.69463586807251,-0.101,0.003,0.0422,-0.1454,-1.1171,0.0042
9.694770812988281,-0.101,0.0021,0.0402,-0.136,-1.1181,-0.1019
9.694905757904053,-0.101,0.0005,0.0391,0.0359,-1.1191,-0.1062
9.695040941238403,-0.1011,-0.0007,0.0404,0.0962,-1.1201,-0.063
9.8086678981781,-0.1011,-0.0011,0.0409,0.0404,-1.1211,-0.0527
9.808834075927734,-0.1011,-0.0013,0.0416,0.0984,-1.1221,-0.0003
9.80895471572876,-0.1011,-0.0009,0.043,0.0753,-1.1231,0.0471
9.80908489227295,-0.1011,-0.0002,0.0431,-0.064,-1.1241,0.0053
9.80920696258545,-0.1011,-0.0001,0.0421,-0.0294,-1.1252,-0.0217
9.809325933456421,-0.1011,-0.0003,0.0422,0.026,-1.1262,-0.012
9.809446811676025,-0.1011,-0.0003,0.0422,-0.0223,-1.1272,-0.0339
9.809567928314209,-0.1011,-0.0005,0.0417,0.006,-1.1282,-0.0418
9.809699058532715,-0.1011,-0.0008,0.042,0.0391,-1.1292,-0.0264
9.809827089309692,-0.1011,-0.0008,0.0422,0.0279,-1.1302,-0.0169
9.809973955154419,-0.1011,-0.0007,0.0423,0.024,-1.1312,-0.0093
9.923248767852783,-0.1011,-0.0006,0.0425,0.0356,-1.1322,0.0072
9.92342495918274,-0.1011,-0.0004,0.0428,0.031,-1.1332,0.0224
9.923571825027466,-0.1011,-0.0,0.043,0.0052,-1.1343,0.0223
9.92369794845581,-0.1011,0.0002,0.0428,0.0132,-1.1353,0.0259
9.923816919326782,-0.1011,0.0004,0.043,0.0188,-1.1363,0.0344
9.923941850662231,-0.1011,0.0006,0.043,0.0151,-1.1373,0.0406
9.924071788787842,-0.1011,0.0008,0.0432,0.0122,-1.1383,0.0462
9.924186706542969,-0.1011,0.001,0.0431,0.0146,-1.1393,0.0528
9.924299955368042,-0.1011,0.0012,0.0434,0.0256,-1.1403,0.0684
9.924415826797485,-0.101,0.0015,0.0436,-0.0535,-1.1413,0.0341
9.924529790878296,-0.101,0.0014,0.0425,-0.0261,-1.1423,0.0097
9.924648761749268,-0.101,0.0011,0.0428,0.0432,-1.1434,0.0317
10.037811994552612,-0.101,0.0011,0.0432,-0.0162,-1.1444,0.0182
10.03800082206726,-0.101,0.0009,0.0427,-0.039,-1.1454,-0.0142
10.038130760192871,-0.101,0.0005,0.0424,-0.002,-1.1464,-0.0253
10.038248777389526,-0.101,0.0001,0.0426,0.0401,-1.1474,-0.0082
10.038364887237549,-0.101,-0.0,0.043,0.0264,-1.1484,0.0024
10.038481950759888,-0.101,0.0,0.043,0.0048,-1.1494,-0.0009
10.038596868515015,-0.101,0.0,0.0429,0.0183,-1.1504,0.0038
10.038709878921509,-0.101,0.0,0.0434,0.0315,-1.1514,0.02
10.038830041885376,-0.101,0.0002,0.0436,0.009,-1.1524,0.0231
10.038951873779297,-0.101,0.0004,0.0437,0.0138,-1.1535,0.0297
10.03907299041748,-0.101,0.0006,0.0438,-0.0099,-1.1545,0.0215
10.154549837112427,-0.101,0.0006,0.0435,-0.0158,-1.1555,0.0075
10.154724836349487,-0.101,0.0005,0.0433,-0.0016,-1.1565,0.0012
10.154871940612793,-0.101,0.0004,0.0432,-0.0037,-1.1575,-0.0076
10.15499496459961,-0.101,0.0002,0.0429,-0.0029,-1.1585,-0.0188
10.15511703491211,-0.101,-0.0001,0.043,0.0119,-1.1595,-0.02
10.155237913131714,-0.101,-0.0002,0.043,0.0167,-1.1605,-0.0181
10.15535593032837,-0.101,-0.0003,0.0432,0.015,-1.1615,-0.0161
10.155473947525024,-0.101,-0.0004,0.0434,0.0116,-1.1625,-0.0156
10.15559196472168,-0.101,-0.0004,0.0432,0.0216,-1.1636,-0.0099
10.15570878982544,-0.101,-0.0004,0.0433,0.0216,-1.1646,-0.0038
10.155824899673462,-0.101,-0.0003,0.0433,0.0375,-1.1656,0.0125
10.155948877334595,-0.101,-0.0001,0.0435,0.0307,-1.1666,0.0258
10.272350788116455,-0.101,0.0002,0.0438,0.0368,-1.1676,0.0448
10.272536754608154,-0.101,0.0006,0.044,0.0038,-1.1686,0.0437
10.272657871246338,-0.101,0.0008,0.0439,0.0102,-1.1696,0.0463
10.27277684211731,-0.101,0.001,0.044,0.0372,-1.1706,0.0669
10.27289080619812,-0.1009,0.0014,0.0443,0.0087,-1.1716,0.071
10.273006677627563,-0.1009,0.0017,0.0446,-0.0107,-1.1726,0.0652
10.273125886917114,-0.1009,0.0018,0.0438,-0.1001,-1.1737,-0.0048
10.27324390411377,-0.1009,0.0012,0.0432,0.0152,-1.1747,-0.0046
10.273370742797852,-0.1009,0.0008,0.0439,0.02,-1.1757,0.0031
10.273488759994507,-0.1009,0.0006,0.0434,-0.0619,-1.1767,-0.0464
10.273619890213013,-0.1009,-0.0,0.0428,0.0086,-1.1777,-0.0553
10.38951587677002,-0.1009,-0.0006,0.0435,0.0488,-1.1787,-0.0338
10.38971495628357,-0.1009,-0.0007,0.0439,0.0124,-1.1797,-0.033
10.389853954315186,-0.101,-0.0008,0.0438,0.0088,-1.1807,-0.0358
10.389991760253906,-0.101,-0.0009,0.044,0.0318,-1.1817,-0.0227
10.390116691589355,-0.101,-0.0009,0.0443,0.0148,-1.1827,-0.0183
10.390249967575073,-0.101,-0.0008,0.0443,0.0163,-1.1837,-0.0133
10.390367984771729,-0.101,-0.0007,0.0445,0.0302,-1.1848,0.0018
10.390483856201172,-0.101,-0.0005,0.0447,0.0182,-1.1858,0.0109
10.390607833862305,-0.101,-0.0002,0.0447,0.0206,-1.1868,0.0215
10.390720844268799,-0.101,0.0001,0.0448,0.02,-1.1878,0.0322
10.39084005355835,-0.101,0.0004,0.0451,0.0282,-1.1888,0.0502
10.390964984893799,-0.1009,0.0007,0.0453,0.0206,-1.1898,0.065
10.506195783615112,-0.1009,0.0012,0.045,-0.0135,-1.1908,0.0557
10.506365776062012,-0.1009,0.0013,0.0448,-0.0135,-1.1918,0.0448
10.506484985351562,-0.1009,0.0014,0.0449,0.0088,-1.1928,0.0487
10.506609916687012,-0.1009,0.0014,0.0448,-0.0114,-1.1938,0.039
10.506727933883667,-0.1009,0.0014,0.0446,-0.0025,-1.1948,0.033
10.506845951080322,-0.1008,0.0013,0.044,-0.1005,-1.1959,-0.0406
10.506964921951294,-0.1009,0.0005,0.0431,-0.0154,-1.1969,-0.0667
10.50709080696106,-0.1009,-0.0003,0.0435,0.0052,-1.1979,-0.0771
10.507220983505249,-0.1009,-0.001,0.043,-0.0652,-1.1989,-0.1376
10.50734281539917,-0.101,-0.002,0.0423,0.0256,-1.1999,-0.1452
10.507473945617676,-0.101,-0.0028,0.0428,0.1381,-1.2009,-0.0776
10.507600784301758,-0.101,-0.0027,0.045,0.1626,-1.2019,0.0216
10.622501850128174,-0.101,-0.0017,0.0462,0.0481,-1.2029,0.0557
10.622662782669067,-0.101,-0.0006,0.0462,0.0857,-1.2039,0.1152
10.622783899307251,-0.101,0.0007,0.048,0.1044,-1.2049,0.2
10.62290096282959,-0.1009,0.0024,0.0481,-0.0393,-1.206,0.1934
10.623019933700562,-0.1008,0.0036,0.0477,-0.1485,-1.207,0.1142
10.623138904571533,-0.1008,0.0036,0.0454,-0.2031,-1.208,-0.0171
10.623258829116821,-0.1008,0.0024,0.0436,-0.0824,-1.209,-0.0845
10.62337589263916,-0.1008,0.0008,0.0435,0.0817,-1.21,-0.0472
10.62348985671997,-0.1008,0.0001,0.0445,0.0479,-1.211,-0.0256
10.623610734939575,-0.1009,-0.0002,0.0447,0.0254,-1.212,-0.0178
10.623729944229126,-0.1009,-0.0003,0.0451,0.0756,-1.213,0.0251
10.62384295463562,-0.1009,0.0,0.046,0.0202,-1.214,0.0384
10.750009775161743,-0.1008,0.0004,0.0454,-0.0373,-1.215,0.0105
10.750170707702637,-0.1008,0.0004,0.0453,0.0234,-1.216,0.0208
10.750298738479614,-0.1008,0.0005,0.0457,-0.0106,-1.217,0.0119
10.750420808792114,-0.1008,0.0004,0.045,-0.0504,-1.2181,-0.028
10.750542879104614,-0.1008,0.0,0.0448,-0.0037,-1.2191,-0.0395
10.750666856765747,-0.1008,-0.0004,0.0447,-0.0282,-1.2201,-0.0679
10.750788688659668,-0.1009,-0.0009,0.0442,-0.043,-1.2211,-0.1103
10.750909805297852,-0.1009,-0.0017,0.0438,-0.0338,-1.2221,-0.1501
10.751029014587402,-0.101,-0.0027,0.0437,0.0103,-1.2231,-0.1629
10.751145839691162,-0.101,-0.0035,0.0439,0.1473,-1.2241,-0.0865
10.751261949539185,-0.101,-0.0033,0.0461,0.1875,-1.2251,0.031
10.751376867294312,-0.101,-0.002,0.0476,0.1173,-1.2261,0.1145
10.86609411239624,-0.101,-0.0003,0.048,-0.0225,-1.2271,0.1119
10.866286754608154,-0.101,0.0009,0.0471,-0.0612,-1.2281,0.0778
10.866419792175293,-0.1009,0.0014,0.0468,-0.0098,-1.2292,0.0755
10.866542100906372,-0.1009,0.0017,0.0467,-0.0855,-1.2302,0.0233
10.866662740707397,-0.1009,0.0014,0.0452,-0.0878,-1.2312,-0.0414
10.866779804229736,-0.1009,0.0006,0.0445,0.0326,-1.2322,-0.0343
10.86689305305481,-0.1009,0.0001,0.0456,0.0671,-1.2332,0.0025
10.867008924484253,-0.1009,0.0001,0.0456,0.0063,-1.2342,-0.0004
10.86712384223938,-0.1009,0.0001,0.0456,0.0613,-1.2352,0.0319
10.867255926132202,-0.1009,0.0003,0.0465,0.0696,-1.2362,0.0764
10.86737585067749,-0.1009,0.001,0.047,0.042,-1.2372,0.1068
10.867502689361572,-0.1008,0.0017,0.0474,0.0332,-1.2382,0.1345
10.98323678970337,-0.1008,0.0025,0.0474,-0.0057,-1.2392,0.1376
10.983427047729492,-0.1008,0.0031,0.0479,-0.0754,-1.2403,0.0996
10.983555793762207,-0.1007,0.0031,0.046,-0.1822,-1.2413,-0.0216
10.983678817749023,-0.1007,0.002,0.0444,-0.073,-1.2423,-0.0848
10.98379898071289,-0.1008,0.0006,0.0443,-0.0762,-1.2433,-0.1518
10.983922958374023,-0.1008,-0.0011,0.0429,-0.0435,-1.2443,-0.209
10.984042882919312,-0.1009,-0.0028,0.043,0.0764,-1.2453,-0.1896
10.984160900115967,-0.1009,-0.0038,0.0446,0.2159,-1.2463,-0.069
10.98427700996399,-0.101,-0.0033,0.0471,0.1942,-1.2473,0.0551
10.984392881393433,-0.1009,-0.0018,0.0488,0.0086,-1.2483,0.072
10.984513998031616,-0.1009,-0.0006,0.0475,-0.152,-1.2493,-0.0236
10.984633684158325,-0.1009,-0.0006,0.0459,-0.0538,-1.2503,-0.067
11.099523067474365,-0.101,-0.0011,0.0458,0.0068,-1.2513,-0.0728
11.099706888198853,-0.101,-0.0015,0.0459,-0.001,-1.2524,-0.0833
11.09983777999878,-0.101,-0.0018,0.0456,0.0168,-1.2534,-0.0845
11.099958896636963,-0.101,-0.0021,0.0462,0.0435,-1.2544,-0.0647
11.100087881088257,-0.1011,-0.0021,0.0466,0.0908,-1.2554,-0.0118
11.100205898284912,-0.1011,-0.0016,0.0476,0.0789,-1.2564,0.0404
11.100322008132935,-0.101,-0.0007,0.048,0.0652,-1.2574,0.087
11.100435972213745,-0.101,0.0003,0.0484,0.0134,-1.2584,0.1035
11.100551843643188,-0.101,0.0012,0.0481,-0.0227,-1.2594,0.0948
11.100665807723999,-0.1009,0.0018,0.0477,0.0103,-1.2604,0.1047
11.100780963897705,-0.1009,0.0023,0.0476,-0.1028,-1.2614,0.0408
11.216882944107056,-0.1009,0.002,0.0461,-0.0622,-1.2625,-0.0077
11.217039823532104,-0.1009,0.0013,0.0458,0.0569,-1.2635,0.0183
11.217164993286133,-0.1009,0.0011,0.0471,0.119,-1.2645,0.0929
11.217283725738525,-0.1009,0.0017,0.0478,0.06,-1.2655,0.1346
11.217400074005127,-0.1008,0.0025,0.0482,0.0324,-1.2665,0.1621
11.217518091201782,-0.1008,0.0033,0.0483,-0.0014,-1.2675,0.1686
11.217634916305542,-0.1007,0.004,0.0483,-0.1381,-1.2685,0.0869
11.21775484085083,-0.1007,0.0036,0.046,-0.209,-1.2695,-0.0572
11.217872858047485,-0.1007,0.002,0.0443,-0.15,-1.2705,-0.177
11.217997789382935,-0.1008,-0.0003,0.0432,0.0256,-1.2715,-0.193
11.218118906021118,-0.1008,-0.0021,0.0436,0.1114,-1.2725,-0.1517
11.218242883682251,-0.1009,-0.003,0.0453,0.2,-1.2735,-0.0421
11.335143804550171,-0.1009,-0.0025,0.0473,0.1398,-1.2746,0.0427
11.335320711135864,-0.1009,-0.0013,0.0486,0.0275,-1.2756,0.0646
11.335450887680054,-0.1009,-0.0003,0.0478,-0.082,-1.2766,0.0108
11.33557391166687,-0.1009,-0.0001,0.0472,-0.0233,-1.2776,-0.0096
11.335702896118164,-0.1009,-0.0002,0.0471,-0.037,-1.2786,-0.0393
11.335824728012085,-0.1009,-0.0005,0.0464,-0.0798,-1.2796,-0.1024
11.335947036743164,-0.1009,-0.0013,0.0454,-0.0154,-1.2806,-0.132
11.33606505393982,-0.1009,-0.0022,0.046,0.0377,-1.2816,-0.1237
11.336183071136475,-0.101,-0.0028,0.0461,0.0103,-1.2826,-0.1327
11.33630108833313,-0.101,-0.0032,0.0469,0.1739,-1.2836,-0.031
11.336424827575684,-0.101,-0.0026,0.0491,0.1602,-1.2846,0.0781
11.33653974533081,-0.101,-0.001,0.05,0.1042,-1.2857,0.1578
11.452024698257446,-0.101,0.0008,0.0513,0.0997,-1.2867,0.2448
11.452193975448608,-0.1009,0.003,0.0515,-0.0614,-1.2877,0.2304
11.452319860458374,-0.1008,0.0043,0.0497,-0.2271,-1.2887,0.0969
11.452443838119507,-0.1008,0.004,0.0467,-0.1947,-1.2897,-0.0375
11.452565908432007,-0.1008,0.0024,0.0459,-0.0582,-1.2907,-0.091
11.452685832977295,-0.1008,0.0008,0.0451,-0.0269,-1.2917,-0.1314
11.452806949615479,-0.1009,-0.0007,0.0452,0.0736,-1.2927,-0.1068
11.45292592048645,-0.1009,-0.0015,0.0461,0.0728,-1.2937,-0.0776
11.453044891357422,-0.1009,-0.0018,0.0466,0.1381,-1.2947,-0.0024
11.453159809112549,-0.1009,-0.0013,0.0487,0.1499,-1.2957,0.095
11.453275918960571,-0.1009,0.0,0.0497,-0.0155,-1.2968,0.0933
11.573226928710938,-0.1009,0.0009,0.0484,-0.0564,-1.2978,0.0567
11.573392868041992,-0.1008,0.0012,0.0482,0.0087,-1.2988,0.0606
11.573519706726074,-0.1008,0.0014,0.0484,-0.0322,-1.2998,0.0393
11.573642015457153,-0.1008,0.0014,0.0473,-0.0919,-1.3008,-0.0286
11.57376480102539,-0.1008,0.0007,0.0468,-0.041,-1.3018,-0.0682
11.573884963989258,-0.1008,-0.0002,0.0464,-0.0378,-1.3028,-0.1095
11.574002981185913,-0.1009,-0.0012,0.0459,0.0011,-1.3038,-0.1295
11.57412075996399,-0.1009,-0.0021,0.0463,0.0372,-1.3048,-0.1246
11.57423996925354,-0.101,-0.0027,0.0463,0.1164,-1.3058,-0.0692
11.57435393333435,-0.101,-0.0026,0.0481,0.1511,-1.3068,0.0214
11.57447075843811,-0.101,-0.0016,0.0487,0.0204,-1.3078,0.0325
11.574586868286133,-0.101,-0.0008,0.0483,0.0589,-1.3089,0.0661
11.574701070785522,-0.1009,0.0001,0.05,0.0898,-1.3099,0.1318
11.703012704849243,-0.1009,0.0013,0.0499,-0.047,-1.3109,0.1089
11.703185796737671,-0.1009,0.002,0.049,-0.0265,-1.3119,0.0933
11.703319072723389,-0.1008,0.0023,0.05,-0.0343,-1.3129,0.0798
11.703441858291626,-0.1008,0.0024,0.0484,-0.1645,-1.3139,-0.0293
11.703562021255493,-0.1008,0.0014,0.0465,-0.0247,-1.3149,-0.063
11.70367980003357,-0.1008,0.0004,0.0473,0.1093,-1.3159,-0.0049
11.703794956207275,-0.1008,0.0002,0.0485,0.0455,-1.3169,0.0201
11.703914880752563,-0.1008,0.0003,0.0483,0.031,-1.3179,0.0344
11.704032897949219,-0.1008,0.0006,0.049,0.0691,-1.3189,0.0781
11.704145908355713,-0.1008,0.0012,0.0496,0.007,-1.32,0.0858
11.70426893234253,-0.1008,0.0017,0.0493,-0.0078,-1.321,0.0821
11.704383850097656,-0.1007,0.002,0.0492,0.0043,-1.322,0.0855
11.704500913619995,-0.1007,0.0022,0.0501,-0.0363,-1.323,0.0693
11.823333740234375,-0.1007,0.0022,0.0487,-0.1389,-1.324,-0.0234
11.823501825332642,-0.1007,0.0013,0.0475,-0.0482,-1.325,-0.0669
11.82363486289978,-0.1007,0.0003,0.0472,-0.0016,-1.326,-0.0839
11.823760747909546,-0.1007,-0.0006,0.0472,0.0419,-1.327,-0.0734
11.823884963989258,-0.1008,-0.0012,0.0478,0.0319,-1.328,-0.0652
11.82400894165039,-0.1008,-0.0014,0.0476,0.026,-1.329,-0.0631
11.824127912521362,-0.1008,-0.0016,0.0484,0.0897,-1.33,-0.0143
11.824243783950806,-0.1008,-0.0013,0.0492,0.0444,-1.331,0.0109
11.824358940124512,-0.1008,-0.0008,0.0494,0.0071,-1.332,0.0134
11.824483871459961,-0.1008,-0.0004,0.0492,-0.0237,-1.333,-0.0057
11.82460069656372,-0.1008,-0.0004,0.0489,0.0012,-1.3341,-0.0109
11.824719905853271,-0.1008,-0.0004,0.0489,0.0063,-1.3351,-0.0127
11.94664192199707,-0.1008,-0.0004,0.0486,-0.0045,-1.3361,-0.0238
11.946817874908447,-0.1008,-0.0005,0.0487,0.0304,-1.3371,-0.0119
11.946940898895264,-0.1008,-0.0005,0.049,0.0415,-1.3381,0.0087
11.947059869766235,-0.1008,-0.0002,0.0494,0.022,-1.3391,0.0197
11.947174787521362,-0.1008,0.0,0.0495,0.022,-1.3401,0.0316
11.94728684425354,-0.1008,0.0003,0.05,0.0607,-1.3411,0.0716
11.947399854660034,-0.1008,0.0009,0.0502,0.0459,-1.3421,0.1038
11.947512865066528,-0.1008,0.0017,0.0507,0.0441,-1.3431,0.139
11.947624921798706,-0.1007,0.0025,0.051,0.0006,-1.3441,0.1484
11.947738885879517,-0.1007,0.0032,0.0508,-0.1397,-1.3451,0.0657
11.947856903076172,-0.1006,0.0029,0.0489,-0.1249,-1.3462,-0.0216
11.947973728179932,-0.1006,0.0018,0.0483,-0.0604,-1.3472,-0.0724
12.068463802337646,-0.1007,0.0006,0.0475,-0.0286,-1.3482,-0.1091
12.068635940551758,-0.1007,-0.0007,0.0478,0.0617,-1.3492,-0.0865
12.068761825561523,-0.1007,-0.0013,0.0485,0.0372,-1.3502,-0.0752
12.068888664245605,-0.1008,-0.0017,0.0487,0.026,-1.3512,-0.07
12.069012880325317,-0.1008,-0.0018,0.0491,0.1197,-1.3522,-0.0017
12.069127798080444,-0.1008,-0.0013,0.0507,0.091,-1.3532,0.0594
12.06925106048584,-0.1008,-0.0003,0.0513,0.0096,-1.3542,0.0724
12.069366931915283,-0.1007,0.0005,0.0509,-0.0219,-1.3552,0.0628
12.069483041763306,-0.1007,0.0009,0.0507,-0.0217,-1.3562,0.052
12.069607973098755,-0.1007,0.0012,0.0506,-0.0322,-1.3572,0.0333
12.069722890853882,-0.1007,0.0011,0.05,-0.0427,-1.3582,0.0038
12.069840908050537,-0.1007,0.0008,0.0495,-0.0466,-1.3592,-0.0324
12.190398931503296,-0.1007,0.0003,0.0491,-0.0453,-1.3603,-0.0713
12.190561056137085,-0.1007,-0.0005,0.0485,-0.0459,-1.3613,-0.1155
12.190696954727173,-0.1008,-0.0015,0.0479,-0.0538,-1.3623,-0.1705
12.190822839736938,-0.1008,-0.0027,0.0468,-0.0163,-1.3633,-0.2099
12.190945863723755,-0.1009,-0.0039,0.0468,0.1621,-1.3643,-0.1352
12.191061973571777,-0.1009,-0.0041,0.049,0.246,-1.3653,0.0096
12.191179037094116,-0.1009,-0.0028,0.0515,0.1014,-1.3663,0.0794
12.191300868988037,-0.1009,-0.0012,0.0508,-0.1127,-1.3673,0.0065
12.19142198562622,-0.1009,-0.0007,0.0493,-0.0417,-1.3683,-0.031
12.191540002822876,-0.1009,-0.0008,0.0498,0.0022,-1.3693,-0.0376
12.191667795181274,-0.1009,-0.0009,0.0492,-0.0286,-1.3703,-0.0682
12.191787958145142,-0.1009,-0.0013,0.049,0.0368,-1.3713,-0.0587
12.313709020614624,-0.101,-0.0015,0.0496,0.0448,-1.3724,-0.0398
12.313881874084473,-0.101,-0.0014,0.0496,0.0397,-1.3734,-0.0242
12.314003944396973,-0.101,-0.0012,0.05,0.0495,-1.3744,0.0003
12.314125061035156,-0.101,-0.0009,0.0504,0.0564,-1.3754,0.0321
12.314243793487549,-0.101,-0.0003,0.051,0.066,-1.3764,0.0745
12.314357995986938,-0.1009,0.0005,0.0516,0.0316,-1.3774,0.0992
12.314471960067749,-0.1009,0.0013,0.0515,0.0092,-1.3784,0.1094
12.31458568572998,-0.1009,0.002,0.0516,0.03,-1.3794,0.1335
12.314701795578003,-0.1008,0.0027,0.0513,-0.1083,-1.3804,0.0666
12.314819097518921,-0.1008,0.0025,0.0499,-0.106,-1.3814,-0.0094
12.314942836761475,-0.1008,0.0017,0.0492,-0.0779,-1.3824,-0.0727
12.31506085395813,-0.1008,0.0005,0.0482,-0.0293,-1.3835,-0.1131
12.315186977386475,-0.1009,-0.0008,0.0486,0.0695,-1.3845,-0.0879
12.43772578239441,-0.1009,-0.0014,0.0492,0.0355,-1.3855,-0.0805
12.43790578842163,-0.1009,-0.0018,0.0494,0.0192,-1.3865,-0.0829
12.438047885894775,-0.101,-0.002,0.0503,0.1394,-1.3875,-0.0019
12.438170909881592,-0.101,-0.0014,0.052,0.0905,-1.3885,0.0603
12.438289880752563,-0.1009,-0.0004,0.0523,-0.0159,-1.3895,0.0563
12.438407897949219,-0.1009,0.0003,0.0518,-0.0455,-1.3905,0.0296
12.438525915145874,-0.1009,0.0005,0.0515,-0.0335,-1.3915,0.0087
12.438649892807007,-0.1009,0.0004,0.0512,-0.0431,-1.3925,-0.0211
12.438769817352295,-0.1009,0.0001,0.0507,-0.0562,-1.3935,-0.0636
12.438890933990479,-0.1009,-0.0006,0.0501,-0.0122,-1.3946,-0.0826
12.439013719558716,-0.101,-0.0012,0.0502,0.0096,-1.3956,-0.0869
12.4391348361969,-0.101,-0.0017,0.05,-0.0029,-1.3966,-0.1018
12.560681819915771,-0.101,-0.0022,0.0491,0.0047,-1.3976,-0.1188
12.56086778640747,-0.1011,-0.0027,0.0502,0.1546,-1.3986,-0.0316
12.560993909835815,-0.1011,-0.0022,0.0515,0.0555,-1.3996,0.0008
12.561116933822632,-0.1011,-0.0015,0.0515,0.0721,-1.4006,0.0446
12.561235904693604,-0.1011,-0.0006,0.0523,0.1343,-1.4016,0.1345
12.561351776123047,-0.101,0.0009,0.0537,0.0468,-1.4026,0.1787
12.561469793319702,-0.101,0.0024,0.0533,-0.0441,-1.4037,0.1618
12.561585903167725,-0.1009,0.0032,0.0535,-0.0799,-1.4047,0.1237
12.561713933944702,-0.1009,0.0035,0.0516,-0.1965,-1.4057,-0.0032
12.561846017837524,-0.1009,0.0024,0.0503,-0.0449,-1.4067,-0.0424
12.561975955963135,-0.1009,0.0013,0.05,0.0034,-1.4077,-0.0537
12.562095880508423,-0.1009,0.0004,0.0501,0.0517,-1.4087,-0.0335
12.696001052856445,-0.1009,-0.0001,0.0507,0.024,-1.4097,-0.0279
12.696188926696777,-0.1009,-0.0003,0.0505,0.0279,-1.4107,-0.0217
12.696319818496704,-0.1009,-0.0004,0.0509,0.0733,-1.4117,0.0166
12.696441888809204,-0.1009,-0.0001,0.0516,0.0523,-1.4127,0.0464
12.696557998657227,-0.1009,0.0004,0.0519,0.0282,-1.4137,0.0628
12.696671962738037,-0.1009,0.0009,0.052,0.0072,-1.4147,0.0667
12.696789026260376,-0.1009,0.0013,0.0521,-0.0013,-1.4158,0.0654
12.69690489768982,-0.1008,0.0015,0.0522,-0.006,-1.4168,0.062
12.697020769119263,-0.1008,0.0017,0.052,-0.013,-1.4178,0.0529
12.697134733200073,-0.1008,0.0017,0.0522,-0.0751,-1.4188,0.0047
12.697252750396729,-0.1008,0.0012,0.0506,-0.1177,-1.4198,-0.0828
12.697370767593384,-0.1008,0.0,0.0503,-0.0351,-1.4208,-0.1203
12.697491884231567,-0.1009,-0.0011,0.0499,-0.0559,-1.4218,-0.175
12.697608947753906,-0.1009,-0.0025,0.0494,0.015,-1.4228,-0.1892
12.818232774734497,-0.101,-0.0036,0.05,0.178,-1.4238,-0.0941
12.818413019180298,-0.101,-0.0034,0.0523,0.1858,-1.4248,0.0219
12.818542718887329,-0.101,-0.0022,0.0541,0.0723,-1.4258,0.0783
12.818671703338623,-0.101,-0.0008,0.0534,-0.0862,-1.4269,0.0278
12.818794965744019,-0.101,-0.0003,0.0522,-0.0467,-1.4279,-0.0058
12.81891679763794,-0.101,-0.0002,0.0522,-0.0162,-1.4289,-0.0196
12.819041013717651,-0.101,-0.0004,0.0516,-0.0679,-1.4299,-0.0714
12.819163799285889,-0.101,-0.0009,0.0508,0.0055,-1.4309,-0.0823
12.819281816482544,-0.101,-0.0015,0.0512,0.0338,-1.4319,-0.0726
12.819401979446411,-0.1011,-0.0017,0.0512,0.0084,-1.4329,-0.0799
12.819519996643066,-0.1011,-0.002,0.051,0.0303,-1.4339,-0.0743
12.819638013839722,-0.1011,-0.0021,0.0513,0.1335,-1.4349,-0.0007
12.941735744476318,-0.1011,-0.0015,0.053,0.1294,-1.436,0.0832
12.941910028457642,-0.1011,-0.0002,0.0537,0.0727,-1.437,0.1353
12.942032814025879,-0.101,0.0012,0.0544,0.0371,-1.438,0.1703
12.942149877548218,-0.101,0.0025,0.0542,-0.0314,-1.439,0.1605
12.942275047302246,-0.1009,0.0033,0.0532,-0.1485,-1.44,0.0679
12.942396879196167,-0.1009,0.003,0.0513,-0.1145,-1.441,-0.0163
12.94252896308899,-0.1009,0.0019,0.0504,-0.0418,-1.442,-0.061
12.942643880844116,-0.1009,0.0007,0.0507,0.0829,-1.443,-0.024
12.94275975227356,-0.1009,0.0003,0.0518,0.0448,-1.444,-0.0044
12.942879915237427,-0.1009,0.0002,0.0517,0.0303,-1.445,0.0049
12.942997932434082,-0.1009,0.0002,0.0523,0.0842,-1.446,0.0535
12.94314169883728,-0.1009,0.0006,0.0535,0.0631,-1.4471,0.0966
13.06428074836731,-0.1009,0.0014,0.0535,-0.0161,-1.4481,0.0892
13.064452886581421,-0.1009,0.0018,0.0533,-0.0067,-1.4491,0.0861
13.064572811126709,-0.1008,0.0021,0.0533,0.0028,-1.4501,0.0897
13.064693927764893,-0.1008,0.0024,0.0535,-0.0935,-1.4511,0.0321
13.064814805984497,-0.1008,0.002,0.0517,-0.163,-1.4521,-0.084
13.064939975738525,-0.1008,0.0006,0.0506,-0.0532,-1.4531,-0.138
13.065058946609497,-0.1009,-0.001,0.0502,0.0122,-1.4541,-0.1537
13.065184831619263,-0.1009,-0.0022,0.0502,0.0445,-1.4551,-0.1496
13.065310955047607,-0.101,-0.003,0.0511,0.1442,-1.4561,-0.0754
13.065443754196167,-0.101,-0.0028,0.0526,0.1012,-1.4571,-0.0183
13.065566778182983,-0.101,-0.0022,0.0537,0.0628,-1.4582,0.0215
13.065715789794922,-0.101,-0.0013,0.0538,-0.0489,-1.4592,-0.0096
13.065849781036377,-0.101,-0.001,0.0526,-0.0351,-1.4602,-0.0401
13.079549789428711,-0.101,-0.0011,0.0528,0.0274,-1.4612,-0.0292
13.205132007598877,-0.101,-0.001,0.0529,0.022,-1.4622,-0.0214
13.205302000045776,-0.101,-0.0009,0.0529,0.0381,-1.4632,-0.003
13.205426931381226,-0.101,-0.0007,0.0535,0.0625,-1.4642,0.0348
13.20554804801941,-0.101,-0.0001,0.0541,0.0577,-1.4652,0.0743
13.205675840377808,-0.101,0.0006,0.0544,0.0492,-1.4662,0.1109
13.205792903900146,-0.101,0.0015,0.0549,0.0118,-1.4672,0.127
13.205910921096802,-0.1009,0.0023,0.0546,-0.0014,-1.4683,0.1327
13.20602798461914,-0.1009,0.0029,0.0543,-0.112,-1.4693,0.065
13.20614767074585,-0.1008,0.0027,0.0524,-0.0892,-1.4703,-0.0017
13.2062668800354,-0.1008,0.0019,0.0524,-0.0257,-1.4713,-0.0282
13.206385850906372,-0.1009,0.001,0.0519,-0.0647,-1.4723,-0.0843
13.206512928009033,-0.1009,-0.0001,0.0513,0.0423,-1.4733,-0.0767
13.206652879714966,-0.1009,-0.0008,0.0524,0.0556,-1.4743,-0.0533
13.328133821487427,-0.1009,-0.0011,0.0524,0.0118,-1.4753,-0.0589
13.328300952911377,-0.1009,-0.0013,0.0526,0.0585,-1.4763,-0.0329
13.328430652618408,-0.101,-0.0013,0.0534,0.0512,-1.4773,-0.0063
13.328549861907959,-0.101,-0.0009,0.0536,0.0489,-1.4783,0.0204
13.328674077987671,-0.1009,-0.0005,0.0541,0.0633,-1.4794,0.06
13.328788995742798,-0.1009,0.0003,0.0545,0.0428,-1.4804,0.0898
13.32890272140503,-0.1009,0.0011,0.0548,0.0567,-1.4814,0.1308
13.329017877578735,-0.1009,0.002,0.0556,0.0212,-1.4824,0.1551
13.329136848449707,-0.1008,0.0029,0.055,-0.064,-1.4834,0.1201
13.329272747039795,-0.1008,0.0032,0.0536,-0.179,-1.4844,0.001
13.329410076141357,-0.1008,0.0023,0.0518,-0.1105,-1.4854,-0.0874
13.329535007476807,-0.1008,0.0007,0.0512,-0.0831,-1.4864,-0.1639
13.450496912002563,-0.1008,-0.0011,0.0499,-0.0643,-1.4874,-0.2389
13.450677871704102,-0.1009,-0.0031,0.05,0.0643,-1.4884,-0.232
13.450805902481079,-0.101,-0.0044,0.0514,0.2308,-1.4894,-0.1084
13.450928926467896,-0.101,-0.0042,0.0545,0.2283,-1.4904,0.0361
13.451047897338867,-0.101,-0.0026,0.0557,0.0787,-1.4915,0.0928
13.451164960861206,-0.101,-0.0009,0.0563,0.0315,-1.4925,0.1243
13.451283931732178,-0.101,0.0006,0.0561,-0.0503,-1.4935,0.1027
13.451399803161621,-0.1009,0.0014,0.0552,-0.0511,-1.4945,0.0745
13.451515913009644,-0.1009,0.0017,0.0547,-0.0952,-1.4955,0.0141
13.451634883880615,-0.1009,0.0013,0.0533,-0.1029,-1.4965,-0.0619
13.451749801635742,-0.1009,0.0003,0.0526,0.0283,-1.4975,-0.0592
13.451867818832397,-0.1009,-0.0003,0.0535,0.0644,-1.4985,-0.0275
13.57699990272522,-0.1009,-0.0005,0.0534,0.0155,-1.4995,-0.0281
13.577170848846436,-0.101,-0.0006,0.0535,0.0539,-1.5005,-0.0034
13.577301025390625,-0.101,-0.0005,0.0544,0.0759,-1.5016,0.0417
13.577420949935913,-0.1009,0.0001,0.0551,0.0288,-1.5026,0.0613
13.577554941177368,-0.1009,0.0007,0.0548,0.0008,-1.5036,0.0613
13.5776686668396,-0.1009,0.0011,0.055,0.0355,-1.5046,0.0851
13.577785730361938,-0.1009,0.0016,0.0552,0.0002,-1.5056,0.0877
13.577900886535645,-0.1008,0.002,0.0556,0.0067,-1.5066,0.0975
13.578016996383667,-0.1008,0.0023,0.055,-0.1064,-1.5076,0.0297
13.578131914138794,-0.1008,0.0019,0.0542,-0.0338,-1.5086,0.0025
13.578269958496094,-0.1008,0.0014,0.0541,-0.007,-1.5096,-0.0091
13.578407764434814,-0.1008,0.0009,0.054,-0.0431,-1.5106,-0.0447
13.57854676246643,-0.1008,0.0002,0.0533,-0.0767,-1.5116,-0.1078
13.71201467514038,-0.1009,-0.0009,0.0524,-0.0666,-1.5126,-0.1717
13.712183952331543,-0.1009,-0.0023,0.0515,-0.0325,-1.5137,-0.2212
13.712309837341309,-0.101,-0.0038,0.0503,0.0775,-1.5147,-0.2098
13.712430000305176,-0.101,-0.0047,0.0522,0.2566,-1.5157,-0.0697
13.712553977966309,-0.1011,-0.004,0.0551,0.165,-1.5167,0.0323
13.712670803070068,-0.1011,-0.0025,0.056,0.082,-1.5177,0.0878
13.712785720825195,-0.101,-0.0009,0.0568,0.0007,-1.5187,0.0972
13.712904930114746,-0.101,0.0003,0.0561,-0.0394,-1.5197,0.0762
13.713018894195557,-0.101,0.001,0.0557,-0.0075,-1.5207,0.0735
13.713132858276367,-0.101,0.0014,0.0555,-0.0395,-1.5217,0.0485
13.7132728099823,-0.1009,0.0015,0.0545,-0.0956,-1.5227,-0.0199
13.713418006896973,-0.1009,0.0008,0.0536,-0.0397,-1.5238,-0.0596
13.71355390548706,-0.101,-0.0,0.0532,-0.0154,-1.5248,-0.0868
13.837796688079834,-0.101,-0.0008,0.0532,0.0312,-1.5258,-0.0848
13.837977886199951,-0.101,-0.0014,0.0536,0.0503,-1.5268,-0.0681
13.838114976882935,-0.101,-0.0017,0.0543,0.0399,-1.5278,-0.054
13.838233709335327,-0.1011,-0.0017,0.054,0.1049,-1.5288,-0.0001
13.838353872299194,-0.1011,-0.0012,0.0556,0.1323,-1.5298,0.0834
13.838480710983276,-0.101,-0.0,0.0561,0.0536,-1.5308,0.12
13.838627815246582,-0.101,0.0012,0.0565,0.028,-1.5318,0.1436
13.838759899139404,-0.1009,0.0022,0.0566,-0.0119,-1.5328,0.1422
13.838899850845337,-0.1009,0.0029,0.0566,-0.1148,-1.5339,0.0748
13.839033842086792,-0.1009,0.0028,0.0547,-0.1335,-1.5349,-0.0184
13.839172840118408,-0.1009,0.0018,0.0543,-0.0129,-1.5359,-0.0377
13.839298009872437,-0.1009,0.0009,0.0542,-0.0635,-1.5369,-0.0915
13.839430809020996,-0.1009,-0.0003,0.0533,0.0054,-1.5379,-0.1079
13.964163064956665,-0.101,-0.0012,0.0542,0.0549,-1.5389,-0.0869
13.964335680007935,-0.101,-0.0017,0.0546,0.0164,-1.5399,-0.0881
13.964461088180542,-0.101,-0.0021,0.0543,0.0748,-1.5409,-0.0546
13.964586973190308,-0.101,-0.002,0.0562,0.1481,-1.5419,0.04
13.96470594406128,-0.101,-0.001,0.0573,0.0276,-1.5429,0.0652
13.964826822280884,-0.101,-0.0001,0.0569,-0.0355,-1.5439,0.047
13.964946746826172,-0.101,0.0004,0.0566,-0.0354,-1.545,0.0265
13.965071678161621,-0.101,0.0005,0.0562,-0.0346,-1.546,0.0035
13.965191841125488,-0.101,0.0004,0.0555,-0.0415,-1.547,-0.0287
13.965324878692627,-0.101,0.0,0.055,-0.0187,-1.548,-0.0509
13.965451002120972,-0.101,-0.0005,0.0549,0.0092,-1.549,-0.0557
13.965587854385376,-0.101,-0.0009,0.0552,0.0036,-1.55,-0.0628
13.965721845626831,-0.101,-0.0012,0.055,0.0111,-1.551,-0.0668
13.979491710662842,-0.1011,-0.0015,0.0551,0.0122,-1.552,-0.0701
14.106278896331787,-0.1011,-0.0017,0.0548,0.0701,-1.553,-0.0384
14.106431007385254,-0.1011,-0.0016,0.056,0.0981,-1.5541,0.0197
14.106574773788452,-0.1011,-0.0009,0.0563,0.0164,-1.5551,0.0278
14.106697797775269,-0.1011,-0.0004,0.0562,0.0477,-1.5561,0.0554
14.106814861297607,-0.1011,0.0003,0.0571,0.0415,-1.5571,0.0857
14.106933832168579,-0.101,0.001,0.0572,-0.0306,-1.5581,0.07
14.107049942016602,-0.101,0.0014,0.0566,-0.0087,-1.5591,0.0642
14.107164859771729,-0.101,0.0016,0.0568,0.024,-1.5601,0.0811
14.107300758361816,-0.101,0.0019,0.056,-0.1179,-1.5611,0.0003
14.107422828674316,-0.101,0.0013,0.0546,-0.0209,-1.5621,-0.0278
14.107560873031616,-0.101,0.0007,0.0551,0.0186,-1.5631,-0.028
14.107684850692749,-0.101,0.0002,0.055,0.0058,-1.5642,-0.0373
14.107826948165894,-0.101,-0.0002,0.0553,0.0267,-1.5652,-0.0319
14.233957767486572,-0.101,-0.0005,0.0558,0.0328,-1.5662,-0.0193
14.23414397239685,-0.101,-0.0005,0.0562,0.0456,-1.5672,0.004
14.234270811080933,-0.101,-0.0003,0.0565,0.0271,-1.5682,0.0178
14.234390020370483,-0.101,-0.0001,0.0568,0.0312,-1.5692,0.0361
14.234503746032715,-0.101,0.0003,0.0572,0.0412,-1.5702,0.0638
14.234618902206421,-0.101,0.0008,0.0577,0.0108,-1.5712,0.0757
14.23473572731018,-0.1009,0.0013,0.0572,-0.011,-1.5722,0.0703
14.234851837158203,-0.1009,0.0016,0.0573,-0.0126,-1.5732,0.0643
14.234970808029175,-0.1009,0.0018,0.0572,0.0048,-1.5743,0.069
14.235113859176636,-0.1009,0.0019,0.0569,-0.1139,-1.5753,-0.0058
14.235246658325195,-0.1009,0.0013,0.055,-0.1025,-1.5763,-0.0873
14.235372066497803,-0.1009,0.0,0.0549,-0.0217,-1.5773,-0.118
14.235503673553467,-0.1009,-0.0011,0.0547,-0.0249,-1.5783,-0.1538
14.36137580871582,-0.101,-0.0023,0.0547,0.0417,-1.5793,-0.1476
14.361554861068726,-0.101,-0.003,0.0557,0.1599,-1.5803,-0.0581
14.36168885231018,-0.1011,-0.0027,0.0576,0.1206,-1.5813,0.019
14.361811876296997,-0.1011,-0.0017,0.0583,0.1029,-1.5823,0.0903
14.361932039260864,-0.101,-0.0003,0.0592,0.0028,-1.5833,0.1045
14.362048864364624,-0.101,0.0008,0.0586,-0.0547,-1.5843,0.0773
14.362164974212646,-0.101,0.0013,0.0583,-0.0038,-1.5854,0.0812
14.362279891967773,-0.1009,0.0017,0.0586,-0.0474,-1.5864,0.0588
14.362397909164429,-0.1009,0.0018,0.0574,-0.1251,-1.5874,-0.0221
14.362515926361084,-0.1009,0.001,0.0565,-0.0279,-1.5884,-0.0478
14.362640857696533,-0.1009,0.0003,0.0563,0.0182,-1.5894,-0.0454
14.362769842147827,-0.101,-0.0003,0.0563,0.0236,-1.5904,-0.0401
14.492679834365845,-0.101,-0.0006,0.0564,0.0287,-1.5914,-0.0317
14.492859840393066,-0.101,-0.0007,0.0568,0.0368,-1.5924,-0.0153
14.492984771728516,-0.101,-0.0006,0.0571,0.0373,-1.5934,0.0032
14.493115901947021,-0.101,-0.0004,0.0576,0.0342,-1.5944,0.0231
14.49323582649231,-0.101,-0.0001,0.0576,-0.0093,-1.5955,0.0154
14.49334979057312,-0.101,0.0001,0.0574,0.0159,-1.5965,0.0221
14.49346399307251,-0.101,0.0003,0.0577,0.0324,-1.5975,0.0418
14.493579864501953,-0.101,0.0006,0.0577,-0.0041,-1.5985,0.0381
14.49371600151062,-0.1009,0.0008,0.0576,-0.0154,-1.5995,0.026
14.493834018707275,-0.1009,0.0008,0.0575,0.0142,-1.6005,0.0322
14.493973016738892,-0.1009,0.0009,0.0577,0.0079,-1.6015,0.0357
14.494106769561768,-0.1009,0.001,0.0573,-0.0223,-1.6025,0.0165
14.494236946105957,-0.1009,0.0008,0.0572,0.0027,-1.6035,0.0123
14.494375944137573,-0.1009,0.0007,0.0575,-0.0231,-1.6045,-0.0066
14.619160652160645,-0.1009,0.0004,0.0566,-0.0421,-1.6055,-0.0445
14.6193368434906,-0.1009,-0.0001,0.0566,-0.0107,-1.6066,-0.0632
14.619480848312378,-0.1009,-0.0007,0.0566,-0.0249,-1.6076,-0.0918
14.619606018066406,-0.101,-0.0014,0.0562,-0.0353,-1.6086,-0.1301
14.619732856750488,-0.101,-0.0022,0.0558,-0.0053,-1.6096,-0.153
14.619855880737305,-0.1011,-0.0031,0.0554,0.0611,-1.6106,-0.1366
14.619974851608276,-0.1011,-0.0035,0.0568,0.1382,-1.6116,-0.0608
14.620093822479248,-0.1011,-0.003,0.0579,0.1009,-1.6126,-0.0013
14.620210886001587,-0.1011,-0.0021,0.0591,0.1,-1.6136,0.067
14.620329856872559,-0.1011,-0.0008,0.0597,-0.0289,-1.6146,0.0565
14.62044882774353,-0.1011,-0.0,0.0587,-0.0307,-1.6157,0.0383
14.620561838150024,-0.1011,0.0003,0.0587,0.0036,-1.6167,0.0418
14.757428884506226,-0.1011,0.0007,0.0587,-0.0397,-1.6177,0.0172
14.757596731185913,-0.1011,0.0006,0.0582,-0.0303,-1.6187,-0.0048
14.757719039916992,-0.1011,0.0004,0.058,0.04,-1.6197,0.0168
14.757834911346436,-0.1011,0.0004,0.0585,0.0324,-1.6207,0.0371
14.757950782775879,-0.101,0.0007,0.0586,0.0007,-1.6217,0.0374
14.75806474685669,-0.101,0.0008,0.0586,0.0035,-1.6227,0.0397
14.758180856704712,-0.101,0.001,0.0585,-0.003,-1.6237,0.0365
14.758293867111206,-0.101,0.001,0.0588,0.0154,-1.6247,0.0471
14.758407831192017,-0.101,0.0012,0.0586,-0.0135,-1.6258,0.0376
14.758523941040039,-0.101,0.0012,0.0584,-0.0318,-1.6268,0.0148
14.758639812469482,-0.101,0.001,0.0576,-0.0322,-1.6278,-0.0146
14.758758783340454,-0.101,0.0005,0.0574,-0.0041,-1.6288,-0.0274
14.75887680053711,-0.101,0.0001,0.0576,-0.0261,-1.6298,-0.054
14.758994817733765,-0.101,-0.0004,0.057,-0.0491,-1.6308,-0.1
14.885410070419312,-0.101,-0.0013,0.0566,-0.0366,-1.6318,-0.1419
14.885586977005005,-0.1011,-0.0023,0.0563,0.0171,-1.6328,-0.1518
14.885730028152466,-0.1011,-0.0031,0.0562,0.1142,-1.6338,-0.1002
14.88585901260376,-0.1012,-0.0031,0.0586,0.1595,-1.6348,-0.0028
14.885981798171997,-0.1012,-0.0022,0.0593,0.0439,-1.6359,0.0255
14.886099815368652,-0.1012,-0.0013,0.0597,0.0784,-1.6369,0.0791
14.88621997833252,-0.1011,-0.0001,0.0606,-0.0034,-1.6379,0.0866
14.886337041854858,-0.1011,0.0007,0.0597,-0.0359,-1.6389,0.0674
14.88645076751709,-0.1011,0.0012,0.0595,0.0028,-1.6399,0.0718
14.886575698852539,-0.1011,0.0015,0.0592,-0.0289,-1.6409,0.0539
14.886692762374878,-0.101,0.0016,0.0588,-0.0715,-1.6419,0.0047
14.886810779571533,-0.101,0.0012,0.0575,-0.0622,-1.6429,-0.0477
14.886929750442505,-0.1011,0.0003,0.0575,-0.0094,-1.6439,-0.0673
15.011995792388916,-0.1011,-0.0004,0.0573,-0.0074,-1.645,-0.0877
15.012159824371338,-0.1011,-0.0011,0.0571,0.0279,-1.646,-0.0874
15.012285947799683,-0.1011,-0.0017,0.0574,0.0403,-1.647,-0.0772
15.012415885925293,-0.1012,-0.0019,0.0578,0.0224,-1.648,-0.0765
15.012533903121948,-0.1012,-0.0021,0.0584,0.1363,-1.649,0.0021
15.012650966644287,-0.1012,-0.0014,0.06,0.0854,-1.65,0.0597
15.012768983840942,-0.1012,-0.0004,0.0604,0.022,-1.651,0.0796
15.012889862060547,-0.1011,0.0005,0.0606,-0.0004,-1.652,0.0863
15.013009786605835,-0.1011,0.0012,0.0603,-0.0131,-1.653,0.0832
15.01314401626587,-0.1011,0.0016,0.0602,-0.0064,-1.6541,0.0839
15.013286828994751,-0.1011,0.002,0.0595,-0.0949,-1.6551,0.0222
15.013423681259155,-0.101,0.0016,0.0586,-0.0323,-1.6561,-0.0058
15.138031721115112,-0.101,0.0011,0.0586,0.01,-1.6571,-0.0073
15.138227939605713,-0.101,0.0007,0.0587,0.0262,-1.6581,0.0021
15.138384819030762,-0.101,0.0005,0.059,0.0034,-1.6591,-0.0011
15.138519048690796,-0.101,0.0003,0.0589,-0.0258,-1.6601,-0.0244
15.138651847839355,-0.1011,-0.0,0.0586,-0.039,-1.6611,-0.0593
15.138784885406494,-0.1011,-0.0006,0.0582,-0.0365,-1.6621,-0.0959
15.138915061950684,-0.1011,-0.0013,0.0577,-0.0415,-1.6632,-0.1398
15.139038801193237,-0.1012,-0.0023,0.0572,-0.0338,-1.6642,-0.1833
15.139174938201904,-0.1012,-0.0034,0.0567,0.0485,-1.6652,-0.1779
15.139314889907837,-0.1013,-0.0041,0.058,0.1863,-1.6662,-0.0752
15.139452934265137,-0.1013,-0.0036,0.0599,0.1419,-1.6672,0.0124
15.13959288597107,-0.1013,-0.0024,0.0612,0.0112,-1.6682,0.0256
15.139744997024536,-0.1013,-0.0014,0.0601,-0.1256,-1.6692,-0.0574
15.266166925430298,-0.1013,-0.0016,0.0588,-0.0526,-1.6702,-0.1029
15.266344785690308,-0.1013,-0.0021,0.0585,0.0199,-1.6713,-0.1037
15.266467094421387,-0.1014,-0.0025,0.0586,0.0151,-1.6723,-0.108
15.266593933105469,-0.1014,-0.0028,0.0585,0.0288,-1.6733,-0.1039
15.266710996627808,-0.1014,-0.003,0.0587,0.129,-1.6743,-0.0346
15.266828060150146,-0.1014,-0.0024,0.0607,0.177,-1.6753,0.0806
15.266944885253906,-0.1014,-0.0009,0.0621,0.0741,-1.6763,0.1403
15.267061948776245,-0.1014,0.0007,0.0621,-0.0499,-1.6773,0.1203
15.267177820205688,-0.1013,0.0017,0.0617,-0.0502,-1.6784,0.0979
15.267298936843872,-0.1013,0.0021,0.0609,-0.0908,-1.6794,0.0432
15.267413854598999,-0.1013,0.0019,0.0598,-0.0285,-1.6804,0.0206
15.267528772354126,-0.1013,0.0015,0.0598,-0.019,-1.6814,0.0041
15.267645835876465,-0.1013,0.0011,0.0591,-0.0489,-1.6824,-0.0377
15.396273851394653,-0.1013,0.0004,0.0589,0.0635,-1.6834,-0.009
15.396423816680908,-0.1013,0.0002,0.0599,0.0411,-1.6844,0.0121
15.396568059921265,-0.1013,0.0003,0.0598,-0.0163,-1.6854,-0.005
15.396687746047974,-0.1013,0.0001,0.0597,0.0315,-1.6865,0.0079
15.396808862686157,-0.1013,0.0002,0.0602,0.0208,-1.6875,0.0177
15.39692997932434,-0.1013,0.0003,0.06,-0.009,-1.6885,0.0067
15.397042751312256,-0.1013,0.0003,0.0601,0.0176,-1.6895,0.0131
15.397160768508911,-0.1013,0.0003,0.0602,-0.0178,-1.6905,-0.0031
15.39727783203125,-0.1013,0.0002,0.06,-0.0237,-1.6915,-0.0246
15.397397994995117,-0.1013,-0.0001,0.0598,-0.0409,-1.6925,-0.0588
15.397544860839844,-0.1013,-0.0006,0.0593,-0.0303,-1.6935,-0.0909
15.397688865661621,-0.1013,-0.0013,0.0591,-0.0393,-1.6946,-0.1305
15.397820949554443,-0.1014,-0.0022,0.0586,-0.0303,-1.6956,-0.1691
15.529616832733154,-0.1014,-0.0032,0.0582,0.0212,-1.6966,-0.1782
15.529801845550537,-0.1015,-0.004,0.059,0.1168,-1.6976,-0.1203
15.529936790466309,-0.1015,-0.004,0.0602,0.1407,-1.6986,-0.0385
15.530060052871704,-0.1015,-0.0031,0.0614,0.0918,-1.6996,0.0203
15.530190706253052,-0.1015,-0.002,0.0621,0.0938,-1.7007,0.0864
15.53030776977539,-0.1015,-0.0006,0.0629,0.002,-1.7017,0.0998
15.530423879623413,-0.1015,0.0006,0.0621,-0.0311,-1.7027,0.0864
15.53053593635559,-0.1015,0.0012,0.0622,0.0188,-1.7037,0.106
15.530650854110718,-0.1014,0.0019,0.0624,-0.0275,-1.7047,0.0973
15.530765056610107,-0.1014,0.0023,0.0614,-0.1216,-1.7057,0.0207
15.530889987945557,-0.1014,0.0018,0.0601,-0.0351,-1.7067,-0.0097
15.531000852584839,-0.1014,0.0012,0.0603,0.0503,-1.7078,0.0157
15.531116962432861,-0.1014,0.001,0.0609,0.0708,-1.7088,0.0582
15.661664962768555,-0.1014,0.0012,0.0614,0.0633,-1.7098,0.0994
15.661829710006714,-0.1013,0.0018,0.0621,0.0806,-1.7108,0.1569
15.661952018737793,-0.1013,0.0028,0.063,0.0525,-1.7118,0.2036
15.662070035934448,-0.1012,0.004,0.0637,-0.0623,-1.7128,0.1816
15.662194967269897,-0.1011,0.0045,0.0622,-0.2125,-1.7138,0.0515
15.662315845489502,-0.1011,0.0037,0.06,-0.1653,-1.7148,-0.0641
15.662431955337524,-0.1012,0.002,0.0588,0.0559,-1.7159,-0.0472
15.662551879882812,-0.1012,0.0009,0.0609,0.1634,-1.7169,0.0533
15.662665843963623,-0.1012,0.0012,0.0622,0.0176,-1.7179,0.0694
15.66278076171875,-0.1011,0.0015,0.0615,-0.059,-1.7189,0.0306
15.662893056869507,-0.1011,0.0013,0.0613,0.0068,-1.7199,0.0327
15.663007974624634,-0.1011,0.0013,0.0614,-0.0373,-1.7209,0.0066
15.663128852844238,-0.1011,0.0009,0.0607,-0.0763,-1.7219,-0.0504
15.820832967758179,-0.1011,0.0002,0.0597,-0.0462,-1.7229,-0.0953
15.820997714996338,-0.1012,-0.0008,0.0596,0.0036,-1.7239,-0.1096
15.821135759353638,-0.1012,-0.0016,0.0596,-0.0107,-1.725,-0.1341
15.821259021759033,-0.1012,-0.0025,0.0587,0.0106,-1.726,-0.1519
15.821378946304321,-0.1013,-0.0032,0.0601,0.1513,-1.727,-0.0695
15.821499824523926,-0.1013,-0.0029,0.0614,0.0962,-1.728,-0.0133
15.82161569595337,-0.1013,-0.0022,0.0624,0.0744,-1.729,0.0355
15.82173490524292,-0.1013,-0.0012,0.0627,-0.0311,-1.73,0.0189
15.821857929229736,-0.1013,-0.0006,0.0615,-0.0338,-1.731,-0.0076
15.821975946426392,-0.1013,-0.0005,0.0616,0.0288,-1.732,0.007
15.822098970413208,-0.1013,-0.0003,0.0615,-0.05,-1.7331,-0.0304
15.822219848632812,-0.1013,-0.0005,0.0607,-0.0381,-1.7341,-0.0663
15.822342872619629,-0.1013,-0.001,0.0606,0.0132,-1.7351,-0.0704
15.822465896606445,-0.1013,-0.0014,0.0605,-0.0119,-1.7361,-0.0917
15.82258677482605,-0.1014,-0.0019,0.06,0.0295,-1.7371,-0.0903
15.822705745697021,-0.1014,-0.0022,0.0609,0.0648,-1.7381,-0.0605
15.955182075500488,-0.1014,-0.0021,0.0602,0.0719,-1.7391,-0.0307
15.955352067947388,-0.1014,-0.0018,0.062,0.193,-1.7402,0.0898
15.95547890663147,-0.1014,-0.0004,0.0637,0.1157,-1.7412,0.1736
15.955595970153809,-0.1013,0.0014,0.0644,0.0187,-1.7422,0.2004
15.955715656280518,-0.1013,0.003,0.065,-0.0326,-1.7432,0.1989
15.955832719802856,-0.1012,0.004,0.0639,-0.1886,-1.7442,0.0897
15.955950021743774,-0.1012,0.0037,0.0617,-0.1267,-1.7452,0.0038
15.956068754196167,-0.1012,0.0026,0.0616,-0.0123,-1.7462,-0.0094
15.956187725067139,-0.1012,0.0017,0.0607,-0.0542,-1.7472,-0.0567
15.956302881240845,-0.1012,0.0007,0.0605,0.0579,-1.7483,-0.034
15.956418991088867,-0.1012,0.0001,0.0618,0.0465,-1.7493,-0.0104
15.956539869308472,-0.1012,-0.0,0.0615,-0.0274,-1.7503,-0.0366
15.956658840179443,-0.1012,-0.0004,0.0614,0.0239,-1.7513,-0.0312
15.95677900314331,-0.1012,-0.0006,0.062,0.04,-1.7523,-0.0113
16.085837841033936,-0.1013,-0.0005,0.0621,0.0035,-1.7533,-0.0146
16.086019039154053,-0.1013,-0.0005,0.062,0.0072,-1.7543,-0.0164
16.08614706993103,-0.1013,-0.0005,0.0621,0.0059,-1.7553,-0.0185
16.086270809173584,-0.1013,-0.0005,0.0622,0.0064,-1.7564,-0.0197
16.086391925811768,-0.1013,-0.0006,0.0622,-0.004,-1.7574,-0.0282
16.086512804031372,-0.1013,-0.0007,0.0621,-0.023,-1.7584,-0.05
16.08663296699524,-0.1013,-0.001,0.0614,-0.0327,-1.7594,-0.083
16.086750984191895,-0.1013,-0.0015,0.0611,-0.0061,-1.7604,-0.102
16.086869955062866,-0.1014,-0.002,0.0612,-0.0044,-1.7614,-0.1197
16.086987018585205,-0.1014,-0.0026,0.0601,0.0921,-1.7624,-0.0833
16.087109804153442,-0.1014,-0.0026,0.0622,0.1731,-1.7634,0.0204
16.087231874465942,-0.1014,-0.0016,0.0628,0.0328,-1.7645,0.0378
16.087347984313965,-0.1014,-0.0008,0.0628,0.0872,-1.7655,0.0908
16.21899700164795,-0.1014,0.0003,0.0642,0.0876,-1.7665,0.1548
16.21916699409485,-0.1013,0.0017,0.0643,-0.0361,-1.7675,0.1404
16.21930170059204,-0.1013,0.0026,0.0635,-0.0174,-1.7685,0.1324
16.219419717788696,-0.1012,0.0031,0.0632,-0.1401,-1.7695,0.0432
16.21954584121704,-0.1012,0.0026,0.0606,-0.1248,-1.7705,-0.0556
16.219664812088013,-0.1012,0.0013,0.0602,-0.0269,-1.7716,-0.0946
16.21978497505188,-0.1013,-0.0,0.0598,-0.0036,-1.7726,-0.1225
16.21990394592285,-0.1013,-0.0012,0.0598,0.0655,-1.7736,-0.1074
16.220021963119507,-0.1013,-0.0019,0.0608,0.0748,-1.7746,-0.0798
16.22014093399048,-0.1014,-0.0021,0.0612,0.1347,-1.7756,-0.0107
16.220258951187134,-0.1014,-0.0016,0.0632,0.1691,-1.7766,0.0949
16.22037386894226,-0.1013,-0.0002,0.0644,0.028,-1.7776,0.1191
16.22048783302307,-0.1013,0.001,0.0639,-0.0532,-1.7786,0.0873
16.350828886032104,-0.1013,0.0016,0.0636,0.0126,-1.7797,0.0961
16.350990772247314,-0.1012,0.002,0.0635,-0.0884,-1.7807,0.0395
16.35112977027893,-0.1012,0.0018,0.0622,-0.1004,-1.7817,-0.035
16.351250886917114,-0.1012,0.0009,0.0617,0.0404,-1.7827,-0.0228
16.351367950439453,-0.1013,0.0004,0.0629,0.087,-1.7837,0.0276
16.35148596763611,-0.1012,0.0006,0.0635,0.0286,-1.7847,0.0444
16.35159969329834,-0.1012,0.0008,0.0636,0.0459,-1.7857,0.0728
16.35171389579773,-0.1012,0.0013,0.0646,0.0567,-1.7867,0.1155
16.351830005645752,-0.1012,0.002,0.0647,-0.0255,-1.7878,0.1063
16.35194683074951,-0.1011,0.0025,0.0642,-0.0341,-1.7888,0.0881
16.352061986923218,-0.1011,0.0026,0.0643,-0.1003,-1.7898,0.0276
16.352181911468506,-0.1011,0.0021,0.0624,-0.1658,-1.7908,-0.0892
16.352298974990845,-0.1011,0.0006,0.0607,-0.0454,-1.7918,-0.1421
16.482637643814087,-0.1012,-0.001,0.0611,0.0727,-1.7928,-0.1165
16.48281979560852,-0.1012,-0.0018,0.0617,0.026,-1.7938,-0.1177
16.48294687271118,-0.1012,-0.0024,0.0621,0.1204,-1.7948,-0.0555
16.483075857162476,-0.1013,-0.0022,0.0636,0.0725,-1.7958,-0.0141
16.483194828033447,-0.1013,-0.0017,0.0635,0.0425,-1.7969,0.0072
16.48331069946289,-0.1013,-0.0011,0.0645,0.0771,-1.7979,0.0587
16.48342990875244,-0.1012,-0.0002,0.0647,-0.0439,-1.7989,0.0332
16.483545780181885,-0.1012,0.0002,0.0636,-0.0241,-1.7999,0.0131
16.483659029006958,-0.1012,0.0002,0.064,0.0504,-1.8009,0.0437
16.483773946762085,-0.1012,0.0006,0.0642,-0.0259,-1.8019,0.0264
16.483890771865845,-0.1012,0.0007,0.0635,-0.0305,-1.8029,0.0011
16.4840030670166,-0.1012,0.0005,0.0634,0.0224,-1.8039,0.0087
16.484120845794678,-0.1012,0.0004,0.0635,-0.004,-1.805,-0.0
16.484237670898438,-0.1012,0.0003,0.063,-0.0278,-1.806,-0.0282
16.614555835723877,-0.1012,-0.0001,0.0628,0.0108,-1.807,-0.033
16.614728927612305,-0.1012,-0.0004,0.0631,0.0019,-1.808,-0.0422
16.61486577987671,-0.1012,-0.0007,0.0629,0.0235,-1.809,-0.0392
16.61499786376953,-0.1013,-0.0009,0.0629,0.0359,-1.81,-0.0284
16.615119695663452,-0.1013,-0.0009,0.0634,0.0368,-1.811,-0.0141
16.615240812301636,-0.1013,-0.0007,0.0637,0.0184,-1.812,-0.0098
16.615356922149658,-0.1013,-0.0006,0.0635,0.0399,-1.8131,0.0072
16.6154727935791,-0.1013,-0.0004,0.064,0.0342,-1.8141,0.0239
16.61558771133423,-0.1013,-0.0,0.0642,0.023,-1.8151,0.035
16.615701913833618,-0.1012,0.0003,0.0645,0.0432,-1.8161,0.0611
16.6158127784729,-0.1012,0.0008,0.0649,0.0505,-1.8171,0.095
16.615926027297974,-0.1012,0.0015,0.0655,0.0112,-1.8181,0.108
16.61603879928589,-0.1012,0.0021,0.065,-0.0091,-1.8191,0.1042
16.75732183456421,-0.1011,0.0025,0.0646,-0.1263,-1.8201,0.0219
16.757507801055908,-0.1011,0.002,0.0626,-0.0726,-1.8212,-0.0405
16.757630825042725,-0.1011,0.001,0.0625,0.0223,-1.8222,-0.0428
16.757752656936646,-0.1011,0.0003,0.0629,0.0436,-1.8232,-0.0296
16.757871866226196,-0.1012,-0.0001,0.0633,0.0429,-1.8242,-0.014
16.75798773765564,-0.1012,-0.0002,0.0636,0.0441,-1.8252,0.0038
16.758102893829346,-0.1012,-0.0001,0.0642,0.0144,-1.8262,0.0066
16.758222818374634,-0.1012,-0.0,0.0638,-0.0282,-1.8272,-0.021
16.758341789245605,-0.1012,-0.0002,0.0637,0.009,-1.8282,-0.0258
16.75845980644226,-0.1012,-0.0004,0.064,0.0031,-1.8292,-0.0326
16.758578777313232,-0.1012,-0.0006,0.0637,-0.0181,-1.8303,-0.0554
16.758696794509888,-0.1012,-0.001,0.0634,0.0095,-1.8313,-0.0631
16.758814811706543,-0.1012,-0.0013,0.0638,0.0259,-1.8323,-0.0575
16.7589328289032,-0.1012,-0.0015,0.0639,-0.0024,-1.8333,-0.0704
16.89046597480774,-0.1013,-0.0017,0.0635,0.0949,-1.8343,-0.0236
16.890645027160645,-0.1013,-0.0014,0.0656,0.1403,-1.8353,0.0677
16.89077401161194,-0.1013,-0.0003,0.0661,-0.0041,-1.8363,0.07
16.89090394973755,-0.1012,0.0004,0.0654,0.0259,-1.8373,0.087
16.891021013259888,-0.1012,0.0012,0.0664,0.0467,-1.8384,0.1249
16.891146898269653,-0.1012,0.002,0.0661,-0.065,-1.8394,0.0885
16.89126491546631,-0.1011,0.0023,0.0651,-0.0952,-1.8404,0.0253
16.891413927078247,-0.1011,0.0018,0.0641,-0.0458,-1.8414,-0.0138
16.89155077934265,-0.1011,0.0012,0.0638,-0.0001,-1.8424,-0.0261
16.891684770584106,-0.1011,0.0006,0.0639,0.0429,-1.8434,-0.01
16.891798973083496,-0.1011,0.0003,0.0641,0.0195,-1.8444,-0.0085
16.89192485809326,-0.1011,0.0001,0.0643,0.0479,-1.8454,0.0129
16.89205765724182,-0.1011,0.0002,0.065,0.066,-1.8465,0.0506
17.025038719177246,-0.1011,0.0006,0.0655,0.0411,-1.8475,0.0759
17.025203943252563,-0.1011,0.0012,0.0658,0.035,-1.8485,0.0996
17.02532386779785,-0.1011,0.0018,0.0663,0.0087,-1.8495,0.1099
17.025450944900513,-0.101,0.0023,0.0662,-0.0169,-1.8505,0.1031
17.025568962097168,-0.101,0.0026,0.0665,-0.0778,-1.8515,0.059
17.02568793296814,-0.101,0.0024,0.0646,-0.1593,-1.8525,-0.052
17.025805711746216,-0.101,0.0012,0.0633,-0.0165,-1.8535,-0.0809
17.025923013687134,-0.101,0.0,0.0639,0.082,-1.8545,-0.0425
17.02604079246521,-0.101,-0.0004,0.0649,0.0376,-1.8555,-0.0263
17.026168823242188,-0.101,-0.0005,0.0647,0.0111,-1.8566,-0.0286
17.026301860809326,-0.1011,-0.0006,0.0652,0.0159,-1.8576,-0.0246
17.026439905166626,-0.1011,-0.0007,0.0649,-0.0254,-1.8586,-0.0498
17.026577949523926,-0.1011,-0.001,0.0649,0.0392,-1.8596,-0.0341
17.026696920394897,-0.1011,-0.001,0.0655,0.0504,-1.8606,-0.0069
17.15392303466797,-0.1011,-0.0008,0.0658,0.0164,-1.8616,0.0002
17.154104709625244,-0.1011,-0.0005,0.0656,0.0283,-1.8626,0.0141
17.154237985610962,-0.1011,-0.0002,0.0662,0.0283,-1.8636,0.0318
17.154364824295044,-0.1011,0.0001,0.0662,-0.0253,-1.8646,0.0148
17.154480934143066,-0.1011,0.0002,0.0658,0.005,-1.8657,0.0143
17.154595851898193,-0.1011,0.0003,0.066,0.0134,-1.8667,0.0204
17.154711961746216,-0.1011,0.0004,0.0659,-0.0155,-1.8677,0.0073
17.15483069419861,-0.1011,0.0004,0.0656,-0.007,-1.8687,-0.0024
17.154945850372314,-0.1011,0.0002,0.0656,0.0067,-1.8697,-0.0042
17.155064821243286,-0.1011,0.0001,0.0655,-0.0071,-1.8707,-0.0155
17.15518593788147,-0.1011,-0.0001,0.0655,-0.0067,-1.8717,-0.0271
17.155303955078125,-0.1011,-0.0003,0.0654,0.0024,-1.8727,-0.0337
17.155423879623413,-0.1011,-0.0005,0.0654,-0.0114,-1.8737,-0.0495
17.28206491470337,-0.1011,-0.0009,0.0652,0.0074,-1.8747,-0.0553
17.282235860824585,-0.1011,-0.0011,0.0653,-0.0002,-1.8758,-0.0657
17.28236174583435,-0.1011,-0.0014,0.0653,0.0255,-1.8768,-0.06
17.282482862472534,-0.1012,-0.0016,0.0656,0.0239,-1.8778,-0.0534
17.282604932785034,-0.1012,-0.0016,0.0655,0.0186,-1.8788,-0.051
17.282721042633057,-0.1012,-0.0016,0.0664,0.1393,-1.8798,0.0351
17.282835960388184,-0.1012,-0.0008,0.0679,0.0731,-1.8808,0.0894
17.282947778701782,-0.1012,0.0003,0.0678,0.0312,-1.8818,0.1168
17.28305983543396,-0.1011,0.0014,0.0686,0.0623,-1.8828,0.1703
17.283174753189087,-0.1011,0.0026,0.0687,-0.045,-1.8839,0.1561
17.283288717269897,-0.101,0.0033,0.0672,-0.171,-1.8849,0.05
17.283405780792236,-0.101,0.0028,0.0653,-0.1239,-1.8859,-0.0401
17.410910844802856,-0.101,0.0016,0.0641,-0.0526,-1.8869,-0.0935
17.41107988357544,-0.101,0.0002,0.0642,0.0552,-1.8879,-0.0778
17.411208868026733,-0.1011,-0.0006,0.0648,0.0348,-1.8889,-0.0716
17.411333799362183,-0.1011,-0.0011,0.065,0.0235,-1.8899,-0.072
17.41146683692932,-0.1011,-0.0015,0.0651,0.0787,-1.8909,-0.0362
17.411584854125977,-0.1011,-0.0014,0.0662,0.089,-1.8919,0.0136
17.411701917648315,-0.1011,-0.0008,0.0666,0.0376,-1.8929,0.0336
17.411816835403442,-0.1011,-0.0003,0.0671,0.0252,-1.894,0.0493
17.41193175315857,-0.1011,0.0003,0.0671,-0.0191,-1.895,0.036
17.41205096244812,-0.1011,0.0006,0.0668,-0.0091,-1.896,0.027
17.412169933319092,-0.1011,0.0007,0.0665,-0.0174,-1.897,0.0108
17.412299871444702,-0.1011,0.0006,0.0662,-0.0286,-1.898,-0.0156
17.41243886947632,-0.1011,0.0002,0.0659,-0.0275,-1.899,-0.0439
17.54034996032715,-0.1011,-0.0003,0.0655,-0.0241,-1.9,-0.0729
17.54055094718933,-0.1011,-0.0009,0.0653,-0.0089,-1.901,-0.0941
17.54068684577942,-0.1011,-0.0015,0.0653,0.0291,-1.902,-0.0914
17.540807962417603,-0.1012,-0.002,0.066,0.0164,-1.9031,-0.0928
17.540925979614258,-0.1012,-0.0023,0.0654,0.1037,-1.9041,-0.0426
17.541043996810913,-0.1012,-0.002,0.0673,0.1654,-1.9051,0.0614
17.54116201400757,-0.1012,-0.0008,0.0684,0.0354,-1.9061,0.0897
17.541286945343018,-0.1012,0.0003,0.0679,-0.0489,-1.9071,0.0604
17.54140281677246,-0.1011,0.0008,0.0673,-0.0214,-1.9081,0.0447
17.541542768478394,-0.1011,0.001,0.0672,-0.0106,-1.9091,0.0353
17.54169273376465,-0.1011,0.001,0.067,-0.0299,-1.9101,0.0119
17.541831970214844,-0.1011,0.0008,0.0666,-0.0409,-1.9111,-0.0218
17.541960954666138,-0.1011,0.0004,0.0662,-0.0306,-1.9122,-0.0523
17.67495083808899,-0.1011,-0.0002,0.0657,-0.0021,-1.9132,-0.0687
17.675148963928223,-0.1012,-0.0008,0.066,0.0399,-1.9142,-0.0567
17.675277709960938,-0.1012,-0.0011,0.0662,0.0162,-1.9152,-0.0587
17.67540669441223,-0.1012,-0.0014,0.0665,0.0254,-1.9162,-0.0532
17.675527811050415,-0.1012,-0.0015,0.0667,0.0424,-1.9172,-0.0355
17.675646781921387,-0.1012,-0.0014,0.0671,0.0319,-1.9182,-0.022
17.67576289176941,-0.1012,-0.0012,0.0678,0.0829,-1.9192,0.0291
17.675878763198853,-0.1012,-0.0005,0.0687,0.0665,-1.9203,0.0765
17.675996780395508,-0.1012,0.0004,0.0688,0.0328,-1.9213,0.1035
17.676124811172485,-0.1012,0.0013,0.0692,0.0613,-1.9223,0.1522
17.676252841949463,-0.1011,0.0024,0.0699,-0.0028,-1.9233,0.1647
17.676387071609497,-0.1011,0.0033,0.0698,-0.1474,-1.9243,0.0835
17.676508903503418,-0.101,0.0031,0.0673,-0.1574,-1.9253,-0.0221
17.676649808883667,-0.101,0.002,0.0664,-0.056,-1.9263,-0.0697
17.817043781280518,-0.1011,0.0007,0.066,-0.031,-1.9273,-0.1052
17.81723380088806,-0.1011,-0.0005,0.0659,0.0346,-1.9283,-0.1
17.81736707687378,-0.1011,-0.0014,0.0663,0.028,-1.9294,-0.097
17.817489862442017,-0.1012,-0.0019,0.0666,0.0167,-1.9304,-0.1002
17.817609786987305,-0.1012,-0.0023,0.0673,0.135,-1.9314,-0.022
17.817726850509644,-0.1012,-0.0018,0.0687,0.084,-1.9324,0.0331
17.8178448677063,-0.1012,-0.001,0.069,-0.0338,-1.9334,0.0149
17.817965984344482,-0.1012,-0.0005,0.0681,-0.0707,-1.9344,-0.0337
17.81808590888977,-0.1012,-0.0007,0.0676,-0.0277,-1.9354,-0.0588
17.818203926086426,-0.1012,-0.0011,0.0673,-0.0462,-1.9364,-0.0982
17.818328857421875,-0.1012,-0.0017,0.0667,-0.0207,-1.9374,-0.1263
17.818448781967163,-0.1013,-0.0024,0.0666,0.0348,-1.9385,-0.1194
17.818565845489502,-0.1013,-0.0029,0.067,0.0259,-1.9395,-0.1164
17.818681716918945,-0.1014,-0.0031,0.0679,0.1766,-1.9405,-0.0096
17.94783878326416,-0.1014,-0.0023,0.0699,0.1208,-1.9415,0.0754
17.948019981384277,-0.1013,-0.0009,0.07,0.0934,-1.9425,0.1446
17.948144912719727,-0.1013,0.0008,0.0717,0.131,-1.9435,0.2506
17.94827890396118,-0.1012,0.003,0.0728,-0.0351,-1.9445,0.2589
17.94840383529663,-0.1011,0.0046,0.0713,-0.268,-1.9456,0.1065
17.94852590560913,-0.1011,0.0043,0.0672,-0.2586,-1.9466,-0.0696
17.948644876480103,-0.1011,0.0023,0.0659,-0.0502,-1.9476,-0.1217
17.948760747909546,-0.1012,0.0004,0.0658,0.0235,-1.9486,-0.1284
17.948877811431885,-0.1012,-0.0009,0.0661,0.0876,-1.9496,-0.0925
17.949012994766235,-0.1012,-0.0016,0.0667,0.1078,-1.9506,-0.0399
17.94912886619568,-0.1012,-0.0015,0.068,0.1451,-1.9516,0.0455
17.94924283027649,-0.1012,-0.0006,0.0696,0.0661,-1.9526,0.0922
17.949357986450195,-0.1012,0.0005,0.0694,-0.0555,-1.9536,0.0588
18.07732582092285,-0.1012,0.0009,0.0686,-0.0167,-1.9547,0.045
18.077497720718384,-0.1012,0.0011,0.0689,0.0046,-1.9557,0.0473
18.077622890472412,-0.1011,0.0012,0.0686,-0.0489,-1.9567,0.0127
18.077752828598022,-0.1011,0.001,0.068,-0.0486,-1.9577,-0.0265
18.077871799468994,-0.1012,0.0004,0.0679,-0.0289,-1.9587,-0.0543
18.077993869781494,-0.1012,-0.0002,0.0678,-0.043,-1.9597,-0.0928
18.07811403274536,-0.1012,-0.0011,0.067,-0.0355,-1.9607,-0.1326
18.078232765197754,-0.1012,-0.002,0.0671,0.0296,-1.9617,-0.131
18.07835078239441,-0.1013,-0.0027,0.0671,0.024,-1.9628,-0.1332
18.078490734100342,-0.1013,-0.0032,0.068,0.1621,-1.9638,-0.0404
18.07862091064453,-0.1013,-0.0026,0.0697,0.1013,-1.9648,0.0251
18.078758716583252,-0.1013,-0.0016,0.07,0.0784,-1.9658,0.0783
18.078873872756958,-0.1013,-0.0004,0.0709,0.0298,-1.9668,0.1072
18.20655107498169,-0.1013,0.0008,0.0704,-0.0429,-1.9678,0.0865
18.206714868545532,-0.1012,0.0014,0.0701,-0.0046,-1.9688,0.0886
18.206840753555298,-0.1012,0.0018,0.0706,-0.0193,-1.9698,0.0844
18.206974983215332,-0.1012,0.0021,0.0695,-0.1404,-1.9709,-0.0057
18.207093000411987,-0.1012,0.0014,0.068,-0.058,-1.9719,-0.0537
18.20721197128296,-0.1012,0.0005,0.068,0.03,-1.9729,-0.0462
18.207329988479614,-0.1012,-0.0001,0.0683,0.0354,-1.9739,-0.0337
18.20744800567627,-0.1012,-0.0004,0.0685,0.0338,-1.9749,-0.021
18.207562923431396,-0.1012,-0.0005,0.0688,0.0512,-1.9759,0.0046
18.20769476890564,-0.1012,-0.0003,0.0692,0.0545,-1.9769,0.0356
18.207806825637817,-0.1012,0.0001,0.0697,0.0011,-1.9779,0.0352
18.2079439163208,-0.1012,0.0004,0.0695,-0.0057,-1.979,0.0291
18.20806884765625,-0.1012,0.0006,0.0697,0.0307,-1.98,0.0482
18.337087869644165,-0.1012,0.0009,0.0697,-0.0131,-1.981,0.039
18.337260961532593,-0.1012,0.001,0.0693,-0.0082,-1.982,0.03
18.337379693984985,-0.1012,0.001,0.0693,0.004,-1.983,0.0282
18.337512969970703,-0.1012,0.001,0.0692,-0.0157,-1.984,0.0127
18.3376567363739,-0.1012,0.0008,0.0687,-0.0146,-1.985,-0.0058
18.337775707244873,-0.1012,0.0005,0.0688,-0.0077,-1.986,-0.0199
18.337891817092896,-0.1012,0.0002,0.0687,0.0351,-1.987,-0.0073
18.338016986846924,-0.1012,0.0,0.0693,0.0319,-1.9881,0.0073
18.3381450176239,-0.1012,0.0001,0.069,0.0003,-1.9891,-0.0005
18.338284969329834,-0.1012,0.0001,0.0693,0.033,-1.9901,0.014
18.33841896057129,-0.1012,0.0002,0.0699,0.0343,-1.9911,0.0336
18.33854389190674,-0.1012,0.0005,0.0698,0.0183,-1.9921,0.0424
18.338682889938354,-0.1011,0.0007,0.07,0.022,-1.9931,0.0549
18.46701693534851,-0.1011,0.001,0.0703,0.0052,-1.9941,0.0587
18.46721363067627,-0.1011,0.0013,0.0702,0.001,-1.9951,0.0589
18.467333793640137,-0.1011,0.0015,0.0701,0.0011,-1.9962,0.0587
18.467471837997437,-0.1011,0.0016,0.0699,-0.0021,-1.9972,0.0547
18.467602968215942,-0.101,0.0017,0.0705,-0.0222,-1.9982,0.0422
18.467721939086914,-0.101,0.0016,0.0691,-0.1393,-1.9992,-0.0565
18.467840909957886,-0.101,0.0006,0.0678,-0.0151,-2.0002,-0.0851
18.467960834503174,-0.1011,-0.0004,0.0682,-0.0064,-2.0012,-0.106
18.46807885169983,-0.1011,-0.0013,0.0675,-0.0443,-2.0022,-0.1577
18.468215942382812,-0.1012,-0.0025,0.0674,0.0609,-2.0032,-0.143
18.468347787857056,-0.1012,-0.0031,0.0689,0.1513,-2.0042,-0.0601
18.468494653701782,-0.1012,-0.0028,0.0699,0.1168,-2.0052,0.008
18.468621015548706,-0.1012,-0.0019,0.0712,0.1093,-2.0063,0.0812
18.597275733947754,-0.1012,-0.0005,0.0719,-0.0279,-2.0073,0.0713
18.59745478630066,-0.1012,0.0003,0.0709,-0.0261,-2.0083,0.0553
18.59757685661316,-0.1012,0.0008,0.0712,0.0168,-2.0093,0.0699
18.597693920135498,-0.1011,0.0012,0.0709,-0.0445,-2.0103,0.0424
18.597810745239258,-0.1011,0.0013,0.0701,-0.0451,-2.0113,0.0086
18.597928762435913,-0.1011,0.001,0.07,-0.0143,-2.0123,-0.0063
18.59804677963257,-0.1011,0.0006,0.0699,-0.039,-2.0133,-0.0386
18.59816598892212,-0.1011,0.0001,0.0692,-0.0365,-2.0144,-0.0747
18.59828281402588,-0.1012,-0.0007,0.069,0.0326,-2.0154,-0.0686
18.598399877548218,-0.1012,-0.0012,0.0695,0.0242,-2.0164,-0.0648
18.59852886199951,-0.1012,-0.0014,0.0695,0.0168,-2.0174,-0.0657
18.598658084869385,-0.1012,-0.0016,0.0697,0.0391,-2.0184,-0.0513
18.59878396987915,-0.1012,-0.0017,0.0697,0.0817,-2.0194,-0.0099
18.727964878082275,-0.1012,-0.0013,0.0712,0.1172,-2.0204,0.0654
18.728129863739014,-0.1012,-0.0002,0.0721,0.0328,-2.0214,0.0929
18.72825288772583,-0.1012,0.0007,0.0721,0.0412,-2.0225,0.1265
18.72836995124817,-0.1011,0.0017,0.0728,0.022,-2.0235,0.1531
18.72848677635193,-0.1011,0.0027,0.0732,-0.0422,-2.0245,0.1411
18.72860288619995,-0.1011,0.0033,0.0717,-0.1609,-2.0255,0.0421
18.728721857070923,-0.101,0.0027,0.0701,-0.0996,-2.0265,-0.0292
18.728846788406372,-0.101,0.0016,0.0694,-0.0678,-2.0275,-0.0861
18.728968858718872,-0.1011,0.0003,0.069,0.0298,-2.0285,-0.0836
18.729087829589844,-0.1011,-0.0006,0.0698,0.0371,-2.0295,-0.0718
18.729217052459717,-0.1011,-0.0011,0.07,0.008,-2.0305,-0.0781
18.72936701774597,-0.1012,-0.0016,0.0702,0.0405,-2.0315,-0.0623
18.729500770568848,-0.1012,-0.0017,0.0709,0.0953,-2.0326,-0.0066
18.869918823242188,-0.1012,-0.0013,0.0716,0.0448,-2.0336,0.0214
18.87008309364319,-0.1012,-0.0007,0.0718,0.03,-2.0346,0.0418
18.870215892791748,-0.1012,-0.0001,0.072,-0.0167,-2.0356,0.0334
18.870333909988403,-0.1011,0.0003,0.0715,-0.0238,-2.0366,0.0174
18.870450973510742,-0.1011,0.0004,0.0713,-0.0166,-2.0376,0.004
18.870569944381714,-0.1011,0.0003,0.071,-0.0298,-2.0386,-0.0201
18.87068796157837,-0.1011,0.0,0.0706,-0.027,-2.0396,-0.0456
18.870821714401245,-0.1012,-0.0004,0.0702,-0.0187,-2.0407,-0.069
18.87095594406128,-0.1012,-0.001,0.07,-0.0246,-2.0417,-0.0987
18.87109398841858,-0.1012,-0.0016,0.0694,0.0099,-2.0427,-0.1107
18.87122678756714,-0.1012,-0.0022,0.0698,0.0306,-2.0437,-0.1072
18.87137198448181,-0.1013,-0.0026,0.0695,0.1056,-2.0447,-0.0581
18.871490955352783,-0.1013,-0.0024,0.0716,0.1828,-2.0457,0.0562
18.871623754501343,-0.1013,-0.0011,0.0729,0.0246,-2.0467,0.0782
19.0011568069458,-0.1013,-0.0,0.0719,-0.1031,-2.0477,0.011
19.001316785812378,-0.1013,0.0001,0.0709,-0.0323,-2.0488,-0.0177
19.001441955566406,-0.1013,-0.0001,0.0708,0.0232,-2.0498,-0.0116
19.0015709400177,-0.1013,-0.0002,0.0711,0.0219,-2.0508,-0.0049
19.001689672470093,-0.1013,-0.0002,0.0711,0.0066,-2.0518,-0.0083
19.001805782318115,-0.1013,-0.0002,0.0711,0.026,-2.0528,0.001
19.001921892166138,-0.1013,-0.0001,0.0715,0.0399,-2.0538,0.0214
19.002034902572632,-0.1013,0.0001,0.0716,0.0103,-2.0548,0.0237
19.00214982032776,-0.1013,0.0003,0.0716,-0.0017,-2.0558,0.0184
19.002280950546265,-0.1012,0.0004,0.0716,0.0112,-2.0569,0.0208
19.002420902252197,-0.1012,0.0005,0.0717,0.0215,-2.0579,0.0306
19.00255584716797,-0.1012,0.0006,0.0718,-0.003,-2.0589,0.0248
19.002667903900146,-0.1012,0.0007,0.0717,0.0066,-2.0599,0.0245
19.132256984710693,-0.1012,0.0007,0.0716,0.0006,-2.0609,0.0197
19.132426977157593,-0.1012,0.0007,0.0717,0.0054,-2.0619,0.0181
19.132547855377197,-0.1012,0.0007,0.0716,-0.0127,-2.0629,0.0042
19.132673025131226,-0.1012,0.0005,0.0716,0.0176,-2.0639,0.0091
19.132789850234985,-0.1012,0.0004,0.0719,-0.003,-2.065,0.0028
19.132910013198853,-0.1012,0.0003,0.0716,-0.0339,-2.066,-0.0259
19.13302707672119,-0.1012,-0.0,0.0712,0.0052,-2.067,-0.0323
19.13314390182495,-0.1012,-0.0003,0.0717,0.0002,-2.068,-0.039
19.13326382637024,-0.1012,-0.0006,0.0713,-0.0442,-2.069,-0.0779
19.13341474533081,-0.1013,-0.0012,0.071,-0.0155,-2.07,-0.101
19.133548974990845,-0.1013,-0.0018,0.0708,0.0026,-2.071,-0.1145
19.133687019348145,-0.1013,-0.0024,0.071,0.0075,-2.072,-0.1242
19.1338050365448,-0.1014,-0.0029,0.0712,0.107,-2.0731,-0.0683
19.13393783569336,-0.1014,-0.0027,0.0728,0.099,-2.0741,-0.0061
19.26741600036621,-0.1014,-0.0019,0.0732,0.0599,-2.0751,0.0334
19.267592906951904,-0.1014,-0.001,0.0739,0.1038,-2.0761,0.1067
19.267716884613037,-0.1013,0.0003,0.0749,0.0118,-2.0771,0.1284
19.267849922180176,-0.1013,0.0015,0.074,-0.0457,-2.0781,0.1075
19.26796579360962,-0.1013,0.0021,0.0737,0.0102,-2.0791,0.1208
19.26808190345764,-0.1012,0.0026,0.0735,-0.1337,-2.0801,0.0395
19.268200874328613,-0.1012,0.0022,0.0708,-0.1448,-2.0812,-0.069
19.26831579208374,-0.1012,0.0009,0.0702,0.0556,-2.0822,-0.0528
19.26843786239624,-0.1013,0.0001,0.0713,-0.0301,-2.0832,-0.085
19.268578052520752,-0.1013,-0.0008,0.0698,-0.13,-2.0842,-0.1939
19.268699884414673,-0.1013,-0.0024,0.0685,0.0437,-2.0852,-0.2005
19.268826723098755,-0.1014,-0.0036,0.0697,0.2066,-2.0862,-0.0946
19.268954753875732,-0.1014,-0.0035,0.0722,0.2132,-2.0872,0.0335
19.40149974822998,-0.1014,-0.0021,0.0741,0.1022,-2.0883,0.1039
19.40168285369873,-0.1014,-0.0005,0.074,-0.0627,-2.0893,0.068
19.40182876586914,-0.1014,0.0003,0.0731,-0.0117,-2.0903,0.0591
19.401947736740112,-0.1014,0.0008,0.0734,0.0039,-2.0913,0.062
19.402065753936768,-0.1013,0.0012,0.0727,-0.0473,-2.0923,0.0274
19.40218186378479,-0.1013,0.0011,0.0721,-0.0251,-2.0933,0.0025
19.402299880981445,-0.1013,0.0008,0.0722,-0.0254,-2.0943,-0.0229
19.402419805526733,-0.1013,0.0003,0.0718,-0.041,-2.0953,-0.0614
19.40253782272339,-0.1014,-0.0004,0.0713,0.032,-2.0964,-0.0566
19.402654886245728,-0.1014,-0.0008,0.0722,0.0404,-2.0974,-0.0409
19.40278387069702,-0.1014,-0.001,0.072,0.0047,-2.0984,-0.0498
19.40291404724121,-0.1014,-0.0012,0.0723,0.0517,-2.0994,-0.0268
19.40304470062256,-0.1014,-0.0011,0.0729,0.0373,-2.1004,-0.0087
19.53711986541748,-0.1014,-0.0008,0.073,0.024,-2.1014,0.0014
19.53730297088623,-0.1014,-0.0006,0.0731,0.0377,-2.1024,0.0211
19.537439823150635,-0.1014,-0.0002,0.0737,0.0326,-2.1035,0.0416
19.53756594657898,-0.1014,0.0003,0.0738,-0.0205,-2.1045,0.0284
19.537683963775635,-0.1014,0.0005,0.0735,-0.0146,-2.1055,0.0168
19.537797689437866,-0.1014,0.0005,0.0732,0.0028,-2.1065,0.0141
19.537923097610474,-0.1014,0.0005,0.0732,-0.0117,-2.1075,0.0016
19.538041830062866,-0.1014,0.0004,0.073,-0.0233,-2.1085,-0.0201
19.538158655166626,-0.1014,0.0,0.0727,-0.0065,-2.1095,-0.0335
19.53827977180481,-0.1014,-0.0003,0.0728,-0.0115,-2.1106,-0.0498
19.53839898109436,-0.1014,-0.0007,0.0725,-0.0038,-2.1116,-0.0636
19.538516998291016,-0.1014,-0.0011,0.0723,0.022,-2.1126,-0.0623
19.538633823394775,-0.1014,-0.0014,0.0728,0.0127,-2.1136,-0.0641
19.538753032684326,-0.1015,-0.0016,0.0727,-0.0053,-2.1146,-0.0787
19.673245906829834,-0.1015,-0.0019,0.0725,0.1269,-2.1156,-0.0096
19.673415899276733,-0.1015,-0.0014,0.0745,0.0896,-2.1166,0.0498
19.673544883728027,-0.1015,-0.0005,0.0742,-0.0074,-2.1177,0.0445
19.67367386817932,-0.1015,0.0001,0.0743,0.0521,-2.1187,0.079
19.673796892166138,-0.1014,0.0008,0.0751,0.014,-2.1197,0.0943
19.673918962478638,-0.1014,0.0015,0.0746,-0.0494,-2.1207,0.0652
19.674035787582397,-0.1014,0.0017,0.0747,-0.0225,-2.1217,0.054
19.674153804779053,-0.1014,0.0017,0.0741,-0.0965,-2.1227,-0.0095
19.674280881881714,-0.1014,0.0011,0.073,-0.0329,-2.1237,-0.0399
19.674413919448853,-0.1014,0.0004,0.0729,0.0146,-2.1248,-0.0409
19.67455267906189,-0.1014,-0.0001,0.0731,0.0203,-2.1258,-0.0373
19.674680709838867,-0.1014,-0.0005,0.073,0.005,-2.1268,-0.0455
19.674811840057373,-0.1014,-0.0008,0.0733,0.0376,-2.1278,-0.0302
19.674932956695557,-0.1014,-0.0008,0.0737,0.0352,-2.1288,-0.0138
19.80814003944397,-0.1014,-0.0007,0.0738,0.0264,-2.1298,-0.0031
19.808310985565186,-0.1014,-0.0005,0.074,0.034,-2.1308,0.0142
19.80843496322632,-0.1014,-0.0002,0.0745,0.0175,-2.1319,0.0239
19.808555841445923,-0.1014,0.0001,0.0743,-0.0117,-2.1329,0.0135
19.808669805526733,-0.1014,0.0002,0.0741,0.0146,-2.1339,0.0186
19.808783769607544,-0.1014,0.0003,0.0744,0.0035,-2.1349,0.0187
19.808904886245728,-0.1014,0.0004,0.0741,-0.0241,-2.1359,-0.0017
19.809019804000854,-0.1014,0.0003,0.0738,0.0078,-2.1369,-0.0039
19.80913782119751,-0.1014,0.0001,0.0741,-0.001,-2.1379,-0.0102
19.809255838394165,-0.1014,0.0,0.0739,-0.0195,-2.139,-0.0301
19.80937695503235,-0.1014,-0.0003,0.0737,-0.0087,-2.14,-0.0448
19.809494018554688,-0.1014,-0.0006,0.0735,0.0012,-2.141,-0.0548
19.809614658355713,-0.1015,-0.001,0.0735,-0.0255,-2.142,-0.0825
19.955671072006226,-0.1015,-0.0015,0.0729,0.0035,-2.143,-0.096
19.95583987236023,-0.1015,-0.002,0.0733,0.0364,-2.144,-0.0865
19.955975770950317,-0.1015,-0.0022,0.073,0.0836,-2.145,-0.0486
19.956094980239868,-0.1016,-0.002,0.0749,0.1601,-2.1461,0.0519
19.956214904785156,-0.1015,-0.0009,0.0758,0.0274,-2.1471,0.0738
19.956331968307495,-0.1015,0.0001,0.0754,-0.033,-2.1481,0.0544
19.95644998550415,-0.1015,0.0006,0.0752,-0.0114,-2.1491,0.0474
19.956568002700806,-0.1015,0.0009,0.0749,-0.0281,-2.1501,0.0274
19.95668387413025,-0.1015,0.0009,0.0743,-0.0294,-2.1511,0.0018
19.956796884536743,-0.1015,0.0006,0.0743,0.0296,-2.1521,0.0144
19.95691180229187,-0.1015,0.0006,0.0746,-0.0097,-2.1532,0.0033
19.957027673721313,-0.1015,0.0004,0.0738,-0.0421,-2.1542,-0.0348
19.957151889801025,-0.1015,-0.0,0.0733,-0.0141,-2.1552,-0.0592
19.95726990699768,-0.1015,-0.0006,0.0732,-0.0127,-2.1562,-0.0839
19.957387924194336,-0.1015,-0.0012,0.0729,0.0072,-2.1572,-0.0982
20.090895891189575,-0.1016,-0.0018,0.073,0.0235,-2.1582,-0.1023
20.09107494354248,-0.1016,-0.0023,0.0735,0.0194,-2.1593,-0.1058
20.091206789016724,-0.1016,-0.0026,0.0735,0.1419,-2.1603,-0.0308
20.091331005096436,-0.1016,-0.0021,0.0758,0.1518,-2.1613,0.0674
20.091449737548828,-0.1016,-0.0008,0.0766,-0.0135,-2.1623,0.0648
20.09156608581543,-0.1016,0.0,0.0757,-0.0576,-2.1633,0.0281
20.091681957244873,-0.1016,0.0003,0.0754,-0.0098,-2.1643,0.02
20.091799020767212,-0.1016,0.0004,0.0751,-0.0266,-2.1654,-0.001
20.09191393852234,-0.1016,0.0003,0.0749,0.0175,-2.1664,0.0041
20.092026710510254,-0.1016,0.0002,0.0753,0.0316,-2.1674,0.0212
20.092140913009644,-0.1016,0.0004,0.0753,-0.006,-2.1684,0.0137
20.092270851135254,-0.1016,0.0004,0.0753,0.0115,-2.1694,0.0175
20.09238600730896,-0.1016,0.0004,0.0752,-0.0138,-2.1704,0.004
20.224946975708008,-0.1016,0.0004,0.075,-0.0089,-2.1714,-0.0079
20.225122928619385,-0.1016,0.0002,0.0748,-0.006,-2.1725,-0.0197
20.225260019302368,-0.1016,-0.0001,0.0747,-0.0254,-2.1735,-0.0455
20.22538685798645,-0.1016,-0.0005,0.0742,-0.0189,-2.1745,-0.0709
20.2255117893219,-0.1016,-0.001,0.0741,-0.0203,-2.1755,-0.0984
20.225635051727295,-0.1016,-0.0017,0.0738,0.0095,-2.1765,-0.1097
20.2257559299469,-0.1017,-0.0023,0.0743,0.0371,-2.1775,-0.1001
20.225873947143555,-0.1017,-0.0026,0.074,0.1172,-2.1786,-0.0415
20.225989818572998,-0.1017,-0.0022,0.0762,0.1635,-2.1796,0.0632
20.22610569000244,-0.1017,-0.0009,0.0772,-0.005,-2.1806,0.0661
20.226226806640625,-0.1017,0.0,0.0761,-0.0774,-2.1816,0.0152
20.226342916488647,-0.1017,0.0002,0.0758,-0.0145,-2.1826,0.0029
20.226459741592407,-0.1017,0.0001,0.0758,-0.0239,-2.1836,-0.0157
20.226582050323486,-0.1017,-0.0001,0.0752,-0.0078,-2.1847,-0.0288
20.359006881713867,-0.1017,-0.0003,0.0757,0.0375,-2.1857,-0.0098
20.35918378829956,-0.1017,-0.0003,0.0758,-0.0034,-2.1867,-0.0165
20.35932183265686,-0.1017,-0.0004,0.0755,0.0012,-2.1877,-0.0229
20.359444856643677,-0.1017,-0.0005,0.0757,0.0232,-2.1887,-0.0136
20.35957098007202,-0.1017,-0.0005,0.0758,0.0154,-2.1897,-0.0091
20.35968780517578,-0.1017,-0.0004,0.076,0.0307,-2.1908,0.0069
20.35980486869812,-0.1017,-0.0002,0.0764,0.0247,-2.1918,0.0218
20.35991883277893,-0.1017,0.0001,0.0765,0.031,-2.1928,0.0414
20.36003303527832,-0.1017,0.0004,0.0769,0.038,-2.1938,0.0685
20.36014676094055,-0.1017,0.001,0.0772,0.024,-2.1948,0.0888
20.360261917114258,-0.1016,0.0015,0.0776,0.0306,-2.1958,0.1159
20.360378742218018,-0.1016,0.0022,0.0775,-0.0129,-2.1969,0.1147
20.36049485206604,-0.1016,0.0027,0.0778,-0.1,-2.1979,0.0595
20.494685888290405,-0.1015,0.0024,0.0759,-0.1344,-2.1989,-0.0317
20.494866847991943,-0.1016,0.0014,0.0752,0.0131,-2.1999,-0.034
20.494988918304443,-0.1016,0.0007,0.0759,0.1073,-2.2009,0.0293
20.495115041732788,-0.1016,0.0007,0.0769,0.0515,-2.2019,0.0634
20.495231866836548,-0.1015,0.0011,0.0772,0.0144,-2.203,0.076
20.495349884033203,-0.1015,0.0015,0.0773,-0.0013,-2.204,0.0792
20.495466947555542,-0.1015,0.0018,0.0773,-0.0098,-2.205,0.0769
20.49558401107788,-0.1015,0.002,0.077,-0.0254,-2.206,0.0617
20.495699882507324,-0.1014,0.002,0.0775,-0.0435,-2.207,0.0383
20.49584197998047,-0.1014,0.0018,0.0762,-0.1209,-2.208,-0.0444
20.495975971221924,-0.1014,0.0008,0.0753,-0.0485,-2.209,-0.0881
20.4961199760437,-0.1015,-0.0003,0.0748,-0.0295,-2.2101,-0.1237
20.49624276161194,-0.1015,-0.0014,0.0745,0.0119,-2.2111,-0.1355
20.496370792388916,-0.1016,-0.0023,0.0751,0.0343,-2.2121,-0.1297
20.631267786026,-0.1016,-0.0029,0.0758,0.131,-2.2131,-0.0568
20.631441831588745,-0.1016,-0.0026,0.0771,0.0977,-2.2141,0.0037
20.631573915481567,-0.1016,-0.0018,0.0778,0.0881,-2.2151,0.0633
20.63169288635254,-0.1016,-0.0006,0.0788,0.0096,-2.2162,0.0797
20.631813764572144,-0.1016,0.0003,0.0778,-0.0503,-2.2172,0.051
20.63192868232727,-0.1016,0.0007,0.0775,0.0098,-2.2182,0.059
20.63204598426819,-0.1015,0.0011,0.0776,-0.0314,-2.2192,0.0408
20.632163047790527,-0.1015,0.0012,0.0768,-0.0534,-2.2202,0.0024
20.632280826568604,-0.1015,0.0008,0.0762,-0.0053,-2.2212,-0.0096
20.632399797439575,-0.1015,0.0005,0.0765,-0.007,-2.2222,-0.0211
20.632526874542236,-0.1015,0.0001,0.0761,-0.0491,-2.2233,-0.0628
20.63265585899353,-0.1015,-0.0005,0.0756,-0.0329,-2.2243,-0.0987
20.632776975631714,-0.1016,-0.0013,0.0754,-0.0125,-2.2253,-0.1233
20.771095991134644,-0.1016,-0.0021,0.0749,0.0112,-2.2263,-0.1372
20.771262884140015,-0.1017,-0.0028,0.0753,0.0539,-2.2273,-0.1213
20.771394968032837,-0.1017,-0.0032,0.0765,0.1891,-2.2283,-0.01
20.771516799926758,-0.1017,-0.0023,0.0784,0.1251,-2.2294,0.0743
20.771636962890625,-0.1017,-0.0009,0.0785,0.0845,-2.2304,0.1339
20.771750926971436,-0.1016,0.0007,0.0799,0.1509,-2.2314,0.2468
20.771869897842407,-0.1016,0.0029,0.0815,-0.0109,-2.2324,0.2684
20.771986961364746,-0.1015,0.0046,0.0803,-0.2587,-2.2334,0.1217
20.772117853164673,-0.1014,0.0044,0.0759,-0.2747,-2.2344,-0.0668
20.772263765335083,-0.1015,0.0024,0.0745,-0.0478,-2.2355,-0.1204
20.772413969039917,-0.1015,0.0005,0.0746,0.0408,-2.2365,-0.1173
20.772544860839844,-0.1015,-0.0008,0.0755,0.0966,-2.2375,-0.0729
20.772679805755615,-0.1016,-0.0012,0.0761,0.0806,-2.2385,-0.0352
20.772795915603638,-0.1016,-0.0012,0.0771,0.1265,-2.2395,0.039
20.908841848373413,-0.1016,-0.0005,0.0786,0.0961,-2.2405,0.1044
20.909021854400635,-0.1015,0.0007,0.079,-0.0369,-2.2415,0.0873
20.909146785736084,-0.1015,0.0013,0.0783,-0.0254,-2.2426,0.0733
20.909262657165527,-0.1015,0.0016,0.0785,0.0075,-2.2436,0.0816
20.909384965896606,-0.1014,0.0019,0.0784,-0.0812,-2.2446,0.0319
20.90950608253479,-0.1014,0.0017,0.0767,-0.1023,-2.2456,-0.0442
20.909624099731445,-0.1014,0.0007,0.0764,-0.0058,-2.2466,-0.061
20.9097421169281,-0.1015,-0.0001,0.0764,0.009,-2.2476,-0.0685
20.90985894203186,-0.1015,-0.0007,0.0764,0.0163,-2.2486,-0.0725
20.909987688064575,-0.1015,-0.0012,0.0767,0.022,-2.2497,-0.0711
20.910104751586914,-0.1015,-0.0015,0.0768,0.0143,-2.2507,-0.074
20.910221815109253,-0.1016,-0.0018,0.0774,0.0729,-2.2517,-0.0357
20.910338878631592,-0.1016,-0.0016,0.078,0.0437,-2.2527,-0.0118
20.91046380996704,-0.1016,-0.0012,0.0781,0.0294,-2.2537,0.0035
21.039647817611694,-0.1016,-0.0008,0.0785,0.0098,-2.2547,0.0091
21.039836883544922,-0.1016,-0.0005,0.078,-0.0254,-2.2558,-0.0112
21.039968013763428,-0.1016,-0.0005,0.0777,-0.0044,-2.2568,-0.0202
21.04009485244751,-0.1016,-0.0005,0.0774,-0.0243,-2.2578,-0.0447
21.040215969085693,-0.1016,-0.0008,0.0771,-0.0299,-2.2588,-0.0756
21.040336847305298,-0.1016,-0.0013,0.0769,-0.0106,-2.2598,-0.0962
21.040456771850586,-0.1017,-0.0018,0.0766,-0.0102,-2.2608,-0.1192
21.04057478904724,-0.1017,-0.0025,0.0764,0.0171,-2.2619,-0.1266
21.040690898895264,-0.1017,-0.003,0.0759,0.0856,-2.2629,-0.0935
21.040804862976074,-0.1018,-0.003,0.0775,0.168,-2.2639,0.004
21.040919065475464,-0.1018,-0.002,0.0791,0.1009,-2.2649,0.0693
21.0410418510437,-0.1017,-0.0008,0.0796,0.1068,-2.2659,0.1433
21.041157722473145,-0.1017,0.0009,0.0813,0.1289,-2.2669,0.2444
21.15885090827942,-0.1016,0.003,0.0824,-0.0255,-2.268,0.2545
21.159005880355835,-0.1015,0.0046,0.081,-0.2355,-2.269,0.1202
21.159141778945923,-0.1015,0.0044,0.0773,-0.2594,-2.27,-0.0568
21.159265995025635,-0.1015,0.0025,0.0758,-0.0387,-2.271,-0.103
21.159388780593872,-0.1015,0.0008,0.0758,0.0207,-2.272,-0.1121
21.159506797790527,-0.1016,-0.0006,0.076,0.0764,-2.273,-0.0853
21.159626007080078,-0.1016,-0.0012,0.0767,0.0858,-2.274,-0.0476
21.159742832183838,-0.1016,-0.0013,0.0775,0.0961,-2.2751,0.0016
21.15985894203186,-0.1016,-0.0009,0.0788,0.1073,-2.2761,0.0673
21.15997576713562,-0.1016,0.0,0.0799,0.0507,-2.2771,0.1051
21.1600980758667,-0.1016,0.001,0.0799,-0.0263,-2.2781,0.0935
21.16021490097046,-0.1015,0.0016,0.0796,-0.0029,-2.2791,0.0949
21.276580810546875,-0.1015,0.0021,0.0796,-0.0143,-2.2801,0.089
21.27675485610962,-0.1015,0.0023,0.0787,-0.1432,-2.2812,-0.0065
21.276888847351074,-0.1015,0.0016,0.0772,-0.053,-2.2822,-0.0552
21.277018785476685,-0.1015,0.0006,0.0773,0.0328,-2.2832,-0.0489
21.277140855789185,-0.1015,-0.0001,0.0777,0.0327,-2.2842,-0.0402
21.27726101875305,-0.1015,-0.0005,0.0778,0.016,-2.2852,-0.0422
21.277379751205444,-0.1015,-0.0007,0.078,0.0388,-2.2862,-0.0282
21.27749991416931,-0.1015,-0.0008,0.0785,0.0136,-2.2872,-0.0275
21.2776198387146,-0.1016,-0.0008,0.0781,-0.0385,-2.2883,-0.0632
21.277737855911255,-0.1016,-0.0012,0.0776,0.0276,-2.2893,-0.0601
21.277869939804077,-0.1016,-0.0014,0.0783,0.0449,-2.2903,-0.0416
21.27800488471985,-0.1016,-0.0014,0.0784,0.0139,-2.2913,-0.0425
21.78059697151184,-0.1016,-0.0014,0.0781,0.0136,-2.2923,-0.0461
21.78085970878601,-0.1016,-0.0014,0.0785,0.0704,-2.2933,-0.0103
21.78100085258484,-0.1016,-0.0011,0.0793,0.0439,-2.2944,0.0138
21.7811336517334,-0.1016,-0.0006,0.0794,0.0354,-2.2954,0.0336
21.78125286102295,-0.1016,-0.0001,0.08,0.0609,-2.2964,0.0739
21.781380891799927,-0.1016,0.0006,0.0805,0.0175,-2.2974,0.0902
21.781503915786743,-0.1016,0.0013,0.0802,-0.003,-2.2984,0.0912
21.78161883354187,-0.1015,0.0018,0.0801,0.006,-2.2994,0.0975
21.781744718551636,-0.1015,0.0022,0.0805,-0.0722,-2.3005,0.0565
21.781864881515503,-0.1015,0.0021,0.0783,-0.1368,-2.3015,-0.0423
21.781980752944946,-0.1015,0.0011,0.0778,0.007,-2.3025,-0.0527
21.78211283683777,-0.1015,0.0002,0.0782,0.0673,-2.3035,-0.0221
21.782232761383057,-0.1015,-0.0001,0.0788,0.0661,-2.3045,0.0116
21.782346963882446,-0.1015,0.0001,0.0793,0.0551,-2.3055,0.0413
21.782479763031006,-0.1015,0.0005,0.08,0.0531,-2.3065,0.0748
21.78260564804077,-0.1015,0.001,0.0804,0.013,-2.3076,0.086
21.78272581100464,-0.1015,0.0016,0.0803,-0.0024,-2.3086,0.0862
21.7828528881073,-0.1014,0.0019,0.08,-0.0074,-2.3096,0.0814
21.78296971321106,-0.1014,0.0022,0.081,-0.0394,-2.3106,0.0625
21.783092975616455,-0.1014,0.0021,0.0792,-0.139,-2.3116,-0.0334
21.78321671485901,-0.1014,0.0012,0.0781,-0.0302,-2.3126,-0.068
21.783333778381348,-0.1014,0.0001,0.0781,0.0164,-2.3136,-0.0733
21.783450841903687,-0.1014,-0.0006,0.0783,0.0348,-2.3147,-0.0663
21.783578872680664,-0.1015,-0.0011,0.0788,0.0311,-2.3157,-0.0585
21.783707857131958,-0.1015,-0.0013,0.079,0.0272,-2.3167,-0.0521
21.78383469581604,-0.1015,-0.0014,0.0796,0.0657,-2.3177,-0.0169
21.783967971801758,-0.1015,-0.0012,0.0802,0.048,-2.3187,0.011
21.784104824066162,-0.1015,-0.0007,0.0806,0.0453,-2.3197,0.0401
21.784247875213623,-0.1015,-0.0001,0.0809,0.0072,-2.3207,0.0473
21.7843918800354,-0.1015,0.0004,0.0805,-0.0277,-2.3218,0.0289
21.784519910812378,-0.1015,0.0006,0.0803,-0.0058,-2.3228,0.0233
21.78464674949646,-0.1015,0.0006,0.08,-0.0219,-2.3238,0.0044
21.784764766693115,-0.1015,0.0005,0.0797,-0.0322,-2.3248,-0.0232
21.78489589691162,-0.1015,0.0001,0.0795,-0.0194,-2.3258,-0.0442
21.785014867782593,-0.1015,-0.0004,0.0791,-0.0194,-2.3268,-0.069
21.785139799118042,-0.1015,-0.0009,0.0789,-0.0235,-2.3279,-0.0984
21.78525996208191,-0.1015,-0.0016,0.0786,0.0204,-2.3289,-0.1022
21.785377979278564,-0.1016,-0.0021,0.0791,0.027,-2.3299,-0.0986
21.785497665405273,-0.1016,-0.0024,0.0789,0.1166,-2.3309,-0.0392
21.785613775253296,-0.1016,-0.0021,0.0811,0.1614,-2.3319,0.0648
21.785728931427002,-0.1016,-0.0008,0.0822,0.0232,-2.3329,0.088
21.785844802856445,-0.1016,0.0003,0.0815,-0.0656,-2.3339,0.0494
21.78595995903015,-0.1015,0.0007,0.081,-0.0271,-2.335,0.032
21.786075830459595,-0.1015,0.0008,0.0809,-0.0079,-2.336,0.0263
21.786187887191772,-0.1015,0.0008,0.0808,0.0018,-2.337,0.0262
21.786314964294434,-0.1015,0.0008,0.0809,-0.0265,-2.338,0.0078
21.786432027816772,-0.1015,0.0006,0.0804,-0.0417,-2.339,-0.0242
21.786550998687744,-0.1015,0.0002,0.0799,-0.0178,-2.34,-0.0446
21.7866690158844,-0.1015,-0.0003,0.0798,0.0236,-2.3411,-0.0396
21.78678607940674,-0.1015,-0.0006,0.0801,0.0295,-2.3421,-0.0289
21.786904096603394,-0.1016,-0.0007,0.0802,0.003,-2.3431,-0.0348
21.917845964431763,-0.1016,-0.0008,0.0802,0.0311,-2.3441,-0.0229
21.918017864227295,-0.1016,-0.0008,0.0809,0.0415,-2.3451,0.0001
21.91814875602722,-0.1016,-0.0006,0.081,0.012,-2.3461,0.0052
21.91826891899109,-0.1016,-0.0003,0.0813,0.0322,-2.3471,0.0252
21.91838574409485,-0.1016,0.0,0.0818,0.031,-2.3482,0.0477
21.91849970817566,-0.1016,0.0005,0.0819,0.0212,-2.3492,0.0649
21.918614864349365,-0.1015,0.001,0.082,0.0359,-2.3502,0.0922
21.918731927871704,-0.1015,0.0016,0.0824,-0.007,-2.3512,0.0954
21.918848037719727,-0.1015,0.002,0.082,-0.0265,-2.3522,0.083
21.91896390914917,-0.1014,0.0022,0.082,-0.0971,-2.3532,0.0248
21.91909384727478,-0.1014,0.0018,0.0801,-0.1275,-2.3543,-0.0669
21.919214725494385,-0.1015,0.0006,0.0795,-0.0201,-2.3553,-0.0945
21.91933798789978,-0.1015,-0.0005,0.0796,0.0296,-2.3563,-0.0904
22.04281187057495,-0.1015,-0.0012,0.0798,0.0296,-2.3573,-0.0856
22.042990684509277,-0.1015,-0.0017,0.0795,0.0366,-2.3583,-0.0793
22.043121814727783,-0.1016,-0.002,0.0804,0.109,-2.3593,-0.0199
22.04324507713318,-0.1016,-0.0016,0.0813,0.0508,-2.3603,0.0086
22.043368816375732,-0.1016,-0.001,0.0813,-0.019,-2.3614,-0.008
22.04349994659424,-0.1016,-0.0008,0.0808,-0.0187,-2.3624,-0.0284
22.043640851974487,-0.1016,-0.0008,0.0808,0.0326,-2.3634,-0.0159
22.04375982284546,-0.1016,-0.0007,0.0808,0.0443,-2.3644,0.0042
22.043876886367798,-0.1016,-0.0005,0.0811,0.0415,-2.3654,0.0243
22.043993711471558,-0.1016,-0.0001,0.0814,0.0516,-2.3664,0.0535
22.044107913970947,-0.1016,0.0005,0.082,0.0553,-2.3675,0.0892
22.044222831726074,-0.1015,0.0012,0.0824,0.0196,-2.3685,0.1053
22.0443377494812,-0.1015,0.0019,0.0822,0.004,-2.3695,0.1101
22.17501187324524,-0.1015,0.0024,0.0823,0.0086,-2.3705,0.1185
22.175200939178467,-0.1014,0.0028,0.0817,-0.1347,-2.3715,0.0303
22.17534589767456,-0.1014,0.0023,0.0796,-0.0886,-2.3725,-0.0438
22.175487995147705,-0.1014,0.0012,0.0797,0.0512,-2.3735,-0.028
22.175617933273315,-0.1014,0.0005,0.0804,-0.0489,-2.3746,-0.0726
22.17574381828308,-0.1015,-0.0003,0.079,-0.1032,-2.3756,-0.163
22.175863027572632,-0.1015,-0.0018,0.0782,0.0421,-2.3766,-0.1664
22.175981998443604,-0.1016,-0.0029,0.0792,0.0825,-2.3776,-0.1373
22.17610192298889,-0.1016,-0.0034,0.0801,0.1755,-2.3786,-0.0422
22.176234006881714,-0.1016,-0.0028,0.0822,0.1549,-2.3796,0.0545
22.17635488510132,-0.1016,-0.0014,0.0834,0.0908,-2.3807,0.119
22.176467895507812,-0.1016,0.0002,0.0839,0.0015,-2.3817,0.1305
22.17659592628479,-0.1015,0.0014,0.0834,-0.0303,-2.3827,0.1184
22.30660080909729,-0.1015,0.0021,0.084,-0.0429,-2.3837,0.1028
22.306761980056763,-0.1015,0.0025,0.0828,-0.153,-2.3847,0.0072
22.306891918182373,-0.1015,0.0018,0.0811,-0.0469,-2.3857,-0.0329
22.307012796401978,-0.1015,0.0009,0.0811,-0.0234,-2.3867,-0.0582
22.30713391304016,-0.1015,0.0001,0.0803,-0.0782,-2.3878,-0.1257
22.307252883911133,-0.1015,-0.0012,0.0799,0.0323,-2.3888,-0.1259
22.307373046875,-0.1016,-0.002,0.0807,0.0385,-2.3898,-0.1167
22.307491779327393,-0.1016,-0.0026,0.08,0.0167,-2.3908,-0.1273
22.307613849639893,-0.1016,-0.003,0.0811,0.1879,-2.3918,-0.0198
22.30772876739502,-0.1017,-0.0023,0.0829,0.0884,-2.3928,0.0364
22.307848930358887,-0.1016,-0.0013,0.0828,0.0556,-2.3939,0.0708
22.307963848114014,-0.1016,-0.0002,0.0838,0.0504,-2.3949,0.1094
22.308080911636353,-0.1016,0.0009,0.0836,-0.0329,-2.3959,0.0938
22.43972682952881,-0.1016,0.0016,0.0832,-0.0045,-2.3969,0.0934
22.439893007278442,-0.1015,0.002,0.0833,-0.0056,-2.3979,0.0931
22.44001793861389,-0.1015,0.0023,0.0824,-0.139,-2.3989,0.0004
22.440140962600708,-0.1015,0.0016,0.0806,-0.0746,-2.3999,-0.0643
22.440258979797363,-0.1015,0.0005,0.0805,0.0363,-2.401,-0.0587
22.44037890434265,-0.1015,-0.0002,0.0809,0.0351,-2.402,-0.052
22.44049882888794,-0.1015,-0.0007,0.081,0.0267,-2.403,-0.0504
22.440618991851807,-0.1016,-0.001,0.0813,0.0549,-2.404,-0.029
22.440740823745728,-0.1016,-0.0009,0.0818,0.0572,-2.405,-0.0027
22.440863847732544,-0.1016,-0.0007,0.0822,0.01,-2.406,-0.0044
22.44097876548767,-0.1016,-0.0005,0.0819,0.0397,-2.4071,0.0112
22.441094875335693,-0.1016,-0.0003,0.0825,0.0809,-2.4081,0.0579
22.441207885742188,-0.1016,0.0004,0.0834,0.0511,-2.4091,0.0916
22.56416893005371,-0.1015,0.0012,0.0837,0.0275,-2.4101,0.1128
22.564329862594604,-0.1015,0.0019,0.0838,0.0075,-2.4111,0.122
22.56445574760437,-0.1014,0.0025,0.0838,0.0047,-2.4121,0.1296
22.564575910568237,-0.1014,0.003,0.0836,-0.1388,-2.4131,0.0426
22.564697742462158,-0.1014,0.0025,0.0812,-0.128,-2.4142,-0.055
22.564819812774658,-0.1014,0.0012,0.081,0.02,-2.4152,-0.059
22.564940929412842,-0.1014,0.0003,0.0816,-0.0655,-2.4162,-0.1155
22.565061807632446,-0.1015,-0.0009,0.08,-0.0762,-2.4172,-0.1907
22.565180778503418,-0.1015,-0.0025,0.08,0.1028,-2.4182,-0.1517
22.565297842025757,-0.1016,-0.0032,0.0816,0.1768,-2.4192,-0.0544
22.565414905548096,-0.1016,-0.0028,0.0836,0.1507,-2.4202,0.0404
22.565537929534912,-0.1016,-0.0016,0.0845,0.0973,-2.4213,0.108
22.56565499305725,-0.1015,-0.0,0.0854,0.0098,-2.4223,0.1263
22.588814735412598,-0.1015,0.0012,0.0849,-0.039,-2.4233,0.1101
22.58900284767151,-0.1015,0.0019,0.0846,-0.0137,-2.4243,0.1086
22.72602891921997,-0.1014,0.0024,0.0841,-0.1312,-2.4253,0.0272
22.726274013519287,-0.1014,0.0019,0.082,-0.1224,-2.4263,-0.064
22.72642993927002,-0.1014,0.0007,0.0815,0.0625,-2.4274,-0.0399
22.726557970046997,-0.1015,0.0001,0.0829,0.0904,-2.4284,0.0111
22.726675987243652,-0.1015,0.0002,0.0832,0.0191,-2.4294,0.0184
22.726792812347412,-0.1015,0.0003,0.0835,0.0404,-2.4304,0.0412
22.726910829544067,-0.1014,0.0006,0.084,0.0036,-2.4314,0.0438
22.72703194618225,-0.1014,0.0009,0.0837,-0.011,-2.4324,0.0347
22.72715997695923,-0.1014,0.0009,0.0837,0.0096,-2.4334,0.0392
22.727284908294678,-0.1014,0.001,0.0837,-0.0325,-2.4345,0.0157
22.727416038513184,-0.1014,0.0009,0.0833,-0.0186,-2.4355,-0.0018
22.727554082870483,-0.1014,0.0006,0.0832,-0.0087,-2.4365,-0.0139
22.72768783569336,-0.1014,0.0003,0.0829,-0.0238,-2.4375,-0.0386
22.72780990600586,-0.1014,-0.0002,0.0827,-0.0226,-2.4385,-0.0647
22.851295948028564,-0.1014,-0.0008,0.0825,0.0108,-2.4395,-0.0712
22.85148000717163,-0.1015,-0.0012,0.0826,0.0191,-2.4405,-0.0719
22.851614952087402,-0.1015,-0.0016,0.083,0.0067,-2.4416,-0.0785
22.851740837097168,-0.1015,-0.0019,0.082,0.0356,-2.4426,-0.0738
22.851858854293823,-0.1015,-0.002,0.0832,0.1573,-2.4436,0.0182
22.851980924606323,-0.1015,-0.0012,0.0846,0.0296,-2.4446,0.0379
22.852097988128662,-0.1015,-0.0005,0.0844,0.0016,-2.4456,0.0379
22.85221290588379,-0.1015,0.0,0.0846,0.0267,-2.4466,0.0556
22.852330923080444,-0.1015,0.0006,0.0847,-0.0211,-2.4476,0.0435
22.852447986602783,-0.1015,0.0008,0.0843,-0.0209,-2.4487,0.0285
22.852563858032227,-0.1015,0.0008,0.084,-0.0069,-2.4497,0.0201
22.85267996788025,-0.1015,0.0008,0.0838,-0.0086,-2.4507,0.0089
22.978184938430786,-0.1014,0.0006,0.0837,0.0251,-2.4517,0.0184
22.978386878967285,-0.1014,0.0006,0.0842,0.02,-2.4527,0.0285
22.97852373123169,-0.1014,0.0007,0.0843,-0.0262,-2.4537,0.0089
22.97864603996277,-0.1014,0.0006,0.0837,-0.0066,-2.4547,-0.0025
22.978766679763794,-0.1014,0.0004,0.0838,0.008,-2.4558,-0.0039
22.978885889053345,-0.1014,0.0002,0.0838,-0.0286,-2.4568,-0.0295
22.979007959365845,-0.1014,-0.0001,0.0836,-0.0135,-2.4578,-0.0472
22.979127883911133,-0.1015,-0.0005,0.0836,-0.0064,-2.4588,-0.0607
22.979249954223633,-0.1015,-0.001,0.0836,0.0203,-2.4598,-0.0573
22.979368925094604,-0.1015,-0.0012,0.0838,0.0263,-2.4608,-0.0493
22.97948694229126,-0.1015,-0.0013,0.0842,0.0142,-2.4618,-0.0466
22.9796040058136,-0.1015,-0.0014,0.0841,0.0095,-2.4629,-0.0479
22.979721784591675,-0.1015,-0.0014,0.0838,0.0473,-2.4639,-0.0268
23.110536813735962,-0.1016,-0.0013,0.0852,0.1263,-2.4649,0.055
23.11069893836975,-0.1015,-0.0004,0.086,0.0128,-2.4659,0.0695
23.110820770263672,-0.1015,0.0004,0.0855,0.0176,-2.4669,0.084
23.110939741134644,-0.1015,0.0011,0.0863,0.0743,-2.4679,0.1406
23.1110577583313,-0.1014,0.0022,0.0869,-0.033,-2.469,0.1328
23.111175775527954,-0.1014,0.0028,0.0862,-0.1466,-2.47,0.0469
23.111294984817505,-0.1014,0.0024,0.0841,-0.1067,-2.471,-0.029
23.111411809921265,-0.1014,0.0014,0.0837,0.0118,-2.472,-0.0321
23.111531019210815,-0.1014,0.0007,0.084,-0.0563,-2.473,-0.0773
23.11165165901184,-0.1014,-0.0003,0.0826,-0.1153,-2.474,-0.1716
23.111778020858765,-0.1015,-0.0019,0.0821,0.0379,-2.475,-0.1721
23.111899852752686,-0.1015,-0.003,0.083,0.0596,-2.4761,-0.153
23.11201786994934,-0.1016,-0.0036,0.0837,0.1698,-2.4771,-0.0579
23.23478078842163,-0.1016,-0.0031,0.086,0.1625,-2.4781,0.0488
23.23496985435486,-0.1016,-0.0017,0.0874,0.0661,-2.4791,0.1038
23.235100746154785,-0.1016,-0.0002,0.0872,-0.0473,-2.4801,0.0849
23.23522186279297,-0.1015,0.0007,0.0866,-0.0269,-2.4811,0.0755
23.235347986221313,-0.1015,0.0012,0.0865,-0.0285,-2.4821,0.0641
23.235468864440918,-0.1015,0.0015,0.086,-0.0831,-2.4832,0.0142
23.23558783531189,-0.1015,0.0012,0.0849,-0.0711,-2.4842,-0.0363
23.235705852508545,-0.1015,0.0005,0.0844,-0.0191,-2.4852,-0.058
23.235824823379517,-0.1015,-0.0002,0.0844,0.0377,-2.4862,-0.0437
23.23594379425049,-0.1015,-0.0006,0.0846,0.0175,-2.4872,-0.041
23.236067056655884,-0.1015,-0.0008,0.0848,0.025,-2.4882,-0.0325
23.23620891571045,-0.1015,-0.0009,0.0854,0.0568,-2.4893,0.0003
23.23634099960327,-0.1015,-0.0006,0.0859,0.038,-2.4903,0.0248
23.35859775543213,-0.1015,-0.0002,0.086,0.0294,-2.4913,0.0441
23.358792781829834,-0.1015,0.0003,0.0863,0.0143,-2.4923,0.0565
23.358941793441772,-0.1015,0.0008,0.0863,-0.0004,-2.4933,0.0593
23.35907769203186,-0.1015,0.0011,0.0863,-0.0045,-2.4943,0.0591
23.359232902526855,-0.1015,0.0014,0.086,-0.0044,-2.4953,0.0567
23.359373092651367,-0.1014,0.0015,0.0859,-0.0018,-2.4964,0.0555
23.359512090682983,-0.1014,0.0016,0.0855,-0.1051,-2.4974,-0.0156
23.359641790390015,-0.1014,0.001,0.0839,-0.0458,-2.4984,-0.0601
23.359760761260986,-0.1015,0.0001,0.0843,-0.0026,-2.4994,-0.0752
23.359907865524292,-0.1015,-0.0007,0.084,-0.0591,-2.5004,-0.1298
23.360042810440063,-0.1015,-0.0017,0.0834,0.0222,-2.5014,-0.1371
23.360193014144897,-0.1016,-0.0026,0.0836,0.086,-2.5024,-0.1021
23.481505870819092,-0.1016,-0.0028,0.0851,0.1326,-2.5035,-0.0269
23.481682777404785,-0.1016,-0.0022,0.0859,0.0611,-2.5045,0.0084
23.481818914413452,-0.1016,-0.0015,0.0861,0.0908,-2.5055,0.0641
23.481939792633057,-0.1016,-0.0004,0.0875,0.0611,-2.5065,0.1113
23.482059955596924,-0.1015,0.0008,0.0871,-0.0427,-2.5075,0.0892
23.48217797279358,-0.1015,0.0014,0.0866,0.0096,-2.5085,0.0974
23.482292890548706,-0.1015,0.002,0.0871,0.0024,-2.5096,0.1047
23.482407808303833,-0.1015,0.0024,0.0867,-0.1324,-2.5106,0.0224
23.482528924942017,-0.1014,0.0019,0.0848,-0.0941,-2.5116,-0.0498
23.482646942138672,-0.1015,0.0008,0.0846,0.0294,-2.5126,-0.0447
23.482762813568115,-0.1015,0.0002,0.085,0.0539,-2.5136,-0.0215
23.48288083076477,-0.1015,-0.0001,0.0852,0.0433,-2.5146,-0.0034
23.603166818618774,-0.1015,-0.0001,0.0857,0.0528,-2.5156,0.0241
23.60333800315857,-0.1015,0.0002,0.0865,0.0652,-2.5167,0.0651
23.60346484184265,-0.1015,0.0007,0.0869,-0.0046,-2.5177,0.0637
23.603583812713623,-0.1014,0.0011,0.0865,0.0042,-2.5187,0.0656
23.603708744049072,-0.1014,0.0014,0.0868,0.0104,-2.5197,0.0732
23.603837966918945,-0.1014,0.0017,0.0865,-0.0187,-2.5207,0.0597
23.60395884513855,-0.1014,0.0018,0.0868,-0.0366,-2.5217,0.0367
23.604076862335205,-0.1014,0.0016,0.0854,-0.1101,-2.5227,-0.0439
23.60419774055481,-0.1014,0.0007,0.0845,-0.0141,-2.5238,-0.0698
23.604322910308838,-0.1014,-0.0002,0.0848,-0.0214,-2.5248,-0.0994
23.604453802108765,-0.1014,-0.0011,0.084,-0.0105,-2.5258,-0.1285
23.604586839675903,-0.1015,-0.002,0.0843,0.0605,-2.5268,-0.1102
23.604713916778564,-0.1015,-0.0025,0.0851,0.1157,-2.5278,-0.0507
23.619582891464233,-0.1015,-0.0022,0.0866,0.1053,-2.5288,0.0123
23.743144989013672,-0.1015,-0.0014,0.0873,0.0023,-2.5298,0.0145
23.743340969085693,-0.1015,-0.0009,0.0867,-0.1105,-2.5309,-0.0611
23.74347686767578,-0.1015,-0.0012,0.0853,-0.0418,-2.5319,-0.1023
23.743599891662598,-0.1016,-0.0018,0.0852,0.0035,-2.5329,-0.1157
23.74373507499695,-0.1016,-0.0024,0.085,0.0036,-2.5339,-0.131
23.743857860565186,-0.1016,-0.003,0.085,0.02,-2.5349,-0.1366
23.743977785110474,-0.1017,-0.0034,0.0853,0.1581,-2.5359,-0.0509
23.74409794807434,-0.1017,-0.0029,0.0878,0.1649,-2.537,0.0574
23.744220733642578,-0.1017,-0.0015,0.0885,0.0806,-2.538,0.1168
23.744337797164917,-0.1017,0.0001,0.0894,0.129,-2.539,0.2147
23.744465827941895,-0.1016,0.0022,0.0912,0.0076,-2.54,0.2479
23.744601726531982,-0.1015,0.0039,0.0906,-0.2225,-2.541,0.1294
23.74472975730896,-0.1015,0.004,0.0871,-0.2703,-2.542,-0.0451
23.75961184501648,-0.1015,0.0024,0.085,-0.0374,-2.543,-0.0857
23.88429594039917,-0.1015,0.0008,0.0859,-0.0021,-2.5441,-0.0984
23.8845157623291,-0.1015,-0.0004,0.0848,-0.025,-2.5451,-0.1346
23.884660959243774,-0.1016,-0.0016,0.0848,0.0868,-2.5461,-0.0996
23.884788990020752,-0.1016,-0.0021,0.0858,0.1086,-2.5471,-0.0438
23.884907960891724,-0.1016,-0.0019,0.0872,0.1338,-2.5481,0.0382
23.885025024414062,-0.1016,-0.0009,0.0885,0.0577,-2.5491,0.0807
23.885143041610718,-0.1016,0.0001,0.0884,-0.0465,-2.5502,0.0555
23.885259866714478,-0.1016,0.0006,0.0878,-0.0186,-2.5512,0.044
23.885377883911133,-0.1016,0.0009,0.0878,-0.0036,-2.5522,0.0425
23.885493993759155,-0.1015,0.001,0.0876,-0.0413,-2.5532,0.0145
23.885610818862915,-0.1015,0.0009,0.087,-0.0065,-2.5542,0.0044
23.885730028152466,-0.1015,0.0006,0.087,-0.011,-2.5552,-0.0087
23.88584876060486,-0.1015,0.0004,0.0866,-0.0612,-2.5563,-0.0579
24.022865772247314,-0.1016,-0.0003,0.0858,-0.0407,-2.5573,-0.1002
24.023063898086548,-0.1016,-0.0012,0.0854,-0.0119,-2.5583,-0.1277
24.023207902908325,-0.1016,-0.0021,0.0853,0.0159,-2.5593,-0.1383
24.023337841033936,-0.1017,-0.0028,0.0854,0.0074,-2.5603,-0.1542
24.02345895767212,-0.1017,-0.0035,0.0861,0.1686,-2.5613,-0.0616
24.023597955703735,-0.1017,-0.003,0.0883,0.1418,-2.5624,0.0291
24.023725986480713,-0.1017,-0.0018,0.0894,0.0806,-2.5634,0.089
24.023858785629272,-0.1017,-0.0004,0.0899,-0.0146,-2.5644,0.0913
24.02399468421936,-0.1017,0.0006,0.0891,-0.0338,-2.5654,0.0758
24.024127960205078,-0.1016,0.0012,0.0889,-0.013,-2.5664,0.0724
24.024256944656372,-0.1016,0.0015,0.0887,-0.059,-2.5674,0.0379
24.02440881729126,-0.1016,0.0014,0.0877,-0.094,-2.5685,-0.0262
24.02452778816223,-0.1016,0.0007,0.087,-0.0314,-2.5695,-0.0555
24.024646759033203,-0.1016,-0.0,0.0866,0.0004,-2.5705,-0.0678
24.039591789245605,-0.1017,-0.0007,0.0866,0.0295,-2.5715,-0.0624
24.16865587234497,-0.1017,-0.0011,0.0869,0.0384,-2.5725,-0.0493
24.168843984603882,-0.1017,-0.0012,0.0873,0.042,-2.5735,-0.0316
24.16897487640381,-0.1017,-0.0012,0.0875,0.0491,-2.5746,-0.0076
24.169094800949097,-0.1017,-0.0009,0.0878,0.0555,-2.5756,0.0223
24.169211864471436,-0.1017,-0.0004,0.0884,0.0557,-2.5766,0.057
24.169336080551147,-0.1017,0.0003,0.0888,0.0564,-2.5776,0.0953
24.16945195198059,-0.1017,0.0011,0.0892,0.0627,-2.5786,0.1407
24.169566869735718,-0.1016,0.0022,0.09,0.0453,-2.5796,0.1809
24.169684886932373,-0.1016,0.0033,0.0909,-0.0339,-2.5807,0.177
24.169801950454712,-0.1015,0.004,0.0892,-0.207,-2.5817,0.0495
24.169925689697266,-0.1015,0.0033,0.0869,-0.1336,-2.5827,-0.0482
24.170049905776978,-0.1015,0.0018,0.0859,0.009,-2.5837,-0.0621
24.170183897018433,-0.1015,0.0007,0.0868,0.0837,-2.5847,-0.0221
24.294713735580444,-0.1015,0.0003,0.0874,0.0258,-2.5857,-0.0158
24.29489779472351,-0.1015,0.0,0.0874,0.05,-2.5867,0.0056
24.295023679733276,-0.1015,0.0001,0.0883,0.0387,-2.5878,0.0264
24.295149087905884,-0.1015,0.0003,0.088,-0.0366,-2.5888,-0.0036
24.29526710510254,-0.1015,0.0002,0.0876,0.0072,-2.5898,-0.0087
24.295384645462036,-0.1015,0.0,0.088,0.0143,-2.5908,-0.0064
24.29550576210022,-0.1015,-0.0,0.0877,-0.0186,-2.5918,-0.0279
24.295626878738403,-0.1015,-0.0003,0.0873,-0.0018,-2.5928,-0.0418
24.29574489593506,-0.1015,-0.0006,0.0875,0.0196,-2.5938,-0.0407
24.295862913131714,-0.1016,-0.0008,0.0878,0.0112,-2.5949,-0.0435
24.295991897583008,-0.1016,-0.001,0.0875,-0.0044,-2.5959,-0.0591
24.296120643615723,-0.1016,-0.0013,0.0875,0.0271,-2.5969,-0.0547
24.296255826950073,-0.1016,-0.0014,0.0876,0.0912,-2.5979,-0.0087
24.421419858932495,-0.1016,-0.0011,0.0892,0.0858,-2.5989,0.0452
24.42160987854004,-0.1016,-0.0003,0.089,-0.0133,-2.5999,0.0344
24.42174482345581,-0.1016,0.0001,0.0886,0.031,-2.601,0.0495
24.42186999320984,-0.1016,0.0006,0.0896,0.0783,-2.602,0.1023
24.421998023986816,-0.1015,0.0014,0.0902,0.01,-2.603,0.1158
24.422119855880737,-0.1015,0.0021,0.0894,-0.0475,-2.604,0.0861
24.422237873077393,-0.1015,0.0023,0.0891,-0.1049,-2.605,0.017
24.422356843948364,-0.1015,0.0018,0.0871,-0.1075,-2.606,-0.0681
24.422473907470703,-0.1015,0.0006,0.0864,0.0208,-2.607,-0.0766
24.42259192466736,-0.1015,-0.0003,0.0869,0.0703,-2.6081,-0.0502
24.422712802886963,-0.1015,-0.0007,0.0874,0.042,-2.6091,-0.0392
24.42283272743225,-0.1015,-0.0009,0.0876,0.0564,-2.6101,-0.0175
24.548097848892212,-0.1015,-0.0008,0.0884,0.0747,-2.6111,0.0214
24.548271894454956,-0.1015,-0.0003,0.089,0.0022,-2.6121,0.0176
24.54841375350952,-0.1015,-0.0001,0.0885,-0.0291,-2.6131,-0.0097
24.5485417842865,-0.1015,-0.0001,0.0883,0.005,-2.6142,-0.0171
24.54866886138916,-0.1015,-0.0003,0.0885,-0.0107,-2.6152,-0.0333
24.548791885375977,-0.1016,-0.0005,0.0882,-0.0279,-2.6162,-0.0635
24.54891085624695,-0.1016,-0.001,0.0878,0.0036,-2.6172,-0.0767
24.549030780792236,-0.1016,-0.0014,0.0881,0.0362,-2.6182,-0.0673
24.549150943756104,-0.1016,-0.0017,0.0884,0.0187,-2.6192,-0.0673
24.549269914627075,-0.1016,-0.0018,0.0885,0.0202,-2.6203,-0.0656
24.549393892288208,-0.1017,-0.0019,0.088,0.0457,-2.6213,-0.0517
24.54950976371765,-0.1017,-0.0018,0.0893,0.1499,-2.6223,0.039
24.54962992668152,-0.1017,-0.0009,0.0905,0.0383,-2.6233,0.0664
24.67453694343567,-0.1016,0.0,0.0905,0.0263,-2.6243,0.0863
24.674707889556885,-0.1016,0.0008,0.091,0.0259,-2.6253,0.1099
24.674837827682495,-0.1016,0.0017,0.0909,-0.0321,-2.6263,0.0955
24.6749587059021,-0.1016,0.0021,0.0905,-0.0911,-2.6274,0.0407
24.675086736679077,-0.1015,0.0019,0.0891,-0.093,-2.6284,-0.0257
24.675214767456055,-0.1015,0.0011,0.0885,-0.0131,-2.6294,-0.0458
24.67534375190735,-0.1016,0.0003,0.0888,0.0451,-2.6304,-0.0269
24.675463914871216,-0.1016,-0.0001,0.089,0.0258,-2.6314,-0.0198
24.675583839416504,-0.1016,-0.0002,0.0891,0.0348,-2.6324,-0.0062
24.675699949264526,-0.1016,-0.0002,0.0895,0.0564,-2.6335,0.0241
24.675813913345337,-0.1016,0.0001,0.0898,0.0391,-2.6345,0.0453
24.675931930541992,-0.1016,0.0005,0.0901,0.0031,-2.6355,0.0453
24.676074981689453,-0.1015,0.0008,0.0899,-0.0067,-2.6365,0.0376
24.80065679550171,-0.1015,0.0009,0.09,0.0172,-2.6375,0.0461
24.800834894180298,-0.1015,0.0011,0.09,-0.0269,-2.6385,0.0262
24.800961017608643,-0.1015,0.001,0.0895,-0.0186,-2.6396,0.0074
24.801081657409668,-0.1015,0.0008,0.0894,-0.0014,-2.6406,-0.0014
24.801201820373535,-0.1015,0.0005,0.0893,-0.0219,-2.6416,-0.0244
24.80133080482483,-0.1015,0.0001,0.0888,-0.0197,-2.6426,-0.05
24.801454067230225,-0.1015,-0.0004,0.0887,-0.0121,-2.6436,-0.0719
24.801572799682617,-0.1016,-0.001,0.0883,0.0084,-2.6446,-0.0841
24.80169177055359,-0.1016,-0.0015,0.0886,0.0306,-2.6456,-0.0805
24.801815032958984,-0.1016,-0.0018,0.0883,0.004,-2.6467,-0.0967
24.801945686340332,-0.1016,-0.0022,0.0891,0.1514,-2.6477,-0.0125
24.802077770233154,-0.1016,-0.0017,0.0907,0.0577,-2.6487,0.0231
24.930052757263184,-0.1016,-0.001,0.0907,-0.0028,-2.6497,0.0198
24.93024778366089,-0.1016,-0.0005,0.0908,0.019,-2.6507,0.031
24.93039584159851,-0.1016,-0.0,0.0909,-0.0017,-2.6517,0.03
24.930524826049805,-0.1016,0.0003,0.0905,-0.0282,-2.6528,0.0086
24.930646896362305,-0.1016,0.0003,0.0903,-0.0122,-2.6538,-0.0039
24.930771827697754,-0.1016,0.0002,0.0901,-0.0033,-2.6548,-0.0122
24.930892944335938,-0.1016,-0.0,0.0901,0.0275,-2.6558,-0.0013
24.931010961532593,-0.1016,-0.0,0.0904,0.024,-2.6568,0.0096
24.931127071380615,-0.1016,0.0001,0.0906,0.0091,-2.6578,0.0116
24.93124294281006,-0.1016,0.0002,0.0906,0.0328,-2.6589,0.0291
24.931358814239502,-0.1016,0.0004,0.091,0.0255,-2.6599,0.0446
24.93147897720337,-0.1016,0.0007,0.0911,0.0044,-2.6609,0.0474
24.931594848632812,-0.1016,0.001,0.0909,0.0063,-2.6619,0.0499
25.058332920074463,-0.1015,0.0012,0.0911,0.003,-2.6629,0.051
25.05850887298584,-0.1015,0.0013,0.0909,-0.0061,-2.6639,0.0451
25.058636903762817,-0.1015,0.0014,0.0919,-0.0297,-2.6649,0.0308
25.05875873565674,-0.1015,0.0013,0.0905,-0.1245,-2.666,-0.0552
25.058875799179077,-0.1015,0.0003,0.0895,0.0215,-2.667,-0.0544
25.059011697769165,-0.1015,-0.0003,0.0903,0.0084,-2.668,-0.057
25.05913496017456,-0.1016,-0.0008,0.0896,-0.0871,-2.669,-0.127
25.059253931045532,-0.1016,-0.0018,0.0887,0.021,-2.67,-0.135
25.0593740940094,-0.1016,-0.0026,0.089,0.0956,-2.671,-0.0929
25.059499979019165,-0.1017,-0.0027,0.0903,0.1114,-2.6721,-0.0319
25.05961799621582,-0.1017,-0.0022,0.0908,0.0568,-2.6731,-0.0023
25.059748888015747,-0.1017,-0.0016,0.0914,0.098,-2.6741,0.0583
25.05987572669983,-0.1017,-0.0005,0.0928,0.0792,-2.6751,0.1173
25.196675777435303,-0.1016,0.0008,0.0928,-0.0466,-2.6761,0.096
25.196860790252686,-0.1016,0.0015,0.092,-0.0214,-2.6771,0.0853
25.1969997882843,-0.1016,0.0019,0.0921,0.0076,-2.6782,0.094
25.19711995124817,-0.1015,0.0022,0.092,-0.1147,-2.6792,0.0227
25.197239875793457,-0.1015,0.0018,0.0897,-0.1252,-2.6802,-0.0722
25.197359800338745,-0.1016,0.0005,0.0889,0.0026,-2.6812,-0.0912
25.197479963302612,-0.1016,-0.0005,0.0894,0.0547,-2.6822,-0.0739
25.197597980499268,-0.1016,-0.0011,0.0898,0.0346,-2.6832,-0.0671
25.19771695137024,-0.1016,-0.0014,0.09,0.0391,-2.6842,-0.0568
25.197831869125366,-0.1016,-0.0015,0.0907,0.1069,-2.6853,0.0025
25.197962999343872,-0.1016,-0.0011,0.0919,0.0795,-2.6863,0.0522
25.198107719421387,-0.1016,-0.0002,0.0924,0.0432,-2.6873,0.0829
25.198240995407104,-0.1016,0.0006,0.0925,-0.0034,-2.6883,0.084
25.198380947113037,-0.1016,0.0013,0.0926,-0.0066,-2.6893,0.0838
25.323986768722534,-0.1016,0.0017,0.0924,0.0003,-2.6903,0.0874
25.324172019958496,-0.1015,0.002,0.0921,-0.0904,-2.6914,0.03
25.324306964874268,-0.1015,0.0017,0.0904,-0.0846,-2.6924,-0.0365
25.324429035186768,-0.1015,0.0009,0.0901,0.0044,-2.6934,-0.0482
25.32454776763916,-0.1015,0.0001,0.0905,0.0362,-2.6944,-0.0376
25.32466983795166,-0.1016,-0.0003,0.0907,0.035,-2.6954,-0.0262
25.324786901474,-0.1016,-0.0005,0.0911,0.0549,-2.6964,0.0001
25.324902772903442,-0.1016,-0.0003,0.0915,0.0496,-2.6975,0.0263
25.32501769065857,-0.1016,0.0,0.0921,0.0415,-2.6985,0.0509
25.325133085250854,-0.1015,0.0005,0.0923,-0.0041,-2.6995,0.048
25.325246810913086,-0.1015,0.0008,0.0921,0.0023,-2.7005,0.0475
25.325363874435425,-0.1015,0.001,0.0921,0.0099,-2.7015,0.0522
25.325482845306396,-0.1015,0.0012,0.0922,-0.0267,-2.7025,0.0334
25.450531721115112,-0.1015,0.0012,0.0919,-0.0129,-2.7035,0.0216
25.450718879699707,-0.1015,0.001,0.0919,-0.0042,-2.7046,0.0145
25.450860023498535,-0.1015,0.0009,0.0919,-0.0209,-2.7056,-0.0031
25.45098900794983,-0.1015,0.0006,0.0917,-0.0194,-2.7066,-0.022
25.451107025146484,-0.1015,0.0002,0.0916,0.0258,-2.7076,-0.0127
25.45122480392456,-0.1015,0.0,0.092,0.0401,-2.7086,0.0084
25.451342821121216,-0.1015,0.0001,0.0921,0.0022,-2.7096,0.0055
25.45145893096924,-0.1015,0.0001,0.0922,0.021,-2.7106,0.0151
25.45157504081726,-0.1015,0.0002,0.0925,0.0441,-2.7117,0.0419
25.451687812805176,-0.1015,0.0006,0.0929,0.0194,-2.7127,0.0551
25.451807975769043,-0.1014,0.0009,0.0927,-0.0064,-2.7137,0.0507
25.45192790031433,-0.1014,0.0011,0.0926,-0.0041,-2.7147,0.0465
25.5761878490448,-0.1014,0.0013,0.0925,0.0,-2.7157,0.0442
25.576366662979126,-0.1014,0.0013,0.0924,-0.0225,-2.7167,0.0267
25.57649302482605,-0.1014,0.0012,0.092,-0.0103,-2.7177,0.0138
25.576611042022705,-0.1014,0.001,0.0922,-0.0066,-2.7188,0.0044
25.57673692703247,-0.1014,0.0007,0.092,-0.0131,-2.7198,-0.011
25.57685875892639,-0.1014,0.0004,0.0919,-0.0202,-2.7208,-0.0323
25.576977729797363,-0.1014,-0.0,0.0915,0.02,-2.7218,-0.0307
25.577096939086914,-0.1014,-0.0003,0.0921,0.0354,-2.7228,-0.0151
25.57721495628357,-0.1014,-0.0004,0.0922,0.0031,-2.7238,-0.0201
25.577340841293335,-0.1014,-0.0005,0.0922,0.0222,-2.7248,-0.0134
25.577461004257202,-0.1014,-0.0005,0.0927,0.0368,-2.7259,0.0063
25.57759189605713,-0.1014,-0.0003,0.0929,-0.0002,-2.7269,0.0033
25.577723741531372,-0.1014,-0.0001,0.0926,-0.0006,-2.7279,-0.002
25.70218276977539,-0.1014,-0.0001,0.0927,0.0211,-2.7289,0.0072
25.70240306854248,-0.1014,-0.0,0.0928,0.0107,-2.7299,0.0101
25.702533721923828,-0.1014,0.0001,0.0927,0.0024,-2.7309,0.0068
25.702650785446167,-0.1014,0.0001,0.0926,0.0099,-2.7319,0.0077
25.702780961990356,-0.1014,0.0002,0.0929,-0.0008,-2.733,0.0037
25.70290184020996,-0.1014,0.0002,0.0927,-0.011,-2.734,-0.0091
25.7030189037323,-0.1014,0.0,0.0925,0.0155,-2.735,-0.0063
25.70313787460327,-0.1014,-0.0,0.0927,0.0011,-2.736,-0.0116
25.70326280593872,-0.1014,-0.0001,0.0924,-0.0071,-2.737,-0.0245
25.70338463783264,-0.1014,-0.0003,0.0925,0.009,-2.738,-0.0272
25.70351266860962,-0.1014,-0.0005,0.0924,-0.0021,-2.739,-0.0378
25.70364284515381,-0.1014,-0.0007,0.0924,-0.0056,-2.7401,-0.0508
25.828754901885986,-0.1015,-0.001,0.0924,-0.0058,-2.7411,-0.0649
25.828977823257446,-0.1015,-0.0013,0.0922,0.0344,-2.7421,-0.0548
25.829103708267212,-0.1015,-0.0015,0.093,0.025,-2.7431,-0.0455
25.82924175262451,-0.1015,-0.0015,0.0929,-0.0029,-2.7441,-0.0552
25.829365968704224,-0.1015,-0.0016,0.0925,0.1001,-2.7451,-0.0011
25.829510927200317,-0.1015,-0.0011,0.0946,0.1289,-2.7461,0.0871
25.829640865325928,-0.1015,0.0001,0.0947,-0.0201,-2.7472,0.0798
25.8297598361969,-0.1015,0.0008,0.094,0.0366,-2.7482,0.1048
25.829892873764038,-0.1014,0.0016,0.0953,0.048,-2.7492,0.1465
25.8300359249115,-0.1014,0.0026,0.0952,-0.0748,-2.7502,0.1083
25.83016085624695,-0.1014,0.0028,0.0938,-0.1241,-2.7512,0.0282
25.830312967300415,-0.1013,0.0023,0.093,-0.0556,-2.7522,-0.0141
25.83045506477356,-0.1014,0.0014,0.0923,-0.0965,-2.7532,-0.088
25.95614194869995,-0.1014,0.0002,0.0908,-0.0547,-2.7543,-0.147
25.956344842910767,-0.1014,-0.0013,0.0912,0.0688,-2.7553,-0.1247
25.956498861312866,-0.1015,-0.0021,0.0916,0.018,-2.7563,-0.1326
25.956662893295288,-0.1015,-0.0028,0.0911,0.111,-2.7573,-0.085
25.956807851791382,-0.1015,-0.0028,0.0934,0.1867,-2.7583,0.0275
25.956933736801147,-0.1015,-0.0017,0.0941,0.028,-2.7593,0.043
25.957053899765015,-0.1015,-0.0008,0.0939,0.0799,-2.7603,0.0908
25.95716881752014,-0.1015,0.0004,0.0953,0.0627,-2.7614,0.1384
25.957289934158325,-0.1014,0.0016,0.0952,-0.0567,-2.7624,0.109
25.957413911819458,-0.1014,0.0022,0.0944,-0.0306,-2.7634,0.0908
25.9575297832489,-0.1014,0.0024,0.0941,-0.1345,-2.7644,0.0027
25.957655906677246,-0.1014,0.0017,0.0921,-0.1115,-2.7654,-0.0852
25.957774877548218,-0.1014,0.0004,0.092,0.0836,-2.7664,-0.0489
26.08238387107849,-0.1014,-0.0002,0.0932,0.066,-2.7674,-0.0158
26.08256483078003,-0.1014,-0.0003,0.0932,0.0078,-2.7685,-0.0204
26.082692861557007,-0.1014,-0.0004,0.0933,0.076,-2.7695,0.0195
26.08281183242798,-0.1014,-0.0001,0.0944,0.0332,-2.7705,0.0396
26.082929849624634,-0.1014,0.0003,0.0939,-0.0287,-2.7715,0.0162
26.08304786682129,-0.1014,0.0004,0.0939,0.0334,-2.7725,0.0321
26.083162784576416,-0.1014,0.0006,0.0945,0.0042,-2.7735,0.0336
26.08327865600586,-0.1014,0.0007,0.094,-0.0283,-2.7745,0.0101
26.08339285850525,-0.1014,0.0006,0.0937,0.0022,-2.7756,0.0042
26.083509922027588,-0.1014,0.0005,0.0938,-0.0036,-2.7766,-0.0048
26.08362889289856,-0.1014,0.0003,0.0933,-0.0243,-2.7776,-0.0314
26.083752870559692,-0.1014,-0.0001,0.0931,-0.0048,-2.7786,-0.0472
26.083871841430664,-0.1014,-0.0005,0.0931,0.0155,-2.7796,-0.0507
26.209548950195312,-0.1014,-0.0009,0.0932,0.0158,-2.7806,-0.0537
26.209726810455322,-0.1014,-0.0011,0.0934,0.0187,-2.7816,-0.0539
26.2098548412323,-0.1015,-0.0013,0.0935,0.0136,-2.7827,-0.0565
26.20997405052185,-0.1015,-0.0015,0.0936,0.0264,-2.7837,-0.0506
26.21009087562561,-0.1015,-0.0015,0.094,0.1188,-2.7847,0.0174
26.210222005844116,-0.1015,-0.0009,0.0955,0.0647,-2.7857,0.0614
26.21033787727356,-0.1015,-0.0,0.0951,0.0007,-2.7867,0.0616
26.210452795028687,-0.1014,0.0006,0.0953,0.0761,-2.7877,0.1119
26.21056580543518,-0.1014,0.0015,0.0967,0.0202,-2.7887,0.1369
26.210681676864624,-0.1014,0.0024,0.0956,-0.0784,-2.7898,0.0906
26.210808038711548,-0.1013,0.0026,0.0944,-0.1292,-2.7908,0.0024
26.210933923721313,-0.1013,0.0018,0.0929,-0.0555,-2.7918,-0.0492
26.34841275215149,-0.1014,0.0008,0.0929,0.0344,-2.7928,-0.044
26.34861993789673,-0.1014,0.0001,0.0935,0.0641,-2.7938,-0.0159
26.34874391555786,-0.1014,-0.0001,0.0941,0.0427,-2.7948,0.0022
26.34887385368347,-0.1014,-0.0,0.0946,0.0593,-2.7958,0.0345
26.3489887714386,-0.1014,0.0003,0.0951,0.0168,-2.7969,0.043
26.349105834960938,-0.1013,0.0006,0.0947,-0.0131,-2.7979,0.0294
26.349219799041748,-0.1013,0.0007,0.0948,0.0302,-2.7989,0.0444
26.349332809448242,-0.1013,0.0009,0.0953,0.0007,-2.7999,0.0439
26.34944796562195,-0.1013,0.0011,0.0949,-0.0329,-2.8009,0.0185
26.34956169128418,-0.1013,0.0009,0.0946,0.003,-2.8019,0.0139
26.34969687461853,-0.1013,0.0008,0.0947,-0.0028,-2.8029,0.0059
26.34984278678894,-0.1013,0.0006,0.0946,-0.0261,-2.8039,-0.0181
26.3499698638916,-0.1013,0.0003,0.0944,-0.007,-2.805,-0.032
26.35010576248169,-0.1013,-0.0001,0.0943,-0.0002,-2.806,-0.0423
26.475459098815918,-0.1013,-0.0005,0.0941,0.0159,-2.807,-0.044
26.475668907165527,-0.1013,-0.0008,0.0945,0.0163,-2.808,-0.0431
26.475802898406982,-0.1014,-0.001,0.0946,0.0003,-2.809,-0.0522
26.475923776626587,-0.1014,-0.0012,0.0948,0.0264,-2.81,-0.0437
26.47605299949646,-0.1014,-0.0013,0.0944,0.0246,-2.811,-0.0394
26.47616982460022,-0.1014,-0.0013,0.0952,0.0989,-2.8121,0.0187
26.476287841796875,-0.1014,-0.0007,0.096,0.0146,-2.8131,0.0277
26.476403951644897,-0.1014,-0.0002,0.0956,0.017,-2.8141,0.0359
26.476517915725708,-0.1014,0.0002,0.0959,0.0699,-2.8151,0.0807
26.476630926132202,-0.1013,0.0009,0.0968,0.0433,-2.8161,0.1148
26.476751804351807,-0.1013,0.0018,0.0966,-0.0467,-2.8171,0.0899
26.476868867874146,-0.1013,0.0021,0.096,-0.0077,-2.8181,0.0858
26.47699284553528,-0.1013,0.0023,0.0957,-0.1247,-2.8191,0.0037
26.606750965118408,-0.1013,0.0017,0.0936,-0.0822,-2.8202,-0.0666
26.606956005096436,-0.1013,0.0005,0.0934,0.0488,-2.8212,-0.0544
26.60708975791931,-0.1013,-0.0002,0.0942,0.0547,-2.8222,-0.034
26.60721468925476,-0.1013,-0.0005,0.0946,0.0262,-2.8232,-0.029
26.607334852218628,-0.1013,-0.0006,0.0949,0.0589,-2.8242,-0.0012
26.6074538230896,-0.1013,-0.0004,0.0957,0.0524,-2.8252,0.0279
26.607581853866577,-0.1013,-0.0,0.0958,-0.0141,-2.8262,0.0146
26.607695817947388,-0.1013,0.0001,0.0954,0.009,-2.8273,0.0133
26.607810020446777,-0.1013,0.0002,0.0958,0.0335,-2.8283,0.0308
26.60792589187622,-0.1013,0.0005,0.0958,-0.0198,-2.8293,0.0139
26.608043909072876,-0.1013,0.0005,0.0953,-0.0121,-2.8303,-0.0019
26.60816478729248,-0.1013,0.0003,0.0955,0.0112,-2.8313,-0.0013
26.608304738998413,-0.1013,0.0002,0.0957,-0.013,-2.8323,-0.0157
26.735163927078247,-0.1013,-0.0,0.0954,-0.0171,-2.8333,-0.0349
26.735353708267212,-0.1013,-0.0004,0.0955,0.0014,-2.8343,-0.0424
26.735487937927246,-0.1013,-0.0007,0.0953,-0.0028,-2.8354,-0.054
26.73561191558838,-0.1013,-0.001,0.0953,0.02,-2.8364,-0.0516
26.735736846923828,-0.1013,-0.0012,0.0955,0.0216,-2.8374,-0.0471
26.735857725143433,-0.1014,-0.0013,0.0959,0.0039,-2.8384,-0.0516
26.735980987548828,-0.1014,-0.0014,0.0955,0.0176,-2.8394,-0.0502
26.736099004745483,-0.1014,-0.0015,0.0951,0.0556,-2.8404,-0.0276
26.736219882965088,-0.1014,-0.0013,0.0967,0.1169,-2.8414,0.046
26.736334800720215,-0.1014,-0.0005,0.0975,0.0038,-2.8425,0.0529
26.7364718914032,-0.1014,0.0002,0.0969,0.0258,-2.8435,0.0698
26.73660182952881,-0.1013,0.0008,0.0975,0.0921,-2.8445,0.1343
26.736721754074097,-0.1013,0.0019,0.0982,-0.0291,-2.8455,0.1254
26.863497972488403,-0.1013,0.0025,0.0977,-0.1063,-2.8465,0.0632
26.863699913024902,-0.1012,0.0024,0.0958,-0.1213,-2.8475,-0.0225
26.863831043243408,-0.1012,0.0015,0.0947,-0.0103,-2.8485,-0.0451
26.86395287513733,-0.1013,0.0006,0.0949,0.0736,-2.8495,-0.0129
26.86407709121704,-0.1013,0.0003,0.0955,0.0425,-2.8506,0.0031
26.864195823669434,-0.1013,0.0002,0.0959,0.0328,-2.8516,0.0155
26.864314794540405,-0.1013,0.0003,0.0964,0.0567,-2.8526,0.0464
26.864434957504272,-0.1012,0.0007,0.0967,-0.0062,-2.8536,0.0393
26.864571809768677,-0.1012,0.0009,0.0962,-0.0049,-2.8546,0.0294
26.86470890045166,-0.1012,0.0009,0.0966,0.0326,-2.8556,0.0465
26.864852905273438,-0.1012,0.0011,0.0968,-0.0049,-2.8566,0.0402
26.86498475074768,-0.1012,0.0011,0.0966,-0.0189,-2.8576,0.0235
26.865099906921387,-0.1012,0.001,0.0963,0.0084,-2.8587,0.0223
26.879498958587646,-0.1012,0.0009,0.0966,-0.0054,-2.8597,0.0141
27.009172916412354,-0.1012,0.0008,0.0965,-0.025,-2.8607,-0.0082
27.00938081741333,-0.1012,0.0005,0.0962,-0.0101,-2.8617,-0.0232
27.009514808654785,-0.1012,0.0001,0.0963,-0.0095,-2.8627,-0.0381
27.00964593887329,-0.1012,-0.0003,0.0959,-0.0028,-2.8637,-0.0516
27.009766817092896,-0.1012,-0.0007,0.096,0.0351,-2.8647,-0.0402
27.009885787963867,-0.1012,-0.0009,0.0965,0.0132,-2.8657,-0.0398
27.010005950927734,-0.1012,-0.001,0.0963,0.0114,-2.8667,-0.0427
27.010133028030396,-0.1013,-0.0011,0.0965,0.0254,-2.8678,-0.0353
27.010251998901367,-0.1013,-0.0011,0.0967,0.0856,-2.8688,0.0123
27.010390996932983,-0.1013,-0.0007,0.0982,0.0581,-2.8698,0.0527
27.010517835617065,-0.1012,0.0,0.0981,0.0066,-2.8708,0.0594
27.01065492630005,-0.1012,0.0006,0.0977,0.0557,-2.8718,0.0956
27.010783910751343,-0.1012,0.0014,0.0987,0.0723,-2.8728,0.1493
27.138580799102783,-0.1011,0.0024,0.099,-0.0286,-2.8738,0.1411
27.138774871826172,-0.1011,0.0031,0.0983,-0.1554,-2.8748,0.0459
27.13891577720642,-0.1011,0.0026,0.0959,-0.1331,-2.8759,-0.0526
27.13904094696045,-0.1011,0.0013,0.0956,0.0094,-2.8769,-0.0622
27.139172792434692,-0.1011,0.0003,0.096,-0.0738,-2.8779,-0.1235
27.139298915863037,-0.1012,-0.001,0.0942,-0.0627,-2.8789,-0.1916
27.1394259929657,-0.1012,-0.0026,0.0944,0.1049,-2.8799,-0.1514
27.139545679092407,-0.1013,-0.0033,0.0959,0.1834,-2.8809,-0.0507
27.13966989517212,-0.1013,-0.0028,0.0978,0.1538,-2.8819,0.0445
27.13979482650757,-0.1013,-0.0015,0.0988,0.1165,-2.8829,0.1238
27.139933824539185,-0.1012,0.0001,0.1001,0.0182,-2.884,0.1495
27.140069723129272,-0.1012,0.0016,0.0995,-0.0666,-2.885,0.1169
27.140190839767456,-0.1011,0.0022,0.0993,-0.0652,-2.886,0.0839
27.26725196838379,-0.1011,0.0024,0.0978,-0.16,-2.887,-0.0207
27.26743793487549,-0.1011,0.0015,0.0958,-0.0086,-2.888,-0.0429
27.267564058303833,-0.1011,0.0006,0.0968,0.1646,-2.889,0.0528
27.267679929733276,-0.1011,0.0009,0.0982,0.0489,-2.89,0.0841
27.267796993255615,-0.1011,0.0015,0.0981,-0.0001,-2.891,0.0833
27.267913818359375,-0.1011,0.0018,0.0982,0.0239,-2.892,0.0983
27.26803183555603,-0.101,0.0023,0.0983,-0.0113,-2.8931,0.0916
27.268149852752686,-0.101,0.0025,0.0988,-0.0421,-2.8941,0.0686
27.26826786994934,-0.101,0.0024,0.0975,-0.1085,-2.8951,-0.0067
27.268393993377686,-0.101,0.0016,0.0966,-0.0398,-2.8961,-0.0449
27.268508911132812,-0.101,0.0007,0.0963,0.0146,-2.8971,-0.0507
27.26865291595459,-0.101,-0.0,0.0967,0.031,-2.8981,-0.0442
27.268788814544678,-0.101,-0.0004,0.0967,0.0255,-2.8991,-0.0415
27.396849870681763,-0.101,-0.0007,0.097,0.0299,-2.9001,-0.0343
27.39703392982483,-0.1011,-0.0008,0.0972,0.0431,-2.9011,-0.0175
27.39716601371765,-0.1011,-0.0008,0.0976,-0.0014,-2.9021,-0.0268
27.397289991378784,-0.1011,-0.0008,0.0968,-0.0203,-2.9032,-0.054
27.397424697875977,-0.1011,-0.0011,0.0973,0.0425,-2.9042,-0.0379
27.397547006607056,-0.1011,-0.0011,0.0981,0.0433,-2.9052,-0.0157
27.397665977478027,-0.1011,-0.0009,0.098,0.0131,-2.9062,-0.0139
27.39778470993042,-0.1011,-0.0008,0.0981,0.0314,-2.9072,-0.0
27.397899866104126,-0.1011,-0.0006,0.0984,0.0375,-2.9082,0.0203
27.39802074432373,-0.1011,-0.0002,0.0988,-0.0041,-2.9092,0.0165
27.398133993148804,-0.1011,0.0,0.0983,0.0002,-2.9102,0.0122
27.39824676513672,-0.1011,0.0001,0.0984,0.0207,-2.9112,0.0216
27.39836883544922,-0.1011,0.0003,0.0984,-0.0026,-2.9123,0.016
27.536635875701904,-0.1011,0.0004,0.0982,-0.0105,-2.9133,0.0032
27.536816835403442,-0.1011,0.0003,0.098,0.0004,-2.9143,-0.0041
27.53693985939026,-0.1011,0.0002,0.0982,0.0179,-2.9153,0.0011
27.53707003593445,-0.1011,0.0001,0.0983,-0.0149,-2.9163,-0.0142
27.537192821502686,-0.1011,-0.0001,0.098,0.0104,-2.9173,-0.0162
27.537320852279663,-0.1011,-0.0002,0.0981,0.0034,-2.9183,-0.0224
27.537451028823853,-0.1011,-0.0004,0.0981,0.007,-2.9193,-0.0265
27.537569046020508,-0.1011,-0.0005,0.098,0.0034,-2.9203,-0.0342
27.537685871124268,-0.1011,-0.0007,0.0979,0.0002,-2.9214,-0.045
27.537803888320923,-0.1011,-0.0009,0.0977,0.0219,-2.9224,-0.0432
27.537921905517578,-0.1012,-0.0011,0.0981,0.0366,-2.9234,-0.0295
27.53804898262024,-0.1012,-0.001,0.0986,0.0179,-2.9244,-0.0247
27.538185834884644,-0.1012,-0.001,0.0984,0.0243,-2.9254,-0.0168
27.538317680358887,-0.1012,-0.0008,0.0988,0.0367,-2.9264,0.0017
27.66575264930725,-0.1012,-0.0006,0.0992,0.0191,-2.9274,0.0117
27.66592288017273,-0.1012,-0.0003,0.0992,0.0267,-2.9284,0.0262
27.666042804718018,-0.1012,0.0001,0.0994,0.037,-2.9294,0.049
27.666162967681885,-0.1011,0.0005,0.0997,-0.0078,-2.9305,0.0448
27.66627788543701,-0.1011,0.0008,0.0993,-0.0193,-2.9315,0.0303
27.66639995574951,-0.1011,0.0009,0.0993,0.0203,-2.9325,0.0413
27.66651487350464,-0.1011,0.001,0.0994,-0.0115,-2.9335,0.0327
27.666630744934082,-0.1011,0.001,0.0991,-0.0131,-2.9345,0.0207
27.666748762130737,-0.1011,0.0009,0.0989,-0.0342,-2.9355,-0.0067
27.666865825653076,-0.1011,0.0006,0.0985,-0.0175,-2.9365,-0.0271
27.66698384284973,-0.1011,0.0001,0.0986,-0.0117,-2.9375,-0.0435
27.6671040058136,-0.1011,-0.0003,0.0982,-0.0363,-2.9385,-0.0789
27.667253017425537,-0.1011,-0.001,0.0975,-0.0253,-2.9396,-0.1127
27.79366970062256,-0.1012,-0.0018,0.0973,0.0167,-2.9406,-0.1219
27.79384970664978,-0.1012,-0.0024,0.0975,0.033,-2.9416,-0.1196
27.793980836868286,-0.1013,-0.0029,0.0981,0.145,-2.9426,-0.0412
27.794100999832153,-0.1013,-0.0024,0.1002,0.1251,-2.9436,0.039
27.79422092437744,-0.1013,-0.0013,0.1001,-0.0036,-2.9446,0.0359
27.794349908828735,-0.1012,-0.0006,0.0997,0.0881,-2.9456,0.0901
27.794464826583862,-0.1012,0.0005,0.1016,0.1273,-2.9466,0.1832
27.794580936431885,-0.1012,0.0021,0.1021,-0.0495,-2.9477,0.1666
27.794696807861328,-0.1011,0.0031,0.1021,-0.1032,-2.9487,0.1155
27.794816970825195,-0.1011,0.0033,0.1004,-0.2037,-2.9497,-0.0127
27.794935941696167,-0.1011,0.0022,0.0984,-0.0498,-2.9507,-0.0567
27.795076847076416,-0.1011,0.001,0.0981,-0.0154,-2.9517,-0.0817
27.795199871063232,-0.1011,-0.0001,0.0979,0.0059,-2.9527,-0.0953
27.923299074172974,-0.1011,-0.001,0.0982,0.0295,-2.9537,-0.0923
27.923478841781616,-0.1012,-0.0016,0.0987,0.0366,-2.9547,-0.0813
27.923619747161865,-0.1012,-0.0019,0.0988,0.0972,-2.9557,-0.0315
27.923758029937744,-0.1012,-0.0016,0.1003,0.1322,-2.9568,0.0524
27.92388081550598,-0.1012,-0.0006,0.1011,0.0457,-2.9578,0.0859
27.924015760421753,-0.1012,0.0004,0.1011,-0.0226,-2.9588,0.076
27.924134731292725,-0.1011,0.001,0.1008,-0.0278,-2.9598,0.0606
27.92426085472107,-0.1011,0.0013,0.1005,-0.0157,-2.9608,0.0507
27.924378871917725,-0.1011,0.0014,0.1004,-0.0477,-2.9618,0.0197
27.924498796463013,-0.1011,0.0012,0.0993,-0.0803,-2.9628,-0.0405
27.924616813659668,-0.1011,0.0004,0.099,-0.0137,-2.9638,-0.0607
27.92475175857544,-0.1011,-0.0003,0.0987,-0.0171,-2.9648,-0.0859
27.924892902374268,-0.1012,-0.001,0.0985,0.016,-2.9659,-0.0918
27.93952202796936,-0.1012,-0.0016,0.0988,0.0264,-2.9669,-0.0894
28.078431844711304,-0.1012,-0.002,0.0992,0.0222,-2.9679,-0.0879
28.078805923461914,-0.1012,-0.0023,0.0996,0.131,-2.9689,-0.0133
28.07896399497986,-0.1013,-0.0017,0.1012,0.0896,-2.9699,0.0463
28.079100847244263,-0.1012,-0.0007,0.1015,-0.0002,-2.9709,0.0503
28.07923197746277,-0.1012,-0.0,0.1014,-0.0183,-2.9719,0.0417
28.079356908798218,-0.1012,0.0004,0.1012,-0.0246,-2.9729,0.0278
28.079478979110718,-0.1012,0.0005,0.101,-0.0171,-2.974,0.0174
28.079603910446167,-0.1012,0.0005,0.1007,-0.0305,-2.975,-0.0044
28.079726696014404,-0.1012,0.0003,0.1002,-0.0053,-2.976,-0.0138
28.079843044281006,-0.1012,0.0001,0.1004,0.0412,-2.977,0.0081
28.07995891571045,-0.1012,0.0002,0.1006,0.0027,-2.978,0.0063
28.080078840255737,-0.1012,0.0002,0.1003,0.0019,-2.979,0.0021
28.08019781112671,-0.1012,0.0001,0.1006,0.0344,-2.98,0.0205
28.080323696136475,-0.1012,0.0003,0.1007,-0.0131,-2.981,0.0089
28.221410989761353,-0.1012,0.0003,0.1003,-0.0271,-2.9821,-0.0149
28.221619844436646,-0.1012,0.0001,0.1002,0.0126,-2.9831,-0.0144
28.221773624420166,-0.1012,-0.0001,0.1006,0.0014,-2.9841,-0.0184
28.22191095352173,-0.1012,-0.0002,0.1002,-0.0321,-2.9851,-0.0473
28.222047805786133,-0.1012,-0.0006,0.0999,-0.0036,-2.9861,-0.0603
28.222187995910645,-0.1012,-0.001,0.1,-0.0044,-2.9871,-0.0738
28.22232484817505,-0.1013,-0.0014,0.0996,-0.0121,-2.9881,-0.0955
28.222453832626343,-0.1013,-0.0019,0.0999,0.0262,-2.9891,-0.0911
28.22258186340332,-0.1013,-0.0022,0.0994,0.0393,-2.9902,-0.0823
28.222707986831665,-0.1013,-0.0024,0.1007,0.1583,-2.9912,0.0127
28.22283172607422,-0.1013,-0.0015,0.1018,0.029,-2.9922,0.0322
28.222954988479614,-0.1013,-0.0008,0.1015,-0.0064,-2.9932,0.0271
28.22307777404785,-0.1013,-0.0003,0.1016,0.004,-2.9942,0.0292
28.223204851150513,-0.1013,0.0001,0.1012,-0.0314,-2.9952,0.0057
28.34308886528015,-0.1013,0.0001,0.1007,-0.0231,-2.9962,-0.0158
28.343265056610107,-0.1013,-0.0001,0.1006,-0.0137,-2.9972,-0.0323
28.343398809432983,-0.1013,-0.0004,0.1003,-0.0078,-2.9983,-0.0476
28.34353470802307,-0.1013,-0.0007,0.1005,0.0371,-2.9993,-0.0335
28.343658924102783,-0.1014,-0.0008,0.1007,0.0042,-3.0003,-0.0393
28.3437979221344,-0.1014,-0.001,0.1004,0.0132,-3.0013,-0.0419
28.343918800354004,-0.1014,-0.0011,0.1009,0.0519,-3.0023,-0.0163
28.344038724899292,-0.1014,-0.0009,0.1011,0.0179,-3.0033,-0.0108
28.34415578842163,-0.1014,-0.0007,0.101,0.0296,-3.0043,0.0011
28.344271898269653,-0.1014,-0.0005,0.1013,0.0411,-3.0054,0.0227
28.344387769699097,-0.1014,-0.0001,0.1017,0.0338,-3.0064,0.0423
28.344499826431274,-0.1014,0.0003,0.102,0.0384,-3.0074,0.067
28.344613790512085,-0.1013,0.0009,0.1025,0.0287,-3.0084,0.0895
28.37277102470398,-0.1013,0.0015,0.1025,-0.0254,-3.0094,0.077
28.372963666915894,-0.1013,0.0018,0.1021,0.0132,-3.0104,0.0868
28.50805974006653,-0.1013,0.0021,0.1017,-0.1261,-3.0114,0.0035
28.508248805999756,-0.1013,0.0015,0.0998,-0.0497,-3.0124,-0.0448
28.50837779045105,-0.1013,0.0006,0.1001,0.0263,-3.0135,-0.0427
28.50849986076355,-0.1013,0.0,0.1002,-0.0006,-3.0145,-0.058
28.50863790512085,-0.1013,-0.0006,0.0999,0.0356,-3.0155,-0.0523
28.508760690689087,-0.1013,-0.0009,0.1006,0.0465,-3.0165,-0.0346
28.50888180732727,-0.1013,-0.001,0.1009,0.025,-3.0175,-0.0293
28.509000778198242,-0.1013,-0.001,0.1012,0.0364,-3.0185,-0.015
28.50912094116211,-0.1014,-0.0008,0.1013,0.024,-3.0195,-0.0079
28.50923991203308,-0.1014,-0.0007,0.1017,0.0477,-3.0206,0.017
28.509374856948853,-0.1013,-0.0003,0.1022,0.0563,-3.0216,0.0512
28.509505033493042,-0.1013,0.0003,0.1024,0.0284,-3.0226,0.0694
28.509626865386963,-0.1013,0.0009,0.1029,0.0471,-3.0236,0.1029
28.5097599029541,-0.1013,0.0016,0.1033,0.0128,-3.0246,0.1177
28.639941692352295,-0.1012,0.0023,0.103,-0.0307,-3.0256,0.1023
28.640130043029785,-0.1012,0.0026,0.1031,-0.0957,-3.0266,0.0453
28.64026188850403,-0.1012,0.0023,0.101,-0.1509,-3.0276,-0.0626
28.640381813049316,-0.1012,0.001,0.1001,0.0243,-3.0287,-0.0643
28.640501022338867,-0.1012,0.0001,0.1012,0.0924,-3.0297,-0.0152
28.64063787460327,-0.1012,-0.0001,0.1016,0.019,-3.0307,-0.0109
28.640755891799927,-0.1012,-0.0002,0.1015,0.0408,-3.0317,0.0061
28.64087176322937,-0.1012,-0.0001,0.1023,0.0351,-3.0327,0.0248
28.640989780426025,-0.1012,0.0002,0.102,-0.0263,-3.0337,0.0022
28.641103744506836,-0.1012,0.0002,0.1018,0.018,-3.0347,0.0065
28.641227960586548,-0.1012,0.0002,0.1024,0.0279,-3.0357,0.0208
28.641366004943848,-0.1012,0.0003,0.1022,-0.006,-3.0368,0.0123
28.641494035720825,-0.1012,0.0003,0.1021,0.0051,-3.0378,0.0096
28.782306909561157,-0.1012,0.0003,0.1023,-0.0091,-3.0388,-0.0013
28.782490730285645,-0.1012,0.0002,0.1019,-0.0158,-3.0398,-0.0196
28.782797813415527,-0.1012,-0.0,0.102,0.0192,-3.0408,-0.0149
28.782939910888672,-0.1012,-0.0002,0.1019,-0.0253,-3.0418,-0.0401
28.783077716827393,-0.1012,-0.0005,0.1015,-0.0073,-3.0428,-0.057
28.783203840255737,-0.1013,-0.0009,0.1014,-0.0082,-3.0438,-0.0756
28.783329010009766,-0.1013,-0.0014,0.1011,-0.0126,-3.0449,-0.0996
28.783450841903687,-0.1013,-0.0019,0.1009,0.0214,-3.0459,-0.1036
28.783576011657715,-0.1013,-0.0024,0.101,0.0299,-3.0469,-0.1021
28.783705711364746,-0.1014,-0.0027,0.1022,0.1611,-3.0479,-0.0077
28.78382682800293,-0.1014,-0.0019,0.1036,0.0559,-3.0489,0.0292
28.783946990966797,-0.1014,-0.0011,0.1037,-0.0121,-3.0499,0.0229
28.7840678691864,-0.1014,-0.0005,0.1033,-0.0318,-3.0509,0.0014
28.784188747406006,-0.1014,-0.0004,0.1029,-0.0263,-3.0519,-0.0195
28.784311056137085,-0.1014,-0.0004,0.1026,-0.0278,-3.053,-0.0441
28.905253887176514,-0.1014,-0.0007,0.1021,0.0051,-3.054,-0.051
28.905406951904297,-0.1014,-0.001,0.1024,0.0381,-3.055,-0.0349
28.905531883239746,-0.1014,-0.001,0.1026,0.0023,-3.056,-0.041
28.905651807785034,-0.1014,-0.0011,0.1022,0.0152,-3.057,-0.0417
28.905771017074585,-0.1014,-0.0012,0.1028,0.0548,-3.058,-0.0125
28.905889987945557,-0.1014,-0.001,0.1032,0.018,-3.059,-0.005
28.906007051467896,-0.1014,-0.0007,0.1032,0.032,-3.0601,0.012
28.906121969223022,-0.1014,-0.0004,0.1035,0.0497,-3.0611,0.0427
28.906235933303833,-0.1014,0.0001,0.1041,0.0371,-3.0621,0.0695
28.90635395050049,-0.1014,0.0008,0.1044,0.0415,-3.0631,0.1015
28.906470775604248,-0.1014,0.0015,0.1045,-0.0173,-3.0641,0.0965
28.90658473968506,-0.1013,0.002,0.1042,-0.0075,-3.0651,0.0957
29.047268867492676,-0.1013,0.0023,0.1035,-0.1221,-3.0661,0.0155
29.047464847564697,-0.1013,0.0018,0.102,-0.0454,-3.0672,-0.0264
29.04759383201599,-0.1013,0.001,0.1022,0.0411,-3.0682,-0.0118
29.047711849212646,-0.1013,0.0006,0.1027,0.0259,-3.0692,-0.0039
29.04784083366394,-0.1013,0.0004,0.1024,0.0215,-3.0702,-0.0007
29.047963857650757,-0.1013,0.0003,0.1032,0.0612,-3.0712,0.033
29.048078775405884,-0.1013,0.0005,0.1036,0.0417,-3.0722,0.0572
29.048192977905273,-0.1013,0.0009,0.104,0.0383,-3.0732,0.0823
29.04831099510193,-0.1013,0.0014,0.1044,0.0058,-3.0742,0.0889
29.048428058624268,-0.1012,0.0019,0.1042,-0.0006,-3.0753,0.09
29.048544883728027,-0.1012,0.0022,0.1044,-0.0049,-3.0763,0.09
29.048659801483154,-0.1012,0.0024,0.1052,-0.0491,-3.0773,0.0671
29.04877996444702,-0.1012,0.0023,0.1039,-0.1452,-3.0783,-0.0273
29.048897981643677,-0.1012,0.0014,0.1026,-0.0598,-3.0793,-0.0766
29.178854942321777,-0.1012,0.0002,0.1023,0.0174,-3.0803,-0.0792
29.179029941558838,-0.1012,-0.0006,0.1026,0.0469,-3.0813,-0.0616
29.179157972335815,-0.1012,-0.001,0.1031,0.0287,-3.0823,-0.0528
29.17928194999695,-0.1012,-0.0012,0.1032,0.0419,-3.0834,-0.0347
29.179398775100708,-0.1013,-0.0012,0.104,0.0712,-3.0844,0.0073
29.17951989173889,-0.1013,-0.0008,0.1046,0.0375,-3.0854,0.0324
29.179636001586914,-0.1012,-0.0002,0.1051,0.033,-3.0864,0.0576
29.179752826690674,-0.1012,0.0004,0.1051,-0.0191,-3.0874,0.0499
29.1798677444458,-0.1012,0.0008,0.1046,-0.0052,-3.0884,0.0477
29.17998480796814,-0.1012,0.001,0.1049,-0.0078,-3.0894,0.0455
29.180099725723267,-0.1012,0.0011,0.1046,-0.0303,-3.0904,0.0263
29.180216789245605,-0.1012,0.0011,0.1041,-0.0186,-3.0915,0.0109
29.18033480644226,-0.1012,0.0008,0.104,-0.0238,-3.0925,-0.0084
29.313281059265137,-0.1012,0.0005,0.1037,-0.0257,-3.0935,-0.0321
29.313474893569946,-0.1012,0.0,0.1033,0.0131,-3.0945,-0.0338
29.31362295150757,-0.1012,-0.0003,0.1036,0.0362,-3.0955,-0.0189
29.313748836517334,-0.1012,-0.0004,0.1038,0.0178,-3.0965,-0.015
29.313872814178467,-0.1012,-0.0004,0.1038,0.0139,-3.0975,-0.0135
29.313990831375122,-0.1012,-0.0004,0.1039,0.0348,-3.0985,0.0022
29.314111948013306,-0.1012,-0.0003,0.1044,0.028,-3.0995,0.0163
29.31422781944275,-0.1012,-0.0,0.1044,0.0219,-3.1006,0.0266
29.31434178352356,-0.1012,0.0002,0.1045,0.0082,-3.1016,0.0287
29.314469814300537,-0.1012,0.0004,0.1044,0.012,-3.1026,0.0324
29.31459879875183,-0.1012,0.0006,0.1045,0.0228,-3.1036,0.0441
29.314722061157227,-0.1012,0.0009,0.1047,-0.0002,-3.1046,0.0423
29.314842700958252,-0.1011,0.001,0.1045,-0.0002,-3.1056,0.0385
29.314957857131958,-0.1011,0.0011,0.1044,0.0212,-3.1066,0.0477
29.44680380821228,-0.1011,0.0012,0.1046,0.0083,-3.1076,0.0501
29.446977853775024,-0.1011,0.0013,0.1045,-0.076,-3.1087,-0.0032
29.447105884552002,-0.1011,0.0009,0.1032,-0.0391,-3.1097,-0.0423
29.447224855422974,-0.1011,0.0002,0.1037,0.0332,-3.1107,-0.0316
29.447346925735474,-0.1011,-0.0001,0.1039,-0.0327,-3.1117,-0.0626
29.447470664978027,-0.1011,-0.0007,0.1034,-0.0415,-3.1127,-0.1038
29.447589874267578,-0.1012,-0.0015,0.103,0.016,-3.1137,-0.1114
29.44770884513855,-0.1012,-0.0021,0.1037,0.0565,-3.1147,-0.0885
29.447826862335205,-0.1012,-0.0024,0.1041,0.1273,-3.1157,-0.0168
29.44794273376465,-0.1013,-0.0018,0.1059,0.12,-3.1167,0.0629
29.448065996170044,-0.1012,-0.0007,0.1066,0.0,-3.1178,0.0703
29.448183059692383,-0.1012,0.0002,0.1058,-0.0337,-3.1188,0.0506
29.448320865631104,-0.1012,0.0007,0.1059,0.0014,-3.1198,0.0544
29.57896399497986,-0.1012,0.001,0.1058,-0.0298,-3.1208,0.0372
29.579144954681396,-0.1012,0.0011,0.1051,-0.0358,-3.1218,0.0111
29.57927393913269,-0.1012,0.0008,0.105,-0.0014,-3.1228,0.0063
29.57941770553589,-0.1012,0.0007,0.1049,-0.037,-3.1238,-0.0225
29.579545736312866,-0.1012,0.0002,0.1042,-0.0518,-3.1248,-0.0663
29.57967472076416,-0.1012,-0.0005,0.1037,-0.0205,-3.1259,-0.0946
29.579818964004517,-0.1012,-0.0013,0.1035,0.0203,-3.1269,-0.0983
29.579952716827393,-0.1012,-0.0018,0.1037,0.0124,-3.1279,-0.1062
29.58009171485901,-0.1013,-0.0023,0.1037,0.0136,-3.1289,-0.114
29.580219745635986,-0.1013,-0.0027,0.1041,0.1573,-3.1299,-0.0269
29.580355644226074,-0.1013,-0.0022,0.1064,0.1057,-3.1309,0.0435
29.580485820770264,-0.1013,-0.0011,0.1065,-0.0295,-3.1319,0.028
29.580607891082764,-0.1013,-0.0005,0.1055,-0.0566,-3.1329,-0.0121
29.715173721313477,-0.1013,-0.0005,0.1053,-0.0101,-3.134,-0.0241
29.715399742126465,-0.1013,-0.0006,0.105,-0.0239,-3.135,-0.0473
29.71553087234497,-0.1013,-0.0009,0.1046,0.0151,-3.136,-0.0484
29.715671062469482,-0.1013,-0.0011,0.1049,0.0223,-3.137,-0.0431
29.71579885482788,-0.1014,-0.0012,0.1046,-0.0052,-3.138,-0.058
29.71591877937317,-0.1014,-0.0014,0.1046,0.0311,-3.139,-0.0497
29.716038942337036,-0.1014,-0.0015,0.1052,0.0428,-3.14,-0.0297
29.716158866882324,-0.1014,-0.0013,0.1054,0.0059,-3.1411,-0.0327
29.716277837753296,-0.1014,-0.0012,0.1056,0.037,-3.1421,-0.0144
29.716404914855957,-0.1014,-0.001,0.1061,0.086,-3.1431,0.0397
29.716525077819824,-0.1014,-0.0003,0.1069,0.0525,-3.1441,0.0779
29.716659784317017,-0.1014,0.0005,0.1073,0.0472,-3.1451,0.1159
29.716794729232788,-0.1013,0.0015,0.1078,0.0727,-3.1461,0.1744
29.716925859451294,-0.1013,0.0028,0.1087,0.0127,-3.1471,0.201
29.86127996444702,-0.1012,0.0039,0.1079,-0.1582,-3.1481,0.1118
29.861469984054565,-0.1012,0.0038,0.1058,-0.1874,-3.1492,-0.0117
29.861610889434814,-0.1012,0.0026,0.1039,-0.0572,-3.1502,-0.0655
29.861738920211792,-0.1012,0.0011,0.1046,0.1085,-3.1512,-0.0083
29.86186170578003,-0.1012,0.0007,0.1056,0.0476,-3.1522,0.016
29.861979722976685,-0.1012,0.0007,0.1054,0.04,-3.1532,0.034
29.862096786499023,-0.1012,0.0008,0.1064,0.0814,-3.1542,0.0858
29.86221480369568,-0.1012,0.0014,0.1069,-0.0067,-3.1552,0.0843
29.86234188079834,-0.1011,0.0018,0.1063,-0.0094,-3.1562,0.0769
29.862454891204834,-0.1011,0.002,0.1067,0.0146,-3.1573,0.0877
29.862571001052856,-0.1011,0.0023,0.107,-0.0211,-3.1583,0.0775
29.862704753875732,-0.1011,0.0023,0.1057,-0.1364,-3.1593,-0.0164
29.86284065246582,-0.1011,0.0015,0.1041,-0.0684,-3.1603,-0.0786
29.862967014312744,-0.1011,0.0003,0.1037,-0.0329,-3.1613,-0.122
29.995462894439697,-0.1011,-0.001,0.1034,0.0387,-3.1623,-0.1224
29.995645761489868,-0.1012,-0.0019,0.104,0.0624,-3.1633,-0.1037
29.995779752731323,-0.1012,-0.0023,0.1051,0.1317,-3.1643,-0.0328
29.99589991569519,-0.1012,-0.002,0.1067,0.0956,-3.1653,0.0258
29.996017932891846,-0.1012,-0.0011,0.107,0.0316,-3.1664,0.0457
29.996144771575928,-0.1012,-0.0003,0.1071,0.1036,-3.1674,0.1133
29.996261835098267,-0.1012,0.0009,0.1086,0.0559,-3.1684,0.1611
29.996378898620605,-0.1011,0.0022,0.108,-0.0635,-3.1694,0.1279
29.996498823165894,-0.1011,0.0028,0.1083,-0.0544,-3.1704,0.103
29.996619939804077,-0.101,0.0029,0.1071,-0.1813,-3.1714,-0.0122
29.99674701690674,-0.101,0.0019,0.1051,-0.0466,-3.1724,-0.056
29.99686598777771,-0.1011,0.0008,0.1053,-0.0158,-3.1734,-0.0794
29.99698781967163,-0.1011,-0.0002,0.1042,-0.0955,-3.1744,-0.1629
29.997105836868286,-0.1011,-0.0017,0.1034,0.0326,-3.1755,-0.1702
30.129071712493896,-0.1012,-0.0029,0.1044,0.0693,-3.1765,-0.1479
30.12930679321289,-0.1012,-0.0035,0.1054,0.1894,-3.1775,-0.0417
30.129435777664185,-0.1013,-0.0028,0.1079,0.161,-3.1785,0.0644
30.12957000732422,-0.1012,-0.0013,0.1091,0.0592,-3.1795,0.1138
30.129700899124146,-0.1012,0.0002,0.1089,-0.0299,-3.1805,0.1049
30.1298189163208,-0.1012,0.0011,0.1082,-0.0238,-3.1815,0.0954
30.12993574142456,-0.1011,0.0017,0.1086,-0.0353,-3.1825,0.0815
30.130053758621216,-0.1011,0.002,0.1075,-0.1215,-3.1835,0.0042
30.130172729492188,-0.1011,0.0014,0.106,-0.0575,-3.1846,-0.0428
30.130295038223267,-0.1011,0.0006,0.1061,0.0729,-3.1856,-0.0056
30.13042187690735,-0.1011,0.0004,0.1068,0.0362,-3.1866,0.0123
30.130544900894165,-0.1011,0.0004,0.1066,0.0292,-3.1876,0.0243
30.130674839019775,-0.1011,0.0005,0.1071,0.0812,-3.1886,0.0734
30.26199698448181,-0.1011,0.0011,0.1079,0.0452,-3.1896,0.1051
30.26221489906311,-0.101,0.0018,0.1077,-0.0214,-3.1906,0.0921
30.26233983039856,-0.101,0.0021,0.1073,-0.0014,-3.1916,0.0894
30.262465953826904,-0.101,0.0024,0.1076,0.002,-3.1926,0.0908
30.262587785720825,-0.101,0.0025,0.1069,-0.155,-3.1937,-0.0144
30.262714862823486,-0.101,0.0016,0.1047,-0.0979,-3.1947,-0.0989
30.26283597946167,-0.101,0.0002,0.1044,0.0224,-3.1957,-0.1089
30.262956857681274,-0.101,-0.0009,0.1049,0.0655,-3.1967,-0.089
30.263076782226562,-0.1011,-0.0015,0.1054,0.0465,-3.1977,-0.0778
30.26321291923523,-0.1011,-0.0018,0.1063,0.1293,-3.1987,-0.007
30.263357877731323,-0.1011,-0.0013,0.108,0.1037,-3.1997,0.0587
30.26350474357605,-0.1011,-0.0004,0.1087,-0.0053,-3.2007,0.0596
30.26366901397705,-0.101,0.0003,0.108,-0.0377,-3.2017,0.0349
30.263789892196655,-0.101,0.0006,0.1079,0.0044,-3.2027,0.0371
30.397108793258667,-0.101,0.0008,0.108,-0.0325,-3.2038,0.0155
30.39730405807495,-0.101,0.0007,0.1073,-0.0367,-3.2048,-0.0141
30.397435903549194,-0.101,0.0003,0.1071,0.0236,-3.2058,-0.0067
30.39755892753601,-0.101,0.0002,0.1076,0.0259,-3.2068,0.0056
30.397690773010254,-0.101,0.0002,0.1076,-0.0082,-3.2078,-0.0046
30.39781093597412,-0.101,0.0001,0.1074,-0.0012,-3.2088,-0.0118
30.39793086051941,-0.101,-0.0001,0.1075,-0.0102,-3.2098,-0.0244
30.39805579185486,-0.101,-0.0003,0.1071,-0.0153,-3.2108,-0.0433
30.398175954818726,-0.1011,-0.0006,0.1068,-0.0146,-3.2118,-0.0646
30.398295879364014,-0.1011,-0.0011,0.1064,-0.0151,-3.2129,-0.0894
30.39841365814209,-0.1011,-0.0016,0.1064,-0.0211,-3.2139,-0.1187
30.39853286743164,-0.1011,-0.0023,0.1061,0.0239,-3.2149,-0.1217
30.398660898208618,-0.1012,-0.0028,0.106,0.0769,-3.2159,-0.092
30.531256675720215,-0.1012,-0.0028,0.1075,0.1539,-3.2169,-0.0019
30.531431913375854,-0.1012,-0.002,0.1089,0.0519,-3.2179,0.0326
30.531558752059937,-0.1012,-0.0011,0.1086,0.038,-3.2189,0.056
30.53167986869812,-0.1012,-0.0002,0.1095,0.1297,-3.2199,0.146
30.531797885894775,-0.1011,0.0013,0.1109,0.0286,-3.2209,0.181
30.53193187713623,-0.1011,0.0027,0.11,-0.0624,-3.222,0.1519
30.532063007354736,-0.101,0.0033,0.1099,-0.1211,-3.223,0.0839
30.532181978225708,-0.101,0.0032,0.1079,-0.1698,-3.224,-0.0301
30.532301664352417,-0.101,0.0019,0.1068,-0.0571,-3.225,-0.0797
30.532420873641968,-0.101,0.0006,0.1061,-0.001,-3.226,-0.0992
30.532538890838623,-0.1011,-0.0006,0.1064,0.0579,-3.227,-0.0798
30.532667875289917,-0.1011,-0.0012,0.1068,0.0519,-3.228,-0.0618
30.532797813415527,-0.1011,-0.0014,0.1073,0.0524,-3.229,-0.0406
30.661925792694092,-0.1011,-0.0014,0.1079,0.1088,-3.23,0.0213
30.662134885787964,-0.1011,-0.0008,0.109,0.0836,-3.2311,0.0746
30.662256717681885,-0.1011,0.0002,0.1098,0.0521,-3.2321,0.1137
30.662391901016235,-0.1011,0.0012,0.1098,-0.0085,-3.2331,0.1147
30.662511825561523,-0.101,0.002,0.1093,-0.0213,-3.2341,0.1042
30.662628889083862,-0.101,0.0024,0.1094,-0.0912,-3.2351,0.0491
30.662747859954834,-0.101,0.0022,0.1075,-0.1476,-3.2361,-0.0569
30.662863731384277,-0.101,0.001,0.1064,0.0126,-3.2371,-0.068
30.662986993789673,-0.101,0.0,0.1074,0.1128,-3.2381,-0.0078
30.663102865219116,-0.101,-0.0001,0.1083,0.0491,-3.2391,0.0171
30.663216829299927,-0.101,0.0001,0.1083,0.0383,-3.2401,0.0348
30.663331031799316,-0.101,0.0004,0.109,0.0424,-3.2412,0.0607
30.66345191001892,-0.101,0.0009,0.109,-0.0165,-3.2422,0.0484
30.66356873512268,-0.101,0.0011,0.1088,0.0024,-3.2432,0.0465
30.79115891456604,-0.1009,0.0012,0.1087,-0.0073,-3.2442,0.0379
30.79136300086975,-0.1009,0.0012,0.1085,-0.0113,-3.2452,0.0248
30.79149103164673,-0.1009,0.0011,0.1082,-0.0079,-3.2462,0.0111
30.791613817214966,-0.1009,0.0009,0.1082,-0.0083,-3.2472,-0.0032
30.791733026504517,-0.1009,0.0006,0.1077,0.0006,-3.2482,-0.0153
30.791846752166748,-0.1009,0.0003,0.108,0.0525,-3.2492,0.0081
30.791961669921875,-0.1009,0.0003,0.1086,0.0346,-3.2502,0.0238
30.79207491874695,-0.1009,0.0004,0.1087,0.0151,-3.2512,0.0275
30.792191982269287,-0.1009,0.0006,0.1087,0.0439,-3.2523,0.0498
30.792308807373047,-0.1009,0.0009,0.1092,0.037,-3.2533,0.0708
30.792430877685547,-0.1009,0.0013,0.1096,0.0252,-3.2543,0.0875
30.79256296157837,-0.1008,0.0018,0.1096,-0.0101,-3.2553,0.0812
30.921815872192383,-0.1008,0.002,0.1093,-0.0119,-3.2563,0.0714
30.922014951705933,-0.1008,0.0021,0.1099,-0.0325,-3.2573,0.0528
30.92216181755066,-0.1008,0.002,0.1084,-0.1577,-3.2583,-0.0583
30.92228889465332,-0.1008,0.0008,0.1067,-0.0756,-3.2593,-0.129
30.922416925430298,-0.1008,-0.0007,0.1058,-0.0025,-3.2603,-0.1605
30.922542095184326,-0.1009,-0.002,0.106,0.082,-3.2613,-0.1369
30.922667026519775,-0.1009,-0.0028,0.1072,0.1886,-3.2623,-0.0362
30.922785997390747,-0.1009,-0.0023,0.1095,0.1529,-3.2634,0.0578
30.922908782958984,-0.1009,-0.001,0.1103,0.1041,-3.2644,0.1265
30.923033714294434,-0.1009,0.0005,0.1115,0.0431,-3.2654,0.165
30.923155784606934,-0.1008,0.002,0.1112,-0.0563,-3.2664,0.1376
30.92327380180359,-0.1008,0.0027,0.1109,-0.1147,-3.2674,0.0709
30.923394918441772,-0.1008,0.0026,0.1089,-0.1742,-3.2684,-0.0488
31.062391996383667,-0.1008,0.0013,0.1078,0.0095,-3.2694,-0.0588
31.062583923339844,-0.1008,0.0004,0.1085,-0.0413,-3.2704,-0.0971
31.062742948532104,-0.1008,-0.0007,0.1068,-0.1053,-3.2714,-0.1905
31.06286883354187,-0.1009,-0.0023,0.1059,0.0902,-3.2724,-0.165
31.062992811203003,-0.1009,-0.0032,0.1072,0.228,-3.2734,-0.0417
31.06311869621277,-0.101,-0.0027,0.1105,0.1995,-3.2744,0.0864
31.06324076652527,-0.1009,-0.001,0.1112,0.0432,-3.2755,0.1194
31.06335997581482,-0.1009,0.0004,0.1119,0.1004,-3.2765,0.1951
31.063482761383057,-0.1008,0.0022,0.113,-0.0125,-3.2775,0.2069
31.06360697746277,-0.1008,0.0036,0.112,-0.1889,-3.2785,0.0984
31.063737869262695,-0.1007,0.0035,0.1097,-0.2055,-3.2795,-0.0378
31.063856840133667,-0.1007,0.002,0.1077,-0.0795,-3.2805,-0.1079
31.06397271156311,-0.1008,0.0004,0.1078,0.1275,-3.2815,-0.0447
31.064105987548828,-0.1008,-0.0002,0.1093,0.0989,-3.2825,0.0103
31.06421971321106,-0.1008,-0.0,0.1098,0.0408,-3.2835,0.0308
31.19145393371582,-0.1008,0.0003,0.1105,0.05,-3.2845,0.0621
31.19164800643921,-0.1008,0.0008,0.1107,0.0132,-3.2855,0.0713
31.19177794456482,-0.1007,0.0013,0.1106,-0.0097,-3.2865,0.0651
31.191895008087158,-0.1007,0.0015,0.1106,-0.0036,-3.2875,0.0633
31.192019939422607,-0.1007,0.0017,0.1107,-0.0339,-3.2886,0.042
31.19213891029358,-0.1007,0.0016,0.1097,-0.0922,-3.2896,-0.0244
31.192256927490234,-0.1007,0.0009,0.1087,-0.0526,-3.2906,-0.073
31.192375898361206,-0.1007,-0.0001,0.1082,-0.0455,-3.2916,-0.1214
31.19249391555786,-0.1008,-0.0013,0.1075,0.0171,-3.2926,-0.1355
31.192610025405884,-0.1008,-0.0022,0.1083,0.0913,-3.2936,-0.097
31.19272494316101,-0.1008,-0.0025,0.1093,0.1915,-3.2946,0.0135
31.19285488128662,-0.1008,-0.0016,0.112,0.1642,-3.2956,0.126
31.32116198539734,-0.1008,0.0001,0.1128,-0.0379,-3.2966,0.1145
31.321382761001587,-0.1007,0.0012,0.1115,-0.0708,-3.2976,0.0728
31.321534872055054,-0.1007,0.0015,0.1115,-0.0666,-3.2986,0.0338
31.321671962738037,-0.1007,0.0014,0.1102,-0.1437,-3.2996,-0.0647
31.321791887283325,-0.1007,0.0004,0.1084,-0.0171,-3.3006,-0.0952
31.321913719177246,-0.1008,-0.0007,0.1093,0.1082,-3.3017,-0.039
31.322035789489746,-0.1008,-0.0009,0.1101,0.0445,-3.3027,-0.0188
31.3221538066864,-0.1008,-0.0008,0.1098,0.04,-3.3037,-0.0035
31.32227087020874,-0.1008,-0.0006,0.1104,0.0836,-3.3047,0.044
31.322391986846924,-0.1008,0.0,0.1113,0.0235,-3.3057,0.0593
31.322509050369263,-0.1007,0.0006,0.111,-0.0306,-3.3067,0.0376
31.322621822357178,-0.1007,0.0008,0.1106,0.002,-3.3077,0.0339
31.322734832763672,-0.1007,0.0009,0.1109,0.0094,-3.3087,0.0369
31.45023202896118,-0.1007,0.001,0.1107,-0.0166,-3.3097,0.0216
31.450406789779663,-0.1007,0.0009,0.1103,-0.0127,-3.3107,0.0059
31.450536966323853,-0.1007,0.0007,0.1103,0.0171,-3.3117,0.0086
31.450660705566406,-0.1007,0.0006,0.1105,-0.0139,-3.3127,-0.0071
31.45078182220459,-0.1007,0.0003,0.1101,-0.0414,-3.3137,-0.0441
31.450909852981567,-0.1007,-0.0002,0.1097,-0.0343,-3.3147,-0.0796
31.45103096961975,-0.1007,-0.0009,0.1096,-0.0057,-3.3158,-0.0982
31.45115065574646,-0.1008,-0.0016,0.1094,-0.015,-3.3168,-0.1254
31.45126986503601,-0.1008,-0.0023,0.109,0.0575,-3.3178,-0.109
31.451387882232666,-0.1009,-0.0027,0.1093,0.1522,-3.3188,-0.0299
31.451502799987793,-0.1009,-0.0022,0.1117,0.1936,-3.3198,0.0937
31.4516179561615,-0.1008,-0.0006,0.1134,0.0348,-3.3208,0.1273
31.451733827590942,-0.1008,0.0008,0.1131,-0.0882,-3.3218,0.0803
31.579952716827393,-0.1008,0.0014,0.1121,-0.0289,-3.3228,0.0643
31.580129861831665,-0.1007,0.0016,0.1116,-0.0806,-3.3238,0.0116
31.580257892608643,-0.1007,0.0012,0.1102,-0.0924,-3.3248,-0.0598
31.58042073249817,-0.1008,0.0003,0.1096,0.0552,-3.3258,-0.0407
31.58056879043579,-0.1008,-0.0002,0.1108,0.0627,-3.3268,-0.0088
31.580689907073975,-0.1008,-0.0002,0.1108,0.017,-3.3278,-0.0062
31.580805778503418,-0.1008,-0.0002,0.1111,0.078,-3.3289,0.0376
31.580923795700073,-0.1008,0.0002,0.1121,0.0845,-3.3299,0.0923
31.581037044525146,-0.1007,0.001,0.1128,0.0485,-3.3309,0.1298
31.581170797348022,-0.1007,0.002,0.113,0.0176,-3.3319,0.1491
31.581288814544678,-0.1006,0.0029,0.113,-0.0041,-3.3329,0.1542
31.581426858901978,-0.1006,0.0035,0.1124,-0.164,-3.3339,0.0526
31.581543922424316,-0.1006,0.003,0.11,-0.1734,-3.3349,-0.0736
31.709436893463135,-0.1006,0.0014,0.1084,-0.0643,-3.3359,-0.1419
31.70960569381714,-0.1006,-0.0004,0.1084,0.0904,-3.3369,-0.1116
31.7097327709198,-0.1007,-0.0014,0.1097,0.0958,-3.3379,-0.0695
31.709852933883667,-0.1007,-0.0017,0.1099,0.1197,-3.3389,-0.0106
31.709967851638794,-0.1007,-0.0013,0.1117,0.1771,-3.3399,0.0984
31.710084676742554,-0.1007,0.0001,0.1133,0.0373,-3.3409,0.1292
31.710201740264893,-0.1006,0.0013,0.1125,-0.0455,-3.3419,0.1011
31.710315942764282,-0.1006,0.0019,0.1124,0.031,-3.3429,0.1222
31.71043086051941,-0.1006,0.0025,0.1128,-0.0832,-3.344,0.0721
31.710547924041748,-0.1005,0.0025,0.1105,-0.0864,-3.345,0.0035
31.710667848587036,-0.1005,0.0018,0.1105,0.031,-3.346,0.0099
31.710789918899536,-0.1005,0.0013,0.1108,-0.0583,-3.347,-0.0399
31.710920810699463,-0.1005,0.0005,0.1095,0.0048,-3.348,-0.0586
31.83850908279419,-0.1006,-0.0002,0.1103,0.1052,-3.349,-0.0072
31.838685989379883,-0.1006,-0.0002,0.1113,0.0258,-3.35,-0.0003
31.83881187438965,-0.1006,-0.0001,0.1111,0.0366,-3.351,0.0118
31.838928699493408,-0.1006,0.0,0.112,0.0822,-3.352,0.0595
31.83904194831848,-0.1005,0.0006,0.1125,0.0304,-3.353,0.0776
31.839157819747925,-0.1005,0.0012,0.1126,0.0168,-3.354,0.0878
31.839271783828735,-0.1005,0.0017,0.113,0.0456,-3.355,0.1194
31.839386701583862,-0.1005,0.0023,0.1132,-0.1136,-3.356,0.0498
31.839504718780518,-0.1004,0.0021,0.1108,-0.0744,-3.357,-0.012
31.839627027511597,-0.1004,0.0014,0.1112,0.011,-3.358,-0.0161
31.839751958847046,-0.1004,0.0008,0.111,-0.0692,-3.359,-0.0746
31.839890956878662,-0.1005,-0.0002,0.1099,-0.0547,-3.36,-0.1323
31.840020895004272,-0.1005,-0.0014,0.1097,0.0829,-3.361,-0.1032
31.96840500831604,-0.1005,-0.002,0.1111,0.1165,-3.362,-0.0431
31.968575954437256,-0.1006,-0.0018,0.1118,0.0625,-3.3631,-0.0128
31.968702793121338,-0.1006,-0.0014,0.1119,0.1269,-3.3641,0.0594
31.968820810317993,-0.1005,-0.0004,0.1141,0.1888,-3.3651,0.1879
31.96893882751465,-0.1005,0.0016,0.1158,0.0936,-3.3661,0.2685
31.96906089782715,-0.1004,0.0037,0.1165,0.0404,-3.3671,0.3206
31.969177722930908,-0.1003,0.0057,0.1164,-0.2137,-3.3681,0.209
31.96929383277893,-0.1002,0.006,0.1135,-0.3496,-3.3691,-0.0114
31.969411849975586,-0.1002,0.0041,0.1101,-0.2123,-3.3701,-0.1689
31.969526052474976,-0.1003,0.0012,0.1086,0.0627,-3.3711,-0.1616
31.969646692276,-0.1003,-0.0007,0.1105,0.2241,-3.3721,-0.0375
31.969761848449707,-0.1003,-0.0009,0.1124,0.2119,-3.3731,0.092
31.969894886016846,-0.1003,0.0003,0.1152,0.2296,-3.3741,0.2535
32.098559856414795,-0.1002,0.0027,0.117,0.0336,-3.3751,0.3026
32.098734855651855,-0.1001,0.0048,0.1171,-0.1949,-3.3761,0.2063
32.098862648010254,-0.1001,0.0054,0.1137,-0.3217,-3.3771,0.0032
32.09898591041565,-0.1001,0.0038,0.1099,-0.1367,-3.3781,-0.1082
32.09910297393799,-0.1001,0.0016,0.11,0.2024,-3.3791,-0.0016
32.09922671318054,-0.1001,0.0011,0.113,0.1859,-3.3801,0.1153
32.09934163093567,-0.1001,0.0019,0.1133,0.0683,-3.3811,0.1584
32.09945487976074,-0.1,0.0029,0.1146,0.0984,-3.3821,0.2311
32.099570751190186,-0.0999,0.0043,0.116,-0.0339,-3.3831,0.229
32.09969472885132,-0.0999,0.0052,0.1149,-0.2254,-3.3841,0.0955
32.099812746047974,-0.0998,0.0046,0.1119,-0.2379,-3.3851,-0.0686
32.0999391078949,-0.0999,0.0025,0.1092,-0.0173,-3.3861,-0.1102
32.10007691383362,-0.0999,0.0007,0.1104,0.2617,-3.3871,0.0354
32.22756505012512,-0.0999,0.0008,0.1134,0.1939,-3.3881,0.1583
32.227757930755615,-0.0998,0.0021,0.1147,0.0741,-3.3891,0.2136
32.227890968322754,-0.0998,0.0036,0.1157,0.0449,-3.3901,0.2582
32.22800898551941,-0.0997,0.005,0.1161,-0.1418,-3.3911,0.1857
32.22813677787781,-0.0996,0.0053,0.1136,-0.2851,-3.3921,0.0025
32.228256940841675,-0.0996,0.0038,0.1092,-0.0823,-3.3931,-0.082
32.228374004364014,-0.0996,0.0018,0.1111,0.2766,-3.3941,0.0773
32.228495836257935,-0.0996,0.002,0.1136,0.0084,-3.3951,0.0812
32.22861099243164,-0.0996,0.0022,0.1113,-0.0362,-3.3961,0.04
32.22872281074524,-0.0996,0.0019,0.1125,0.205,-3.3971,0.1625
32.22883582115173,-0.0995,0.0029,0.1145,0.0846,-3.3981,0.2223
32.228962898254395,-0.0995,0.0042,0.114,-0.0173,-3.3991,0.2134
32.22909092903137,-0.0994,0.005,0.1138,-0.1048,-3.4,0.1468
32.369449853897095,-0.0993,0.005,0.1119,-0.1289,-3.401,0.0508
32.369629859924316,-0.0993,0.004,0.1112,0.0263,-3.402,0.0491
32.369754791259766,-0.0993,0.0033,0.1117,0.0661,-3.403,0.0759
32.36986804008484,-0.0993,0.003,0.1125,0.1728,-3.404,0.1769
32.36998391151428,-0.0992,0.0038,0.115,0.1546,-3.405,0.2845
32.370099782943726,-0.0991,0.0055,0.1165,-0.0948,-3.406,0.2425
32.37022089958191,-0.099,0.0062,0.1138,-0.3991,-3.407,-0.0153
32.37033796310425,-0.0991,0.0042,0.1086,-0.1698,-3.408,-0.1633
32.37044978141785,-0.0991,0.0013,0.1092,0.35,-3.409,0.0265
32.3705620765686,-0.0991,0.0012,0.1142,0.3138,-3.41,0.2286
32.37068486213684,-0.099,0.0031,0.1159,0.1008,-3.411,0.3063
32.370802879333496,-0.0989,0.0051,0.1171,0.0007,-3.4119,0.3292
32.37091684341431,-0.0988,0.0068,0.1163,-0.2431,-3.4129,0.1892
32.371052980422974,-0.0988,0.0066,0.1128,-0.3041,-3.4139,-0.0151
32.50105595588684,-0.0988,0.0045,0.1101,-0.0351,-3.4149,-0.0665
32.50122594833374,-0.0988,0.0025,0.1106,0.169,-3.4159,0.0162
32.501351833343506,-0.0988,0.0019,0.1126,0.2193,-3.4169,0.1449
32.501465797424316,-0.0987,0.0027,0.1145,0.1427,-3.4179,0.2382
32.50158095359802,-0.0987,0.0042,0.1157,0.1161,-3.4189,0.3235
32.501708984375,-0.0985,0.0061,0.1165,-0.1548,-3.4198,0.2406
32.50182604789734,-0.0985,0.0066,0.113,-0.2428,-3.4208,0.0758
32.50193691253662,-0.0984,0.0054,0.1116,0.0222,-3.4218,0.0714
32.502049922943115,-0.0984,0.0045,0.113,0.2229,-3.4228,0.2056
32.50216293334961,-0.0984,0.0051,0.1162,0.1269,-3.4238,0.3007
32.50228786468506,-0.0983,0.0065,0.1163,-0.0724,-3.4248,0.2687
32.50240683555603,-0.0982,0.0072,0.115,-0.268,-3.4257,0.1014
32.5025520324707,-0.0981,0.006,0.1114,-0.2272,-3.4267,-0.0665
32.63156199455261,-0.0982,0.0036,0.109,0.1334,-3.4277,-0.02
32.6317298412323,-0.0982,0.0023,0.1131,0.3794,-3.4287,0.2135
32.63185405731201,-0.0981,0.0037,0.1163,0.2137,-3.4297,0.364
32.631974935531616,-0.098,0.0061,0.118,0.1082,-3.4307,0.4594
32.63208985328674,-0.0978,0.0088,0.1184,-0.255,-3.4316,0.3247
32.632221937179565,-0.0977,0.0093,0.1134,-0.5044,-3.4326,-0.007
32.63234090805054,-0.0977,0.0064,0.1084,-0.219,-3.4336,-0.1918
32.632455825805664,-0.0978,0.0026,0.1071,0.1806,-3.4346,-0.1303
32.63256883621216,-0.0978,0.0006,0.1105,0.3282,-3.4355,0.0494
32.63268303871155,-0.0978,0.0009,0.113,0.1575,-3.4365,0.1366
32.63279485702515,-0.0978,0.002,0.1144,0.0517,-3.4375,0.1657
32.63292169570923,-0.0977,0.003,0.1144,0.0529,-3.4385,0.1961
32.63305068016052,-0.0977,0.004,0.116,0.083,-3.4394,0.2583
32.7625298500061,-0.0976,0.0053,0.1163,-0.1433,-3.4404,0.1763
32.7627067565918,-0.0975,0.0054,0.1138,-0.1768,-3.4414,0.0553
32.76282978057861,-0.0975,0.0043,0.112,0.0326,-3.4424,0.0553
32.762945890426636,-0.0975,0.0036,0.1139,0.119,-3.4433,0.1245
32.763062953948975,-0.0974,0.0037,0.1139,-0.004,-3.4443,0.1139
32.7631778717041,-0.0974,0.0037,0.1143,0.0884,-3.4453,0.1655
32.76329183578491,-0.0973,0.0042,0.1162,0.04,-3.4463,0.1996
32.763407707214355,-0.0973,0.0049,0.1152,-0.1482,-3.4472,0.1055
32.76352572441101,-0.0972,0.0045,0.1132,-0.1947,-3.4482,-0.0336
32.76367688179016,-0.0973,0.0028,0.111,-0.0751,-3.4492,-0.1127
32.763797998428345,-0.0973,0.0009,0.1107,-0.0131,-3.4502,-0.1552
32.76391386985779,-0.0973,-0.0009,0.1104,0.0592,-3.4511,-0.1545
32.76403498649597,-0.0974,-0.0021,0.112,0.1767,-3.4521,-0.0675
32.76415276527405,-0.0974,-0.0022,0.1143,0.2793,-3.4531,0.1019
32.884068727493286,-0.0974,-0.0005,0.1174,0.1776,-3.4541,0.2292
32.8842248916626,-0.0973,0.0019,0.1181,-0.1009,-3.455,0.1827
32.88434886932373,-0.0972,0.0031,0.1163,-0.1649,-3.456,0.0822
32.88447093963623,-0.0972,0.003,0.115,-0.1348,-3.457,-0.0087
32.884591817855835,-0.0972,0.002,0.1128,-0.0542,-3.4579,-0.0637
32.88470482826233,-0.0972,0.0008,0.1136,0.1386,-3.4589,0.0108
32.88481879234314,-0.0972,0.0006,0.1152,0.0926,-3.4599,0.0668
32.88493371009827,-0.0972,0.0011,0.1155,0.0636,-3.4609,0.1063
32.885047912597656,-0.0972,0.0018,0.1165,0.1257,-3.4618,0.1928
32.88516187667847,-0.0971,0.0031,0.1178,0.009,-3.4628,0.2144
32.885276794433594,-0.0971,0.0043,0.1175,-0.1788,-3.4638,0.1129
32.88539695739746,-0.097,0.0041,0.1149,-0.2588,-3.4647,-0.0597
32.9086127281189,-0.097,0.0023,0.1116,-0.1041,-3.4657,-0.1568
32.90880584716797,-0.0971,0.0001,0.1126,0.2312,-3.4667,-0.0322
33.04000687599182,-0.0971,-0.0003,0.1158,0.1529,-3.4677,0.0649
33.040173053741455,-0.0971,0.0004,0.1159,0.0019,-3.4686,0.065
33.040294885635376,-0.0971,0.0009,0.1163,0.1326,-3.4696,0.1523
33.04041075706482,-0.097,0.0021,0.1185,0.0853,-3.4706,0.2257
33.04053282737732,-0.0969,0.0037,0.118,-0.0989,-3.4715,0.1774
33.04065203666687,-0.0969,0.0043,0.1161,-0.1965,-3.4725,0.0522
33.040770053863525,-0.0969,0.0035,0.1143,-0.1794,-3.4735,-0.0754
33.040886878967285,-0.0969,0.0017,0.1125,0.0135,-3.4744,-0.0926
33.04099988937378,-0.0969,0.0003,0.1139,0.173,-3.4754,0.0025
33.041112661361694,-0.0969,0.0002,0.1155,0.0741,-3.4764,0.0448
33.04122805595398,-0.0969,0.0006,0.1155,-0.0126,-3.4774,0.0306
33.04136276245117,-0.0969,0.0007,0.1152,0.008,-3.4783,0.0278
33.04148888587952,-0.0969,0.0008,0.1153,-0.0073,-3.4793,0.0156
33.1719229221344,-0.0969,0.0007,0.1147,-0.0374,-3.4803,-0.0204
33.17212700843811,-0.0969,0.0003,0.1143,-0.0111,-3.4812,-0.0431
33.17225193977356,-0.0969,-0.0002,0.1143,0.031,-3.4822,-0.0389
33.17237401008606,-0.0969,-0.0005,0.1148,0.0322,-3.4832,-0.0309
33.17249369621277,-0.0969,-0.0007,0.1148,0.008,-3.4841,-0.0388
33.17261099815369,-0.0969,-0.0008,0.1149,0.0373,-3.4851,-0.0277
33.172728061676025,-0.0969,-0.0009,0.1152,0.0509,-3.4861,-0.0056
33.172844886779785,-0.0969,-0.0007,0.1156,0.0175,-3.487,-0.0025
33.17296099662781,-0.0969,-0.0005,0.1156,0.0381,-3.488,0.014
33.17307901382446,-0.0969,-0.0002,0.116,0.0601,-3.489,0.0476
33.17319869995117,-0.0969,0.0003,0.1165,0.037,-3.49,0.0698
33.17335081100464,-0.0969,0.0009,0.1168,0.0308,-3.4909,0.0903
33.173470973968506,-0.0969,0.0015,0.1169,0.0058,-3.4919,0.0955
33.17359375953674,-0.0968,0.002,0.1168,0.0108,-3.4929,0.1036
33.30399203300476,-0.0968,0.0024,0.1163,-0.1248,-3.4938,0.0202
33.304176807403564,-0.0968,0.0019,0.1143,-0.1017,-3.4948,-0.063
33.30430889129639,-0.0968,0.0007,0.1136,-0.0327,-3.4958,-0.1072
33.30443286895752,-0.0969,-0.0006,0.1135,0.0809,-3.4967,-0.0798
33.3045539855957,-0.0969,-0.0012,0.1149,0.1022,-3.4977,-0.0294
33.304675817489624,-0.0969,-0.0011,0.1155,0.0942,-3.4987,0.0201
33.304794788360596,-0.0969,-0.0006,0.1167,0.1237,-3.4996,0.0974
33.30490970611572,-0.0968,0.0005,0.1179,0.1042,-3.5006,0.171
33.305028676986694,-0.0968,0.002,0.1187,-0.002,-3.5016,0.1827
33.30514669418335,-0.0967,0.0032,0.1187,-0.0354,-3.5025,0.173
33.30526375770569,-0.0967,0.0039,0.1175,-0.1993,-3.5035,0.0494
33.305381774902344,-0.0967,0.0032,0.1155,-0.1622,-3.5045,-0.0655
33.305500745773315,-0.0967,0.0016,0.1137,-0.0195,-3.5054,-0.1022
33.446879863739014,-0.0967,0.0001,0.1143,0.1423,-3.5064,-0.0315
33.44705891609192,-0.0967,-0.0002,0.1159,0.1108,-3.5074,0.0298
33.447181701660156,-0.0967,0.0001,0.1167,0.0286,-3.5083,0.044
33.44729971885681,-0.0967,0.0005,0.1166,0.0179,-3.5093,0.0506
33.4474139213562,-0.0967,0.0009,0.1168,0.0322,-3.5103,0.0683
33.44753408432007,-0.0967,0.0013,0.117,-0.011,-3.5112,0.059
33.44764995574951,-0.0966,0.0015,0.1165,-0.0083,-3.5122,0.0477
33.447762966156006,-0.0966,0.0015,0.1164,0.0008,-3.5132,0.0413
33.44787788391113,-0.0966,0.0014,0.1163,-0.0318,-3.5141,0.0134
33.447999000549316,-0.0966,0.0011,0.1159,-0.0429,-3.5151,-0.0252
33.44811987876892,-0.0966,0.0006,0.1153,-0.0321,-3.5161,-0.0616
33.44823884963989,-0.0966,-0.0002,0.115,0.0355,-3.517,-0.0576
33.44835567474365,-0.0967,-0.0007,0.1156,0.0761,-3.518,-0.0231
33.448472023010254,-0.0967,-0.0007,0.1163,0.0533,-3.519,0.001
33.583499908447266,-0.0967,-0.0005,0.1166,0.0461,-3.5199,0.0227
33.583685874938965,-0.0967,-0.0001,0.1172,0.0692,-3.5209,0.0635
33.583823680877686,-0.0966,0.0005,0.118,0.0663,-3.5219,0.1087
33.58394694328308,-0.0966,0.0014,0.1188,0.0421,-3.5228,0.144
33.584064960479736,-0.0966,0.0024,0.119,-0.0024,-3.5238,0.1526
33.58418297767639,-0.0965,0.0032,0.1186,-0.1299,-3.5248,0.0762
33.5843026638031,-0.0965,0.003,0.1165,-0.1688,-3.5257,-0.0404
33.58442187309265,-0.0965,0.0017,0.1148,-0.0964,-3.5267,-0.1233
33.58453989028931,-0.0965,-0.0,0.1145,0.0672,-3.5277,-0.1043
33.584659814834595,-0.0966,-0.001,0.1159,0.1022,-3.5286,-0.0537
33.584779024124146,-0.0966,-0.0012,0.1164,0.0452,-3.5296,-0.0363
33.58489274978638,-0.0966,-0.0012,0.1169,0.1198,-3.5306,0.0322
33.58500790596008,-0.0966,-0.0005,0.1185,0.1339,-3.5315,0.1221
33.585119009017944,-0.0965,0.0008,0.1196,0.0531,-3.5325,0.1684
33.717976808547974,-0.0965,0.0022,0.1197,-0.0014,-3.5335,0.1809
33.71815776824951,-0.0964,0.0033,0.1202,-0.0539,-3.5344,0.1635
33.71829295158386,-0.0964,0.0039,0.1189,-0.1606,-3.5354,0.0675
33.7184157371521,-0.0964,0.0034,0.1175,-0.0751,-3.5364,0.0165
33.71853184700012,-0.0964,0.0025,0.1171,0.0423,-3.5373,0.0379
33.71865177154541,-0.0963,0.0021,0.1176,-0.0463,-3.5383,0.005
33.71877098083496,-0.0963,0.0016,0.1162,-0.0759,-3.5392,-0.058
33.71888780593872,-0.0964,0.0005,0.1161,0.0984,-3.5402,-0.0096
33.719000816345215,-0.0964,0.0003,0.1175,0.0515,-3.5412,0.018
33.71911883354187,-0.0964,0.0004,0.1171,-0.0207,-3.5421,-0.004
33.719231843948364,-0.0964,0.0002,0.117,0.0601,-3.5431,0.0256
33.71934485435486,-0.0963,0.0004,0.1179,0.0444,-3.5441,0.0513
33.719459772109985,-0.0963,0.0008,0.1178,-0.0058,-3.545,0.0436
33.852465867996216,-0.0963,0.001,0.1177,0.0263,-3.546,0.0556
33.85267782211304,-0.0963,0.0012,0.1183,0.029,-3.5469,0.0738
33.8528037071228,-0.0963,0.0016,0.1182,-0.0028,-3.5479,0.0711
33.85293006896973,-0.0963,0.0018,0.1177,-0.1144,-3.5489,-0.0075
33.85305190086365,-0.0963,0.0012,0.1163,-0.043,-3.5498,-0.051
33.8531699180603,-0.0963,0.0003,0.1164,0.0308,-3.5508,-0.0468
33.85329294204712,-0.0963,-0.0002,0.1166,-0.0282,-3.5518,-0.0799
33.85341167449951,-0.0963,-0.0009,0.1156,0.0136,-3.5527,-0.0935
33.85353088378906,-0.0963,-0.0016,0.1168,0.1269,-3.5537,-0.0262
33.853649854660034,-0.0964,-0.0014,0.1176,0.0898,-3.5547,0.0228
33.85376691818237,-0.0963,-0.0007,0.1185,0.1053,-3.5556,0.0885
33.853880643844604,-0.0963,0.0004,0.1193,0.0745,-3.5566,0.1407
33.85399389266968,-0.0963,0.0016,0.1201,0.0484,-3.5575,0.1824
33.85411095619202,-0.0962,0.0029,0.1203,-0.0154,-3.5585,0.1847
33.986493825912476,-0.0962,0.0038,0.1196,-0.1297,-3.5595,0.1088
33.9866828918457,-0.0961,0.0037,0.1177,-0.1545,-3.5604,0.0025
33.98683786392212,-0.0961,0.0026,0.1157,-0.0902,-3.5614,-0.0768
33.98695778846741,-0.0961,0.0011,0.1157,0.0982,-3.5623,-0.036
33.987075090408325,-0.0962,0.0004,0.1173,0.1329,-3.5633,0.0385
33.98718881607056,-0.0961,0.0007,0.1183,0.064,-3.5643,0.0755
33.98730397224426,-0.0961,0.0012,0.1189,0.0552,-3.5652,0.1113
33.98741674423218,-0.0961,0.0019,0.1192,0.022,-3.5662,0.128
33.98753094673157,-0.096,0.0026,0.1194,0.0011,-3.5672,0.1327
33.98764681816101,-0.096,0.0031,0.1191,-0.1064,-3.5681,0.0656
33.987764835357666,-0.096,0.0028,0.1177,-0.1377,-3.5691,-0.032
33.98789596557617,-0.096,0.0017,0.116,-0.1339,-3.57,-0.1404
33.98801589012146,-0.096,-0.0002,0.1144,-0.0379,-3.571,-0.1999
34.12144374847412,-0.0961,-0.0021,0.1148,0.1519,-3.572,-0.1348
34.12162399291992,-0.0961,-0.0028,0.1162,0.2588,-3.5729,0.0089
34.12175488471985,-0.0961,-0.0019,0.1197,0.2296,-3.5739,0.1589
34.121877908706665,-0.0961,0.0002,0.1209,-0.0539,-3.5748,0.1355
34.12199592590332,-0.096,0.0015,0.1195,-0.0715,-3.5758,0.0909
34.12211585044861,-0.096,0.0019,0.1188,-0.0784,-3.5768,0.0374
34.12223267555237,-0.096,0.0017,0.1172,-0.0241,-3.5777,0.0071
34.12234592437744,-0.096,0.0013,0.1178,0.0557,-3.5787,0.0321
34.12246489524841,-0.096,0.0012,0.1179,-0.0875,-3.5796,-0.0348
34.122583866119385,-0.096,0.0005,0.1161,-0.017,-3.5806,-0.0696
34.12269997596741,-0.096,-0.0003,0.1172,0.1363,-3.5816,0.0018
34.12281584739685,-0.096,-0.0002,0.1187,0.0459,-3.5825,0.0249
34.12292790412903,-0.096,0.0001,0.1182,0.0226,-3.5835,0.0298
34.256091833114624,-0.096,0.0004,0.1191,0.0696,-3.5844,0.071
34.25624394416809,-0.096,0.0009,0.1199,0.0258,-3.5854,0.0899
34.2563738822937,-0.0959,0.0015,0.1196,0.018,-3.5864,0.1021
34.25650405883789,-0.0959,0.0021,0.1205,-0.0274,-3.5873,0.0912
34.256640911102295,-0.0959,0.0023,0.1193,-0.0598,-3.5883,0.0511
34.256767988204956,-0.0959,0.0021,0.1199,-0.0317,-3.5892,0.033
34.25688695907593,-0.0959,0.0018,0.1185,-0.106,-3.5902,-0.0434
34.25701665878296,-0.0959,0.0008,0.1173,0.0035,-3.5912,-0.0586
34.257132053375244,-0.0959,0.0,0.1183,0.1409,-3.5921,0.0212
34.257245779037476,-0.0959,0.0002,0.1198,0.048,-3.5931,0.0519
34.257364988327026,-0.0959,0.0007,0.1196,-0.0253,-3.594,0.0339
34.257476806640625,-0.0959,0.0008,0.1197,0.021,-3.595,0.0465
34.25760293006897,-0.0958,0.001,0.1203,0.0465,-3.5959,0.0793
34.257715940475464,-0.0958,0.0015,0.1205,0.0226,-3.5969,0.0985
34.389819860458374,-0.0958,0.002,0.1207,0.0479,-3.5979,0.1355
34.38998603820801,-0.0957,0.0027,0.1214,0.0376,-3.5988,0.1712
34.390116691589355,-0.0957,0.0036,0.1211,-0.1614,-3.5998,0.0762
34.39024090766907,-0.0957,0.0032,0.1186,-0.1898,-3.6007,-0.0551
34.39035987854004,-0.0957,0.0017,0.1164,-0.0447,-3.6017,-0.1099
34.390480756759644,-0.0957,0.0001,0.1171,0.183,-3.6026,-0.0135
34.390596866607666,-0.0957,-0.0,0.1196,0.1586,-3.6036,0.085
34.390708923339844,-0.0957,0.0008,0.1202,0.0932,-3.6046,0.1455
34.390822887420654,-0.0956,0.002,0.1214,0.1213,-3.6055,0.2334
34.390933990478516,-0.0956,0.0037,0.1235,0.0104,-3.6065,0.2657
34.39104890823364,-0.0955,0.0052,0.1228,-0.1895,-3.6074,0.1642
34.39116382598877,-0.0954,0.0052,0.1204,-0.1871,-3.6084,0.0474
34.39127707481384,-0.0954,0.0041,0.1191,0.0098,-3.6093,0.0473
34.52462387084961,-0.0954,0.0033,0.1194,0.0632,-3.6103,0.0835
34.524805784225464,-0.0954,0.0032,0.1198,0.101,-3.6112,0.1465
34.524932861328125,-0.0953,0.0036,0.1211,0.0849,-3.6122,0.2087
34.5250518321991,-0.0953,0.0046,0.1225,-0.0435,-3.6131,0.1984
34.52517485618591,-0.0952,0.0051,0.1216,-0.23,-3.6141,0.0608
34.52529692649841,-0.0952,0.0042,0.1179,-0.1959,-3.6151,-0.082
34.52542591094971,-0.0952,0.0021,0.117,0.0195,-3.616,-0.0937
34.525578022003174,-0.0952,0.0006,0.1169,0.0315,-3.617,-0.0992
34.5257089138031,-0.0953,-0.0006,0.1169,0.1265,-3.6179,-0.0447
34.525850772857666,-0.0953,-0.0008,0.119,0.2087,-3.6189,0.0775
34.52598190307617,-0.0952,0.0002,0.1209,0.1407,-3.6198,0.17
34.52609467506409,-0.0952,0.0018,0.1218,0.0401,-3.6208,0.2052
34.52623271942139,-0.0951,0.0032,0.122,-0.055,-3.6217,0.1811
34.526362895965576,-0.0951,0.004,0.1213,-0.1693,-3.6227,0.0783
34.670132875442505,-0.095,0.0036,0.1186,-0.1666,-3.6236,-0.0424
34.67030191421509,-0.0951,0.0021,0.1174,0.0026,-3.6246,-0.0638
34.670424699783325,-0.0951,0.0008,0.1183,0.1762,-3.6255,0.0325
34.67054271697998,-0.0951,0.0009,0.1205,0.1086,-3.6265,0.1009
34.67065978050232,-0.095,0.0016,0.1205,-0.0233,-3.6274,0.0844
34.67078399658203,-0.095,0.002,0.1203,0.0251,-3.6284,0.0976
34.67090082168579,-0.095,0.0023,0.1211,0.0459,-3.6293,0.1296
34.67102265357971,-0.0949,0.0029,0.1212,0.0099,-3.6303,0.1393
34.671149015426636,-0.0949,0.0034,0.121,-0.0776,-3.6312,0.0915
34.67126393318176,-0.0949,0.0033,0.1202,-0.0952,-3.6322,0.026
34.671382904052734,-0.0948,0.0025,0.119,-0.0754,-3.6331,-0.0355
34.671496868133545,-0.0949,0.0014,0.1181,0.0605,-3.6341,-0.0169
34.671613931655884,-0.0949,0.0008,0.1197,0.1976,-3.635,0.1013
34.671730756759644,-0.0948,0.0016,0.1215,0.0848,-3.636,0.1594
34.80544590950012,-0.0948,0.0027,0.1214,0.0431,-3.6369,0.1906
34.8056218624115,-0.0947,0.0037,0.1227,-0.0611,-3.6379,0.1639
34.80574893951416,-0.0947,0.0042,0.1207,-0.193,-3.6388,0.0378
34.8058660030365,-0.0947,0.0033,0.1189,-0.007,-3.6397,0.0186
34.80597972869873,-0.0946,0.0025,0.1202,0.0826,-3.6407,0.0657
34.80610990524292,-0.0946,0.0024,0.1203,0.0669,-3.6416,0.1032
34.80622386932373,-0.0946,0.0027,0.1214,0.1547,-3.6426,0.2057
34.806341886520386,-0.0945,0.0039,0.1231,0.0993,-3.6435,0.2848
34.80646300315857,-0.0944,0.0055,0.1238,-0.1281,-3.6445,0.2226
34.80658793449402,-0.0944,0.006,0.1209,-0.3401,-3.6454,0.0027
34.806705951690674,-0.0944,0.0042,0.1169,-0.1764,-3.6464,-0.1411
34.80683374404907,-0.0944,0.0016,0.1162,0.2283,-3.6473,-0.0299
34.806962966918945,-0.0944,0.0008,0.1198,0.3087,-3.6483,0.1581
34.807079792022705,-0.0944,0.0021,0.1222,0.1261,-3.6492,0.2455
34.941383838653564,-0.0943,0.0039,0.1229,0.0255,-3.6501,0.2744
34.941550731658936,-0.0942,0.0054,0.123,-0.1389,-3.6511,0.1981
34.94167876243591,-0.0941,0.0057,0.1203,-0.2704,-3.652,0.0179
34.94179892539978,-0.0941,0.0042,0.1172,-0.092,-3.653,-0.0707
34.94191575050354,-0.0941,0.0022,0.1173,0.1106,-3.6539,-0.0292
34.94203281402588,-0.0942,0.0013,0.1191,0.1811,-3.6548,0.07
34.94214868545532,-0.0941,0.0016,0.1204,0.094,-3.6558,0.1226
34.942261934280396,-0.0941,0.0023,0.121,0.0677,-3.6567,0.1625
34.942375898361206,-0.094,0.0032,0.1224,0.0621,-3.6577,0.2094
34.94249081611633,-0.094,0.0043,0.1223,-0.1291,-3.6586,0.1322
34.942606687545776,-0.0939,0.0043,0.1202,-0.1802,-3.6595,0.0069
34.9427387714386,-0.0939,0.0031,0.1185,-0.075,-3.6605,-0.0632
34.94287586212158,-0.0939,0.0015,0.1177,0.0473,-3.6614,-0.0618
35.07674789428711,-0.094,0.0005,0.119,0.1883,-3.6624,0.0393
35.07691788673401,-0.094,0.0007,0.1208,0.1228,-3.6633,0.1111
35.07704186439514,-0.0939,0.0016,0.1219,0.135,-3.6642,0.199
35.07716178894043,-0.0939,0.003,0.1237,0.1898,-3.6652,0.3357
35.077276945114136,-0.0937,0.0054,0.1256,0.0034,-3.6661,0.367
35.077401876449585,-0.0936,0.0074,0.1245,-0.3169,-3.6671,0.1847
35.07752180099487,-0.0936,0.007,0.1202,-0.3016,-3.668,-0.0187
35.07763385772705,-0.0936,0.0047,0.1192,0.0677,-3.6689,0.0079
35.077746868133545,-0.0936,0.0034,0.1207,0.145,-3.6699,0.0935
35.07785964012146,-0.0935,0.0033,0.1216,0.1022,-3.6708,0.1583
35.07797193527222,-0.0935,0.0038,0.1224,0.0996,-3.6717,0.2272
35.07808589935303,-0.0934,0.0049,0.1243,-0.0037,-3.6727,0.243
35.07822108268738,-0.0933,0.0058,0.1233,-0.2785,-3.6736,0.0748
35.07834601402283,-0.0933,0.0048,0.1198,-0.2904,-3.6745,-0.1269
35.21318078041077,-0.0934,0.0021,0.1167,-0.0103,-3.6755,-0.1723
35.21335291862488,-0.0934,-0.0002,0.1178,0.3299,-3.6764,0.009
35.213488817214966,-0.0934,-0.0001,0.1214,0.2761,-3.6773,0.1805
35.213605880737305,-0.0933,0.0017,0.1235,0.207,-3.6783,0.3239
35.21372079849243,-0.0932,0.0044,0.1259,0.0748,-3.6792,0.4003
35.21385192871094,-0.0931,0.007,0.1254,-0.2832,-3.6801,0.2433
35.21397089958191,-0.093,0.0072,0.1208,-0.429,-3.6811,-0.0409
35.214088916778564,-0.093,0.0047,0.1164,-0.1336,-3.682,-0.1675
35.2142059803009,-0.0931,0.0016,0.1165,0.1134,-3.6829,-0.1355
35.214324951171875,-0.0931,-0.0002,0.1179,0.1995,-3.6839,-0.0398
35.214439868927,-0.0932,-0.0005,0.1199,0.1896,-3.6848,0.0635
35.21456289291382,-0.0931,0.0003,0.1216,0.1795,-3.6857,0.1726
35.21468901634216,-0.0931,0.0019,0.1236,0.2087,-3.6866,0.3162
35.214804887771606,-0.093,0.0044,0.1262,0.1212,-3.6876,0.4232
35.34958267211914,-0.0928,0.0072,0.1257,-0.2658,-3.6885,0.2778
35.34981679916382,-0.0927,0.0077,0.1217,-0.4732,-3.6894,-0.0297
35.34994983673096,-0.0928,0.0051,0.1167,-0.2259,-3.6904,-0.215
35.35007190704346,-0.0928,0.0015,0.1163,0.2536,-3.6913,-0.0958
35.35018992424011,-0.0929,0.0001,0.12,0.2924,-3.6922,0.0738
35.35030698776245,-0.0928,0.0008,0.1223,0.1818,-3.6931,0.1883
35.35042977333069,-0.0928,0.0024,0.1245,0.2397,-3.6941,0.3574
35.35055375099182,-0.0927,0.0052,0.1269,0.0144,-3.695,0.3995
35.35067582130432,-0.0925,0.0075,0.1249,-0.3013,-3.6959,0.2246
35.350796937942505,-0.0925,0.0074,0.1211,-0.2663,-3.6969,0.0444
35.35091185569763,-0.0924,0.0056,0.1192,0.0114,-3.6978,0.0292
35.35102677345276,-0.0924,0.0042,0.1202,0.2107,-3.6987,0.1489
35.35114288330078,-0.0924,0.0044,0.1232,0.1494,-3.6996,0.2506
35.489901065826416,-0.0923,0.0055,0.1248,-0.0238,-3.7005,0.2519
35.490057945251465,-0.0922,0.0063,0.1238,-0.2366,-3.7015,0.1091
35.49018383026123,-0.0922,0.0055,0.1206,-0.2582,-3.7024,-0.0712
35.490325927734375,-0.0922,0.0032,0.1175,0.0552,-3.7033,-0.0729
35.49044680595398,-0.0922,0.0015,0.1201,0.4089,-3.7042,0.1711
35.49056100845337,-0.0922,0.0027,0.1247,0.2237,-3.7052,0.329
35.49068999290466,-0.0921,0.0051,0.1255,-0.0543,-3.7061,0.314
35.49080491065979,-0.092,0.0066,0.1241,-0.2362,-3.707,0.1723
35.49092674255371,-0.0919,0.0063,0.1201,-0.2455,-3.7079,-0.0043
35.49104881286621,-0.0919,0.0044,0.1178,-0.0009,-3.7088,-0.0408
35.49116277694702,-0.0919,0.0027,0.1191,0.2661,-3.7098,0.1036
35.49128699302673,-0.0919,0.0029,0.1224,0.1704,-3.7107,0.2095
35.49142289161682,-0.0918,0.0041,0.1229,0.0194,-3.7116,0.2223
35.491575956344604,-0.0918,0.005,0.1228,-0.0708,-3.7125,0.1763
35.62665891647339,-0.0917,0.0052,0.1209,-0.1823,-3.7134,0.0448
35.626872062683105,-0.0917,0.0041,0.1186,-0.0345,-3.7143,-0.0087
35.626993894577026,-0.0917,0.0028,0.1192,0.2264,-3.7153,0.1094
35.627113819122314,-0.0916,0.003,0.123,0.2519,-3.7162,0.2714
35.62723398208618,-0.0916,0.0048,0.1244,0.0641,-3.7171,0.3232
35.62735199928284,-0.0915,0.0065,0.1243,-0.1277,-3.718,0.2513
35.62746977806091,-0.0914,0.007,0.1222,-0.1815,-3.7189,0.1293
35.62759590148926,-0.0913,0.0062,0.1207,-0.0162,-3.7198,0.1027
35.627710819244385,-0.0913,0.0053,0.1215,0.0916,-3.7207,0.1513
35.627830028533936,-0.0912,0.0052,0.1221,0.1322,-3.7217,0.2297
35.62796068191528,-0.0912,0.0059,0.1244,0.0945,-3.7226,0.3008
35.628092765808105,-0.0911,0.007,0.1248,-0.1493,-3.7235,0.2173
35.628257036209106,-0.091,0.007,0.1215,-0.2586,-3.7244,0.0398
35.628384828567505,-0.091,0.0053,0.1191,-0.001,-3.7253,0.0102
35.77532076835632,-0.091,0.0038,0.1206,0.2985,-3.7262,0.1838
35.77551484107971,-0.0909,0.0045,0.125,0.2828,-3.7271,0.3789
35.77564287185669,-0.0908,0.0068,0.1276,0.0175,-3.728,0.4225
35.77576398849487,-0.0907,0.0089,0.1263,-0.3874,-3.7289,0.196
35.77588987350464,-0.0906,0.0081,0.1208,-0.3863,-3.7298,-0.0697
35.77600574493408,-0.0906,0.005,0.1173,0.2173,-3.7307,0.0278
35.776121854782104,-0.0906,0.0038,0.1237,0.6334,-3.7317,0.4393
35.776238679885864,-0.0905,0.0069,0.1295,0.1811,-3.7326,0.6014
35.776357889175415,-0.0903,0.0107,0.1287,-0.247,-3.7335,0.4835
35.776474714279175,-0.0901,0.0122,0.125,-0.3939,-3.7344,0.2454
35.7765908241272,-0.09,0.0109,0.1213,-0.3031,-3.7353,0.0384
35.77672076225281,-0.09,0.008,0.1191,0.0423,-3.7362,0.0367
35.77685594558716,-0.09,0.006,0.1209,0.3241,-3.7371,0.2288
35.77699089050293,-0.0899,0.0064,0.125,0.2826,-3.738,0.4234
35.77711582183838,-0.0898,0.0086,0.1278,0.0032,-3.7389,0.4584
35.911072969436646,-0.0897,0.0105,0.1251,-0.4556,-3.7398,0.1783
35.91124200820923,-0.0896,0.0091,0.1185,-0.4046,-3.7407,-0.1165
35.91136980056763,-0.0896,0.0052,0.1163,0.1267,-3.7416,-0.0861
35.91148376464844,-0.0897,0.0028,0.1194,0.3948,-3.7424,0.1379
35.911598682403564,-0.0896,0.0033,0.1236,0.3023,-3.7433,0.3322
35.911725997924805,-0.0895,0.0056,0.1263,0.1173,-3.7442,0.4271
35.911843061447144,-0.0894,0.0081,0.1267,-0.1324,-3.7451,0.3648
35.91195797920227,-0.0893,0.0092,0.1241,-0.2929,-3.746,0.181
35.912073850631714,-0.0892,0.0082,0.1215,-0.1465,-3.7469,0.0724
35.91218686103821,-0.0892,0.0064,0.1206,0.06,-3.7478,0.0894
35.912309885025024,-0.0891,0.0054,0.1229,0.1527,-3.7487,0.1826
35.912437915802,-0.0891,0.0055,0.1231,-0.0002,-3.7496,0.178
35.91256499290466,-0.089,0.0056,0.1234,0.0504,-3.7505,0.2083
36.04659390449524,-0.089,0.006,0.1237,-0.1456,-3.7514,0.1139
36.04675769805908,-0.0889,0.0053,0.1211,-0.1629,-3.7523,-0.011
36.04688572883606,-0.0889,0.0036,0.1204,0.0344,-3.7531,-0.0146
36.04700589179993,-0.0889,0.0024,0.1213,0.0351,-3.754,-0.0121
36.047117710113525,-0.0889,0.0015,0.1216,0.0968,-3.7549,0.0316
36.04723787307739,-0.0889,0.0014,0.123,0.143,-3.7558,0.1152
36.04735279083252,-0.0889,0.0021,0.1242,0.0667,-3.7567,0.1575
36.04746890068054,-0.0888,0.003,0.1246,0.0633,-3.7576,0.2015
36.04758381843567,-0.0888,0.0041,0.1263,-0.0658,-3.7585,0.1744
36.04770088195801,-0.0887,0.0045,0.1241,-0.3358,-3.7594,-0.0431
36.04782176017761,-0.0887,0.0028,0.1199,-0.2058,-3.7603,-0.2077
36.047950744628906,-0.0888,-0.0001,0.1191,0.2569,-3.7611,-0.0807
36.04807686805725,-0.0888,-0.0009,0.1232,0.3023,-3.762,0.1041
36.04819679260254,-0.0888,0.0004,0.1249,0.058,-3.7629,0.144
36.18251085281372,-0.0887,0.0017,0.1253,-0.0174,-3.7638,0.1387
36.1826708316803,-0.0887,0.0025,0.1252,-0.0515,-3.7647,0.1106
36.182793855667114,-0.0887,0.0029,0.1241,-0.1172,-3.7656,0.0325
36.18291401863098,-0.0886,0.0023,0.1229,-0.0858,-3.7665,-0.0349
36.18304085731506,-0.0887,0.0013,0.1223,-0.1057,-3.7674,-0.1204
36.183164834976196,-0.0887,-0.0003,0.1208,-0.0339,-3.7682,-0.1714
36.18328595161438,-0.0888,-0.0019,0.1212,0.0721,-3.7691,-0.1517
36.18340301513672,-0.0888,-0.0028,0.1218,0.1177,-3.77,-0.0992
36.18351888656616,-0.0888,-0.0029,0.1237,0.2153,-3.7709,0.0293
36.183653831481934,-0.0888,-0.0018,0.1254,0.0861,-3.7718,0.0875
36.18376970291138,-0.0888,-0.0004,0.1259,0.0616,-3.7727,0.1337
36.18388295173645,-0.0888,0.001,0.1267,-0.0008,-3.7736,0.1462
36.18400287628174,-0.0887,0.0022,0.1262,-0.0794,-3.7745,0.1048
36.18411588668823,-0.0887,0.0025,0.1251,-0.16,-3.7753,0.0033
36.318625926971436,-0.0887,0.0018,0.1225,-0.1472,-3.7762,-0.1092
36.31880593299866,-0.0887,0.0002,0.1218,0.0517,-3.7771,-0.0992
36.31894874572754,-0.0887,-0.0008,0.1229,0.0715,-3.778,-0.0691
36.31907773017883,-0.0888,-0.0013,0.1226,0.0059,-3.7789,-0.0844
36.31919884681702,-0.0888,-0.0017,0.123,0.1086,-3.7798,-0.0309
36.3193199634552,-0.0888,-0.0015,0.1244,0.094,-3.7807,0.0229
36.31944274902344,-0.0888,-0.0008,0.1248,-0.0447,-3.7816,-0.0098
36.319565773010254,-0.0888,-0.0007,0.1236,-0.037,-3.7824,-0.0458
36.319681882858276,-0.0888,-0.0009,0.1237,0.0922,-3.7833,0.0022
36.3197968006134,-0.0888,-0.0006,0.1248,0.0707,-3.7842,0.0435
36.31991195678711,-0.0888,-0.0,0.125,0.0175,-3.7851,0.0523
36.32003092765808,-0.0888,0.0005,0.1253,0.0572,-3.786,0.0892
36.320143699645996,-0.0887,0.0012,0.126,0.0168,-3.7869,0.1051
36.45624399185181,-0.0887,0.0019,0.1257,-0.0427,-3.7878,0.0807
36.45640587806702,-0.0887,0.0021,0.125,-0.0133,-3.7887,0.0707
36.45655393600464,-0.0887,0.0022,0.1244,-0.128,-3.7895,-0.0184
36.456679821014404,-0.0887,0.0013,0.1229,-0.0804,-3.7904,-0.0884
36.45679688453674,-0.0887,0.0001,0.1224,0.0219,-3.7913,-0.0969
36.45692491531372,-0.0887,-0.0009,0.1229,0.0769,-3.7922,-0.0666
36.45704793930054,-0.0888,-0.0013,0.1236,0.044,-3.7931,-0.0535
36.457175970077515,-0.0888,-0.0014,0.1237,0.0854,-3.794,-0.0131
36.45729994773865,-0.0888,-0.0011,0.1251,0.1474,-3.7949,0.0776
36.45741581916809,-0.0887,-0.0,0.126,0.072,-3.7958,0.1266
36.457536935806274,-0.0887,0.0012,0.1266,0.0216,-3.7966,0.1478
36.45765399932861,-0.0887,0.0023,0.1267,-0.0149,-3.7975,0.1466
36.45776987075806,-0.0886,0.003,0.1267,-0.1177,-3.7984,0.079
36.45788884162903,-0.0886,0.0029,0.1244,-0.1489,-3.7993,-0.0251
36.59377408027649,-0.0886,0.0018,0.1237,-0.058,-3.8002,-0.0763
36.593955755233765,-0.0886,0.0005,0.123,-0.0274,-3.8011,-0.1138
36.59409189224243,-0.0887,-0.0008,0.1231,0.0573,-3.802,-0.0972
36.59421682357788,-0.0887,-0.0015,0.1238,0.0613,-3.8028,-0.0735
36.5943489074707,-0.0887,-0.0018,0.1239,0.0551,-3.8037,-0.0532
36.59446692466736,-0.0887,-0.0017,0.1253,0.1582,-3.8046,0.0431
36.59458303451538,-0.0887,-0.0008,0.1271,0.1145,-3.8055,0.1248
36.59469795227051,-0.0887,0.0007,0.1278,-0.0033,-3.8064,0.136
36.59481477737427,-0.0886,0.0018,0.1272,-0.0309,-3.8073,0.126
36.594931840896606,-0.0886,0.0025,0.1274,-0.0878,-3.8082,0.0806
36.59505891799927,-0.0886,0.0025,0.1253,-0.1714,-3.8091,-0.034
36.595202922821045,-0.0886,0.0014,0.124,-0.0354,-3.8099,-0.0712
36.5953369140625,-0.0886,0.0003,0.1242,-0.0551,-3.8108,-0.1204
36.59547185897827,-0.0886,-0.001,0.1228,-0.055,-3.8117,-0.1805
36.73228073120117,-0.0887,-0.0024,0.1228,0.0884,-3.8126,-0.1496
36.73245882987976,-0.0887,-0.0032,0.1238,0.186,-3.8135,-0.0488
36.732582807540894,-0.0888,-0.0027,0.1259,0.167,-3.8144,0.0547
36.73270082473755,-0.0887,-0.0013,0.127,0.0994,-3.8153,0.123
36.73281478881836,-0.0887,0.0003,0.1283,0.0596,-3.8161,0.1761
36.732945919036865,-0.0886,0.0019,0.1282,-0.054,-3.817,0.1556
36.73306488990784,-0.0886,0.0028,0.1279,-0.1348,-3.8179,0.0813
36.73318290710449,-0.0886,0.0028,0.1252,-0.1983,-3.8188,-0.0534
36.73330473899841,-0.0886,0.0014,0.1242,-0.0494,-3.8197,-0.1002
36.73342204093933,-0.0886,0.0,0.1237,-0.0481,-3.8206,-0.1508
36.733540773391724,-0.0887,-0.0015,0.1232,0.0202,-3.8215,-0.1623
36.73367094993591,-0.0887,-0.0026,0.1237,0.1018,-3.8224,-0.1183
36.73380088806152,-0.0888,-0.003,0.1254,0.1891,-3.8232,-0.0061
36.733932971954346,-0.0888,-0.0021,0.1269,0.1193,-3.8241,0.0723
36.88076686859131,-0.0887,-0.0008,0.1281,0.097,-3.825,0.1455
36.880958795547485,-0.0887,0.0009,0.1289,-0.0004,-3.8259,0.1625
36.881088972091675,-0.0886,0.0022,0.1281,-0.056,-3.8268,0.1382
36.88120698928833,-0.0886,0.0029,0.1274,-0.1444,-3.8277,0.0524
36.88133192062378,-0.0886,0.0025,0.1249,-0.1629,-3.8286,-0.0641
36.88145399093628,-0.0886,0.0011,0.1239,-0.0493,-3.8294,-0.1152
36.881574869155884,-0.0886,-0.0003,0.1232,-0.0457,-3.8303,-0.1703
36.88169288635254,-0.0887,-0.0019,0.1228,0.0479,-3.8312,-0.1692
36.88180994987488,-0.0887,-0.003,0.1234,0.1625,-3.8321,-0.0904
36.881924867630005,-0.0888,-0.003,0.1258,0.1983,-3.833,0.0286
36.88204002380371,-0.0888,-0.0018,0.1272,0.109,-3.8339,0.1001
36.88215398788452,-0.0887,-0.0003,0.1285,0.0608,-3.8348,0.1509
36.88226771354675,-0.0887,0.0013,0.1289,-0.0318,-3.8357,0.1454
36.88238167762756,-0.0886,0.0023,0.1283,-0.0429,-3.8365,0.1289
37.01837110519409,-0.0886,0.0029,0.1274,-0.1592,-3.8374,0.031
37.018568992614746,-0.0886,0.0023,0.1254,-0.1177,-3.8383,-0.0549
37.018714904785156,-0.0886,0.0011,0.1246,-0.0644,-3.8392,-0.1131
37.01883888244629,-0.0886,-0.0003,0.1239,0.008,-3.8401,-0.1309
37.018961906433105,-0.0887,-0.0015,0.1245,0.0612,-3.841,-0.1107
37.019081830978394,-0.0887,-0.0021,0.1245,0.0488,-3.8419,-0.0993
37.019197940826416,-0.0887,-0.0025,0.1255,0.1758,-3.8427,0.001
37.01931381225586,-0.0887,-0.0017,0.1278,0.11,-3.8436,0.0755
37.019431829452515,-0.0887,-0.0005,0.1279,-0.0606,-3.8445,0.0412
37.01954889297485,-0.0887,0.0001,0.127,-0.0354,-3.8454,0.0171
37.01966166496277,-0.0887,0.0002,0.1272,0.0127,-3.8463,0.025
37.019784927368164,-0.0887,0.0004,0.127,-0.0406,-3.8472,-0.0026
37.01989984512329,-0.0887,0.0003,0.1265,0.0076,-3.8481,-0.0035
37.020013093948364,-0.0887,0.0001,0.127,0.0468,-3.849,0.0243
37.156211853027344,-0.0887,0.0003,0.1271,-0.0061,-3.8498,0.019
37.156375885009766,-0.0887,0.0004,0.1269,0.0067,-3.8507,0.0199
37.15651202201843,-0.0887,0.0005,0.1272,-0.0025,-3.8516,0.0168
37.15663480758667,-0.0887,0.0005,0.1267,-0.0202,-3.8525,-0.0011
37.15675497055054,-0.0887,0.0003,0.1267,-0.0101,-3.8534,-0.013
37.156879901885986,-0.0887,0.0001,0.1267,-0.0205,-3.8543,-0.032
37.1570029258728,-0.0887,-0.0002,0.1263,-0.0066,-3.8552,-0.0453
37.15713095664978,-0.0887,-0.0006,0.1265,-0.0044,-3.8561,-0.0564
37.15725088119507,-0.0887,-0.001,0.1262,-0.0283,-3.8569,-0.0856
37.15738272666931,-0.0887,-0.0015,0.1259,0.0152,-3.8578,-0.0888
37.15750288963318,-0.0888,-0.0019,0.1263,0.0396,-3.8587,-0.074
37.15762996673584,-0.0888,-0.0021,0.1261,0.0748,-3.8596,-0.0385
37.157747983932495,-0.0888,-0.0018,0.1277,0.1686,-3.8605,0.0694
37.15786290168762,-0.0888,-0.0006,0.1287,0.0463,-3.8614,0.1061
37.29472780227661,-0.0888,0.0006,0.1286,-0.021,-3.8623,0.0992
37.29490780830383,-0.0887,0.0014,0.1284,-0.0383,-3.8632,0.0798
37.29503679275513,-0.0887,0.0018,0.1285,-0.0543,-3.864,0.0509
37.29516005516052,-0.0887,0.0017,0.1276,-0.1263,-3.8649,-0.0309
37.29528498649597,-0.0887,0.0009,0.1262,-0.0527,-3.8658,-0.0761
37.295408725738525,-0.0887,-0.0001,0.1261,0.0567,-3.8667,-0.0521
37.29553198814392,-0.0887,-0.0006,0.1267,0.0312,-3.8676,-0.0411
37.295650005340576,-0.0887,-0.0008,0.1266,0.0128,-3.8685,-0.0427
37.29576802253723,-0.0888,-0.001,0.1268,0.0585,-3.8694,-0.0136
37.295888900756836,-0.0888,-0.0008,0.1278,0.0579,-3.8702,0.0219
37.296005725860596,-0.0888,-0.0004,0.1281,-0.0061,-3.8711,0.0185
37.29614996910095,-0.0888,-0.0001,0.1277,-0.0294,-3.872,-0.0028
37.29627990722656,-0.0888,-0.0001,0.1275,-0.0005,-3.8729,-0.0076
37.29640483856201,-0.0888,-0.0001,0.1278,-0.0053,-3.8738,-0.0136
37.433676958084106,-0.0888,-0.0002,0.1273,-0.0231,-3.8747,-0.0348
37.43383502960205,-0.0888,-0.0005,0.1273,-0.0052,-3.8756,-0.045
37.433964014053345,-0.0888,-0.0008,0.127,0.0036,-3.8765,-0.0519
37.43408489227295,-0.0888,-0.0011,0.127,0.0163,-3.8774,-0.051
37.434205770492554,-0.0888,-0.0012,0.1271,0.011,-3.8782,-0.0527
37.4343318939209,-0.0888,-0.0014,0.127,0.0208,-3.8791,-0.0495
37.43446087837219,-0.0889,-0.0014,0.1273,0.0359,-3.88,-0.0343
37.434589862823486,-0.0889,-0.0013,0.1277,0.0032,-3.8809,-0.038
37.43471002578735,-0.0889,-0.0013,0.1266,0.048,-3.8818,-0.0203
37.434831857681274,-0.0889,-0.0011,0.1278,0.1166,-3.8827,0.0499
37.43494772911072,-0.0889,-0.0003,0.1286,0.0098,-3.8836,0.0571
37.435062885284424,-0.0888,0.0003,0.1283,0.0232,-3.8845,0.0711
37.435176849365234,-0.0888,0.0009,0.129,0.0958,-3.8853,0.1372
37.43529176712036,-0.0888,0.002,0.1302,0.0124,-3.8862,0.1586
37.57261371612549,-0.0887,0.0029,0.1299,-0.1207,-3.8871,0.092
37.572797775268555,-0.0887,0.003,0.1279,-0.1525,-3.888,-0.0093
37.5729398727417,-0.0887,0.002,0.1267,-0.0373,-3.8889,-0.0455
37.57306480407715,-0.0887,0.0009,0.126,-0.0927,-3.8898,-0.1231
37.57319188117981,-0.0888,-0.0005,0.1247,-0.029,-3.8907,-0.1707
37.573314905166626,-0.0888,-0.002,0.125,0.0779,-3.8916,-0.1478
37.5734338760376,-0.0889,-0.0029,0.1255,0.104,-3.8924,-0.1055
37.57354998588562,-0.0889,-0.003,0.1273,0.2082,-3.8933,0.0168
37.573675870895386,-0.0889,-0.002,0.1289,0.0813,-3.8942,0.0688
37.573792934417725,-0.0889,-0.0007,0.1294,0.0681,-3.8951,0.1167
37.57390594482422,-0.0888,0.0006,0.1302,0.0231,-3.896,0.1423
37.57404279708862,-0.0888,0.0018,0.1301,-0.0349,-3.8969,0.1299
37.574187994003296,-0.0887,0.0026,0.1297,-0.0981,-3.8978,0.0745
37.57432293891907,-0.0887,0.0025,0.1279,-0.1538,-3.8987,-0.0305
37.711779832839966,-0.0887,0.0015,0.1269,-0.0093,-3.8996,-0.0503
37.7119927406311,-0.0887,0.0005,0.1272,-0.0145,-3.9004,-0.0718
37.712132692337036,-0.0888,-0.0003,0.1259,-0.0923,-3.9013,-0.1539
37.71225380897522,-0.0888,-0.0017,0.1253,0.0487,-3.9022,-0.1503
37.7123818397522,-0.0889,-0.0027,0.1263,0.0675,-3.9031,-0.1277
37.712502002716064,-0.0889,-0.0031,0.1271,0.1458,-3.904,-0.0495
37.71261692047119,-0.0889,-0.0027,0.1289,0.1387,-3.9049,0.037
37.71273684501648,-0.0889,-0.0015,0.1296,0.0885,-3.9058,0.0967
37.712852001190186,-0.0889,-0.0001,0.1306,0.0553,-3.9067,0.1426
37.712968826293945,-0.0888,0.0013,0.1304,-0.0229,-3.9075,0.1374
37.71308374404907,-0.0888,0.0023,0.13,-0.0231,-3.9084,0.1294
37.71322584152222,-0.0887,0.0028,0.1293,-0.1668,-3.9093,0.0243
37.713346004486084,-0.0887,0.0022,0.127,-0.1228,-3.9102,-0.0695
37.85001587867737,-0.0888,0.0009,0.1268,-0.0399,-3.9111,-0.1124
37.850207805633545,-0.0888,-0.0005,0.1261,-0.0166,-3.912,-0.1465
37.85034704208374,-0.0888,-0.0018,0.1263,0.0504,-3.9129,-0.1367
37.850470781326294,-0.0889,-0.0026,0.1265,0.0801,-3.9138,-0.1074
37.85059189796448,-0.0889,-0.0028,0.1276,0.1799,-3.9147,-0.0059
37.85071277618408,-0.0889,-0.002,0.1292,0.0854,-3.9155,0.046
37.85082983970642,-0.0889,-0.001,0.1293,0.0695,-3.9164,0.0889
37.85094380378723,-0.0889,0.0002,0.1305,0.0756,-3.9173,0.145
37.851059913635254,-0.0888,0.0015,0.1306,-0.0161,-3.9182,0.1436
37.8511757850647,-0.0888,0.0025,0.13,-0.0251,-3.9191,0.1323
37.851292848587036,-0.0887,0.003,0.1297,-0.1461,-3.92,0.0407
37.851414918899536,-0.0887,0.0025,0.1277,-0.1353,-3.9209,-0.0586
37.85153293609619,-0.0888,0.0012,0.1274,-0.0353,-3.9218,-0.0967
37.851653814315796,-0.0888,-0.0001,0.1268,-0.0099,-3.9226,-0.1235
37.98703193664551,-0.0888,-0.0013,0.127,0.0512,-3.9235,-0.1105
37.98720693588257,-0.0889,-0.002,0.1275,0.0529,-3.9244,-0.0934
37.98734092712402,-0.0889,-0.0023,0.1279,0.1287,-3.9253,-0.0249
37.98745894432068,-0.0889,-0.0018,0.1294,0.1259,-3.9262,0.0526
37.98757886886597,-0.0889,-0.0008,0.1302,0.0,-3.9271,0.0552
37.98769998550415,-0.0889,-0.0,0.1294,-0.0671,-3.928,0.0087
37.987818002700806,-0.0889,0.0001,0.1291,-0.0103,-3.9289,-0.0032
37.98793697357178,-0.0889,0.0,0.1292,-0.0114,-3.9298,-0.015
37.98805594444275,-0.0889,-0.0001,0.1286,-0.0319,-3.9306,-0.0447
37.98817300796509,-0.0889,-0.0005,0.1288,0.0389,-3.9315,-0.0282
37.98829007148743,-0.0889,-0.0006,0.1294,0.0182,-3.9324,-0.021
37.98840808868408,-0.0889,-0.0007,0.1291,-0.0213,-3.9333,-0.0418
37.98852610588074,-0.0889,-0.0009,0.129,0.0311,-3.9342,-0.0294
37.9886429309845,-0.0889,-0.0009,0.1294,0.0368,-3.9351,-0.011
38.13573598861694,-0.0889,-0.0007,0.1296,0.0083,-3.936,-0.0095
38.13591194152832,-0.0889,-0.0006,0.1294,0.0215,-3.9369,-0.0011
38.1360399723053,-0.0889,-0.0004,0.1297,0.0512,-3.9378,0.029
38.13615584373474,-0.0889,-0.0,0.1302,0.0156,-3.9386,0.0394
38.13627076148987,-0.0889,0.0004,0.13,0.0279,-3.9395,0.0565
38.13638710975647,-0.0889,0.0008,0.1305,0.0318,-3.9404,0.0794
38.13650393486023,-0.0889,0.0013,0.1303,-0.0401,-3.9413,0.0545
38.136618852615356,-0.0888,0.0015,0.1298,0.0119,-3.9422,0.0596
38.13673496246338,-0.0888,0.0016,0.1307,-0.0234,-3.9431,0.0489
38.13685178756714,-0.0888,0.0016,0.1291,-0.1414,-3.944,-0.0505
38.13696575164795,-0.0888,0.0006,0.1281,0.0091,-3.9449,-0.0599
38.13709592819214,-0.0888,-0.0001,0.1288,0.0114,-3.9458,-0.0635
38.137234926223755,-0.0889,-0.0007,0.1283,-0.0209,-3.9466,-0.0925
38.13736391067505,-0.0889,-0.0014,0.1286,0.0777,-3.9475,-0.0564
38.137516021728516,-0.0889,-0.0015,0.1294,0.037,-3.9484,-0.0409
38.277188777923584,-0.0889,-0.0015,0.1295,0.0507,-3.9493,-0.016
38.27740693092346,-0.0889,-0.0012,0.1301,0.0703,-3.9502,0.0254
38.27753806114197,-0.0889,-0.0006,0.1307,0.0637,-3.9511,0.0674
38.277652978897095,-0.0889,0.0002,0.1312,0.0159,-3.952,0.0828
38.27778387069702,-0.0889,0.001,0.131,-0.0154,-3.9529,0.0763
38.2779016494751,-0.0888,0.0014,0.1309,-0.0062,-3.9538,0.0749
38.278021812438965,-0.0888,0.0017,0.1309,-0.0006,-3.9546,0.0776
38.27814292907715,-0.0888,0.002,0.1304,-0.1101,-3.9555,0.006
38.278260946273804,-0.0888,0.0014,0.129,-0.071,-3.9564,-0.0511
38.27838087081909,-0.0888,0.0005,0.1292,0.0176,-3.9573,-0.0504
38.2785108089447,-0.0888,-0.0001,0.1293,0.0043,-3.9582,-0.0579
38.27864599227905,-0.0888,-0.0007,0.1293,0.0232,-3.9591,-0.0536
38.27878403663635,-0.0889,-0.001,0.1301,0.0523,-3.96,-0.0255
38.27890586853027,-0.0889,-0.0009,0.1304,0.0284,-3.9609,-0.011
38.41931891441345,-0.0889,-0.0008,0.1305,0.019,-3.9618,-0.0019
38.41956973075867,-0.0889,-0.0006,0.1309,0.0255,-3.9626,0.0141
38.41973280906677,-0.0889,-0.0003,0.1311,-0.0056,-3.9635,0.0113
38.41985368728638,-0.0889,-0.0001,0.1309,-0.0078,-3.9644,0.006
38.41997694969177,-0.0889,0.0,0.1308,-0.0085,-3.9653,-0.001
38.420098066329956,-0.0889,-0.0,0.1307,-0.0061,-3.9662,-0.0072
38.42021870613098,-0.0889,-0.0001,0.1306,-0.0149,-3.9671,-0.0198
38.42034101486206,-0.0889,-0.0002,0.1304,-0.0099,-3.968,-0.0312
38.42046093940735,-0.0889,-0.0005,0.1301,-0.0085,-3.9689,-0.0441
38.4205858707428,-0.0889,-0.0008,0.1299,-0.0069,-3.9697,-0.0575
38.42070293426514,-0.0889,-0.0011,0.13,0.0098,-3.9706,-0.0603
38.420819997787476,-0.0889,-0.0014,0.1299,0.007,-3.9715,-0.0655
38.42094278335571,-0.089,-0.0016,0.13,0.0131,-3.9724,-0.0664
38.42106080055237,-0.089,-0.0018,0.1301,0.0138,-3.9733,-0.0667
38.56075596809387,-0.089,-0.0019,0.13,0.0848,-3.9742,-0.0223
38.56093692779541,-0.089,-0.0015,0.1317,0.1242,-3.9751,0.0598
38.561073780059814,-0.089,-0.0005,0.1321,-0.0052,-3.976,0.062
38.56119704246521,-0.089,0.0003,0.132,0.044,-3.9769,0.095
38.5613157749176,-0.0889,0.0011,0.1331,0.0206,-3.9778,0.1214
38.561434745788574,-0.0889,0.002,0.1324,-0.0723,-3.9786,0.0828
38.56155276298523,-0.0889,0.0022,0.1313,-0.0943,-3.9795,0.0221
38.56167197227478,-0.0889,0.0017,0.1302,-0.0563,-3.9804,-0.0221
38.56178879737854,-0.0889,0.001,0.1298,0.0114,-3.9813,-0.0258
38.561906814575195,-0.0889,0.0005,0.1304,0.0435,-3.9822,-0.0056
38.56202578544617,-0.0889,0.0003,0.1307,-0.0077,-3.9831,-0.0167
38.562142848968506,-0.0889,0.0,0.1305,0.0207,-3.984,-0.0111
38.562259912490845,-0.0889,-0.0001,0.1308,0.0595,-3.9849,0.0217
38.56237483024597,-0.0889,0.0001,0.1311,0.016,-3.9858,0.0285
38.706546783447266,-0.0889,0.0004,0.1312,0.0255,-3.9866,0.042
38.70672369003296,-0.0889,0.0007,0.1314,0.0437,-3.9875,0.0687
38.70684885978699,-0.0888,0.0011,0.1318,0.0228,-3.9884,0.0851
38.70696806907654,-0.0888,0.0016,0.1319,-0.0129,-3.9893,0.0793
38.70708394050598,-0.0888,0.0019,0.1317,0.0004,-3.9902,0.0806
38.707207918167114,-0.0888,0.0021,0.1318,0.0116,-3.9911,0.09
38.707326889038086,-0.0887,0.0024,0.131,-0.1402,-3.992,-0.0051
38.70744490623474,-0.0887,0.0016,0.1295,-0.0574,-3.9929,-0.058
38.707560777664185,-0.0888,0.0006,0.1294,0.0062,-3.9937,-0.0714
38.70767688751221,-0.0888,-0.0003,0.1292,0.0343,-3.9946,-0.0685
38.70781493186951,-0.0888,-0.0009,0.1297,0.0425,-3.9955,-0.0573
38.7079598903656,-0.0888,-0.0012,0.1301,0.0334,-3.9964,-0.0495
38.70811176300049,-0.0888,-0.0013,0.1306,0.0555,-3.9973,-0.0246
38.7082359790802,-0.0888,-0.0012,0.1311,0.0591,-3.9982,0.0062
38.70835494995117,-0.0888,-0.0007,0.1315,0.0421,-3.9991,0.029
38.850658893585205,-0.0888,-0.0002,0.132,0.0283,-4.0,0.0468
38.850844860076904,-0.0888,0.0003,0.1322,-0.0049,-4.0009,0.0444
38.85098075866699,-0.0888,0.0006,0.1319,0.0078,-4.0017,0.0487
38.85110402107239,-0.0888,0.0009,0.1321,0.003,-4.0026,0.0507
38.85122585296631,-0.0888,0.0011,0.1319,-0.0037,-4.0035,0.047
38.85134792327881,-0.0888,0.0013,0.1319,-0.0045,-4.0044,0.0428
38.851465940475464,-0.0887,0.0013,0.1317,-0.0106,-4.0053,0.0329
38.851587772369385,-0.0887,0.0012,0.1311,-0.0512,-4.0062,-0.0079
38.85170888900757,-0.0887,0.0008,0.1308,-0.0044,-4.0071,-0.0206
38.85182785987854,-0.0887,0.0003,0.1311,0.0031,-4.008,-0.027
38.85195183753967,-0.0887,-0.0,0.1309,-0.0357,-4.0088,-0.0601
38.85207390785217,-0.0888,-0.0006,0.1305,-0.0171,-4.0097,-0.0852
38.85219407081604,-0.0888,-0.0013,0.1308,0.0356,-4.0106,-0.0748
38.85231375694275,-0.0888,-0.0016,0.1311,0.0278,-4.0115,-0.0675
38.991562843322754,-0.0888,-0.0018,0.131,0.0036,-4.0124,-0.0769
38.99179172515869,-0.0889,-0.002,0.131,0.1148,-4.0133,-0.0145
38.991933822631836,-0.0889,-0.0015,0.1329,0.0957,-4.0142,0.0491
38.992063999176025,-0.0889,-0.0006,0.133,-0.0134,-4.0151,0.0433
38.992182970047,-0.0888,0.0,0.1328,0.0188,-4.0159,0.0572
38.992302656173706,-0.0888,0.0006,0.1333,0.0022,-4.0168,0.0644
38.99242067337036,-0.0888,0.001,0.1327,-0.0369,-4.0177,0.0422
38.99253869056702,-0.0888,0.0011,0.1325,0.0044,-4.0186,0.0447
38.992655754089355,-0.0888,0.0012,0.1328,-0.0062,-4.0195,0.0424
38.992780923843384,-0.0888,0.0013,0.1322,-0.0445,-4.0204,0.0111
38.99292802810669,-0.0888,0.001,0.1319,-0.0175,-4.0213,-0.0053
38.993085861206055,-0.0888,0.0006,0.132,-0.0125,-4.0222,-0.0183
38.993220806121826,-0.0888,0.0003,0.132,-0.0281,-4.023,-0.0421
38.99335765838623,-0.0888,-0.0002,0.1315,-0.0077,-4.0239,-0.0568
39.13336968421936,-0.0888,-0.0007,0.1318,0.0412,-4.0248,-0.0378
39.13354992866516,-0.0888,-0.0009,0.1319,0.0006,-4.0257,-0.0448
39.1336886882782,-0.0888,-0.001,0.1319,0.0246,-4.0266,-0.0371
39.13381505012512,-0.0888,-0.0011,0.1322,0.0232,-4.0275,-0.0276
39.13394284248352,-0.0888,-0.001,0.1323,0.0135,-4.0284,-0.0243
39.13406491279602,-0.0888,-0.001,0.1325,0.0263,-4.0293,-0.0111
39.134182929992676,-0.0889,-0.0008,0.1329,0.0267,-4.0302,0.0051
39.134302854537964,-0.0889,-0.0005,0.1329,0.0086,-4.031,0.0097
39.13442587852478,-0.0888,-0.0003,0.1328,-0.0118,-4.0319,0.0001
39.134552001953125,-0.0888,-0.0002,0.1326,-0.0065,-4.0328,-0.0076
39.1346697807312,-0.0889,-0.0002,0.1325,0.0026,-4.0337,-0.0101
39.13478970527649,-0.0889,-0.0002,0.1325,-0.0073,-4.0346,-0.0193
39.13492298126221,-0.0889,-0.0004,0.1324,-0.0036,-4.0355,-0.0277
39.135058879852295,-0.0889,-0.0005,0.1325,-0.0095,-4.0364,-0.0393
39.13520002365112,-0.0889,-0.0007,0.1322,0.0028,-4.0373,-0.0456
39.28601288795471,-0.0889,-0.001,0.1323,0.0211,-4.0382,-0.0397
39.28620791435242,-0.0889,-0.0011,0.1324,-0.0002,-4.039,-0.0471
39.28635287284851,-0.0889,-0.0012,0.1322,0.0214,-4.0399,-0.0423
39.286478757858276,-0.0889,-0.0013,0.1326,0.0228,-4.0408,-0.0336
39.28660488128662,-0.0889,-0.0012,0.1325,-0.0086,-4.0417,-0.0462
39.28672671318054,-0.089,-0.0013,0.1322,0.0288,-4.0426,-0.0373
39.2868447303772,-0.089,-0.0013,0.1324,0.0865,-4.0435,0.0106
39.286961793899536,-0.089,-0.0008,0.1335,0.0584,-4.0444,0.0478
39.2870819568634,-0.089,-0.0001,0.1333,-0.0054,-4.0453,0.0433
39.287195920944214,-0.0889,0.0004,0.1333,0.0523,-4.0462,0.0759
39.28731083869934,-0.0889,0.001,0.134,0.0505,-4.047,0.1127
39.28742694854736,-0.0889,0.0018,0.1345,-0.0009,-4.0479,0.1198
39.287543058395386,-0.0888,0.0024,0.134,-0.0183,-4.0488,0.1126
39.28765892982483,-0.0888,0.0028,0.1335,-0.1041,-4.0497,0.0466
39.28777599334717,-0.0888,0.0024,0.1323,-0.0407,-4.0506,0.0122
39.427077770233154,-0.0888,0.0018,0.1324,-0.0081,-4.0515,-0.0009
39.42725586891174,-0.0888,0.0013,0.132,-0.0912,-4.0524,-0.0712
39.42739510536194,-0.0888,0.0002,0.1307,-0.0258,-4.0533,-0.1091
39.42752385139465,-0.0888,-0.0009,0.1314,0.0755,-4.0542,-0.078
39.427647829055786,-0.0889,-0.0014,0.1318,-0.0101,-4.055,-0.0999
39.42776966094971,-0.0889,-0.002,0.1313,0.0178,-4.0559,-0.1074
39.42789077758789,-0.0889,-0.0024,0.1315,0.1182,-4.0568,-0.0492
39.42800998687744,-0.089,-0.0022,0.1333,0.0932,-4.0577,0.0056
39.4281280040741,-0.089,-0.0015,0.1338,0.005,-4.0586,0.0072
39.428247928619385,-0.089,-0.001,0.1338,0.0026,-4.0595,0.0073
39.42836666107178,-0.0889,-0.0006,0.1337,0.0099,-4.0604,0.0115
39.428492069244385,-0.0889,-0.0003,0.1337,-0.0087,-4.0613,0.0034
39.4286367893219,-0.0889,-0.0002,0.1334,-0.0201,-4.0622,-0.0143
39.42878794670105,-0.0889,-0.0003,0.1333,-0.0022,-4.063,-0.0215
39.5682909488678,-0.089,-0.0004,0.1333,-0.0157,-4.0639,-0.0376
39.56847786903381,-0.089,-0.0006,0.1329,-0.0066,-4.0648,-0.0505
39.56860685348511,-0.089,-0.0009,0.1331,0.0291,-4.0657,-0.0395
39.56872797012329,-0.089,-0.001,0.1333,0.0031,-4.0666,-0.0445
39.568848848342896,-0.089,-0.0012,0.133,0.0064,-4.0675,-0.0496
39.56897187232971,-0.089,-0.0013,0.1333,0.0511,-4.0684,-0.0238
39.56908988952637,-0.089,-0.0011,0.1338,0.0039,-4.0693,-0.0255
39.56920790672302,-0.089,-0.001,0.1333,0.0152,-4.0702,-0.0234
39.569324016571045,-0.0891,-0.001,0.1338,0.0425,-4.0711,0.0
39.56943988800049,-0.0891,-0.0007,0.134,0.0131,-4.0719,0.0057
39.56955599784851,-0.089,-0.0004,0.1341,0.0194,-4.0728,0.0158
39.56967091560364,-0.089,-0.0001,0.1343,0.0268,-4.0737,0.0324
39.56978678703308,-0.089,0.0002,0.1345,-0.0082,-4.0746,0.0282
39.569902658462524,-0.089,0.0004,0.1342,-0.0044,-4.0755,0.024
39.70946788787842,-0.089,0.0005,0.1343,0.013,-4.0764,0.0317
39.70967984199524,-0.089,0.0007,0.1343,0.0092,-4.0773,0.037
39.709802865982056,-0.089,0.0008,0.1344,0.0016,-4.0782,0.0377
39.70992374420166,-0.089,0.001,0.1343,0.006,-4.0791,0.0403
39.71004390716553,-0.089,0.0011,0.1345,-0.0113,-4.08,0.0335
39.7101628780365,-0.089,0.0011,0.1339,-0.0305,-4.0808,0.0096
39.710280895233154,-0.089,0.0008,0.1336,0.0091,-4.0817,0.0089
39.7103967666626,-0.089,0.0007,0.1339,0.0062,-4.0826,0.008
39.710516929626465,-0.0889,0.0006,0.1335,-0.0311,-4.0835,-0.02
39.71064376831055,-0.089,0.0002,0.1334,0.0034,-4.0844,-0.0268
39.71077084541321,-0.089,-0.0001,0.1334,-0.0014,-4.0853,-0.0372
39.710896730422974,-0.089,-0.0005,0.1332,-0.0146,-4.0862,-0.0579
39.71102786064148,-0.089,-0.0009,0.133,0.0211,-4.0871,-0.0574
39.7111599445343,-0.089,-0.0012,0.1335,0.0218,-4.088,-0.0538
39.85151386260986,-0.089,-0.0013,0.1332,-0.0028,-4.0889,-0.0682
39.85177683830261,-0.0891,-0.0016,0.1326,0.0282,-4.0897,-0.0672
39.85194492340088,-0.0891,-0.0018,0.1337,0.1082,-4.0906,-0.0069
39.85207176208496,-0.0891,-0.0013,0.1345,-0.0046,-4.0915,-0.0143
39.85219883918762,-0.0891,-0.0011,0.134,0.0128,-4.0924,-0.0138
39.852319955825806,-0.0891,-0.0009,0.1347,0.0735,-4.0933,0.0313
39.852439880371094,-0.0891,-0.0003,0.1351,-0.0119,-4.0942,0.0236
39.85255765914917,-0.0891,0.0,0.1342,-0.0153,-4.0951,0.0077
39.85267186164856,-0.0891,0.0001,0.1345,0.0256,-4.096,0.02
39.8527889251709,-0.0891,0.0003,0.1347,-0.0154,-4.0969,0.0075
39.852914810180664,-0.0891,0.0003,0.134,-0.015,-4.0978,-0.01
39.853031873703,-0.0891,0.0001,0.1343,0.0167,-4.0987,-0.005
39.85314989089966,-0.0891,0.0,0.1345,-0.0025,-4.0995,-0.0117
39.85327196121216,-0.0891,-0.0001,0.1342,-0.017,-4.1004,-0.03
39.99383282661438,-0.0891,-0.0004,0.1341,0.0391,-4.1013,-0.0133
39.99403476715088,-0.0891,-0.0004,0.1345,0.0228,-4.1022,-0.0042
39.99417281150818,-0.0891,-0.0003,0.1344,-0.0074,-4.1031,-0.0158
39.99429774284363,-0.0891,-0.0004,0.1344,0.0344,-4.104,-0.0001
39.99443292617798,-0.0891,-0.0003,0.1349,0.0171,-4.1049,0.0078
39.994555711746216,-0.0891,-0.0001,0.1348,-0.0041,-4.1058,0.0005
39.99467492103577,-0.0891,-0.0001,0.135,0.0158,-4.1067,0.0078
39.99479603767395,-0.0891,0.0,0.1351,-0.0046,-4.1076,0.0023
39.99491572380066,-0.0891,0.0,0.1347,-0.0024,-4.1085,-0.0044
39.995033740997314,-0.0891,-0.0,0.1349,0.0156,-4.1093,0.0017
39.995152711868286,-0.0891,0.0,0.135,-0.021,-4.1102,-0.0156
39.995306968688965,-0.0891,-0.0001,0.1347,0.0058,-4.1111,-0.0183
39.99544286727905,-0.0891,-0.0003,0.1349,0.0138,-4.112,-0.0147
39.99557685852051,-0.0891,-0.0003,0.1348,-0.0195,-4.1129,-0.0335
39.99571871757507,-0.0891,-0.0006,0.1344,0.0027,-4.1138,-0.0411
40.135294914245605,-0.0891,-0.0008,0.1346,0.0194,-4.1147,-0.0368
40.13548493385315,-0.0891,-0.0009,0.1348,0.0016,-4.1156,-0.0432
40.135615825653076,-0.0891,-0.0011,0.1346,0.0096,-4.1165,-0.0455
40.135740756988525,-0.0892,-0.0012,0.1348,0.0234,-4.1174,-0.038
40.13587188720703,-0.0892,-0.0012,0.135,0.017,-4.1183,-0.0332
40.135995864868164,-0.0892,-0.0012,0.135,-0.0046,-4.1191,-0.0427
40.136114835739136,-0.0892,-0.0012,0.1347,0.042,-4.12,-0.0246
40.13623094558716,-0.0892,-0.0011,0.1356,0.0777,-4.1209,0.0231
40.13634896278381,-0.0892,-0.0005,0.136,-0.0183,-4.1218,0.0118
40.13646388053894,-0.0892,-0.0003,0.1356,0.0158,-4.1227,0.0195
40.13659071922302,-0.0892,0.0,0.1363,0.0728,-4.1236,0.0692
40.13670778274536,-0.0892,0.0007,0.137,0.031,-4.1245,0.0967
40.136836767196655,-0.0891,0.0014,0.1368,-0.0077,-4.1254,0.0986
40.13696575164795,-0.0891,0.002,0.1368,0.006,-4.1263,0.1095
40.27786183357239,-0.0891,0.0024,0.1373,-0.0481,-4.1272,0.0893
40.278038024902344,-0.089,0.0026,0.136,-0.1189,-4.1281,0.0135
40.27816295623779,-0.089,0.0019,0.1352,0.0195,-4.129,0.0207
40.27828097343445,-0.089,0.0016,0.1359,0.0264,-4.1298,0.0375
40.27840185165405,-0.089,0.0015,0.1354,-0.0887,-4.1307,-0.0245
40.27853584289551,-0.089,0.0008,0.1338,-0.0704,-4.1316,-0.0868
40.27865791320801,-0.0891,-0.0003,0.1337,0.0492,-4.1325,-0.0735
40.2787766456604,-0.0891,-0.0009,0.1345,0.0204,-4.1334,-0.0733
40.27889895439148,-0.0891,-0.0014,0.1344,-0.0113,-4.1343,-0.095
40.27901792526245,-0.0891,-0.0019,0.1345,0.0567,-4.1352,-0.0725
40.27916073799133,-0.0892,-0.002,0.1352,0.1028,-4.1361,-0.0158
40.27928805351257,-0.0892,-0.0016,0.1362,0.0477,-4.137,0.0129
40.27942180633545,-0.0892,-0.001,0.1362,0.0162,-4.1379,0.0212
40.27955675125122,-0.0891,-0.0005,0.1364,0.02,-4.1388,0.0336
40.43137884140015,-0.0891,-0.0,0.1364,0.0026,-4.1396,0.0351
40.43156886100769,-0.0891,0.0003,0.1364,0.0115,-4.1405,0.042
40.43169569969177,-0.0891,0.0006,0.1366,0.008,-4.1414,0.0487
40.43181800842285,-0.0891,0.0009,0.1363,-0.0114,-4.1423,0.0402
40.43193483352661,-0.0891,0.001,0.1363,0.0036,-4.1432,0.0413
40.432055950164795,-0.0891,0.0011,0.1362,-0.0049,-4.1441,0.0364
40.43217468261719,-0.0891,0.0011,0.1361,-0.0198,-4.145,0.0209
40.432294845581055,-0.0891,0.001,0.1356,-0.0241,-4.1459,-0.0013
40.432411909103394,-0.0891,0.0007,0.1357,0.0019,-4.1468,-0.0064
40.432530879974365,-0.0891,0.0004,0.1359,-0.0073,-4.1477,-0.0167
40.432660818099976,-0.0891,0.0001,0.1354,-0.0191,-4.1486,-0.0382
40.43280577659607,-0.0891,-0.0003,0.1351,-0.007,-4.1494,-0.0547
40.43293285369873,-0.0891,-0.0007,0.1351,0.0275,-4.1503,-0.0491
40.433079957962036,-0.0891,-0.001,0.1352,0.0027,-4.1512,-0.0597
40.43321490287781,-0.0891,-0.0013,0.1352,0.0142,-4.1521,-0.0634
40.573472023010254,-0.0891,-0.0015,0.1353,0.0188,-4.153,-0.0635
40.57365298271179,-0.0892,-0.0017,0.1357,0.0167,-4.1539,-0.0625
40.5737829208374,-0.0892,-0.0018,0.1364,0.0897,-4.1548,-0.0096
40.573901653289795,-0.0892,-0.0013,0.1372,0.0179,-4.1557,0.0028
40.57401895523071,-0.0892,-0.0009,0.1366,0.0074,-4.1566,0.004
40.57413983345032,-0.0892,-0.0006,0.1372,0.0607,-4.1575,0.044
40.57425880432129,-0.0892,0.0,0.1376,0.0003,-4.1584,0.0482
40.574376821517944,-0.0892,0.0005,0.1371,-0.0053,-4.1592,0.0457
40.57449173927307,-0.0891,0.0008,0.1374,0.0219,-4.1601,0.0624
40.5746066570282,-0.0891,0.0012,0.1374,-0.0054,-4.161,0.0618
40.57474184036255,-0.0891,0.0014,0.1374,-0.0094,-4.1619,0.0582
40.57486581802368,-0.0891,0.0016,0.1373,-0.0413,-4.1628,0.0337
40.57501006126404,-0.0891,0.0014,0.1367,-0.021,-4.1637,0.0174
40.57513380050659,-0.0891,0.0012,0.1368,0.0122,-4.1646,0.023
40.57527494430542,-0.0891,0.001,0.1368,-0.017,-4.1655,0.0094
40.72031593322754,-0.0891,0.0008,0.1363,-0.0081,-4.1664,-0.0022
40.72049689292908,-0.0891,0.0006,0.1366,0.0424,-4.1673,0.0203
40.720629930496216,-0.0891,0.0006,0.1368,-0.0025,-4.1682,0.0156
40.720754861831665,-0.089,0.0006,0.1366,-0.0089,-4.169,0.0047
40.72087383270264,-0.089,0.0004,0.1365,0.0007,-4.1699,-0.0006
40.72099685668945,-0.089,0.0003,0.1365,-0.0203,-4.1708,-0.0203
40.721120834350586,-0.0891,0.0,0.136,-0.0233,-4.1717,-0.0454
40.72124171257019,-0.0891,-0.0004,0.1358,-0.0066,-4.1726,-0.0617
40.721362829208374,-0.0891,-0.0009,0.1356,-0.0278,-4.1735,-0.0938
40.72148299217224,-0.0891,-0.0015,0.1354,-0.0197,-4.1744,-0.1226
40.72160577774048,-0.0892,-0.0023,0.1351,0.0034,-4.1753,-0.1395
40.72172284126282,-0.0892,-0.003,0.1347,0.0777,-4.1762,-0.1117
40.72184181213379,-0.0892,-0.0032,0.136,0.1393,-4.1771,-0.0353
40.721959829330444,-0.0892,-0.0026,0.1367,0.0451,-4.178,-0.0145
40.86494994163513,-0.0893,-0.0019,0.1368,0.0612,-4.1789,0.0174
40.86512780189514,-0.0892,-0.0012,0.1377,0.0316,-4.1797,0.0371
40.865253925323486,-0.0892,-0.0005,0.1373,-0.0278,-4.1806,0.0155
40.86537790298462,-0.0892,-0.0002,0.1371,0.0315,-4.1815,0.0309
40.86549186706543,-0.0892,0.0002,0.1376,0.017,-4.1824,0.0405
40.865617752075195,-0.0892,0.0005,0.1375,-0.0054,-4.1833,0.0351
40.86573266983032,-0.0892,0.0007,0.1374,0.0143,-4.1842,0.0418
40.865845918655396,-0.0892,0.0009,0.1376,0.0123,-4.1851,0.0482
40.86595892906189,-0.0892,0.0011,0.1375,0.0084,-4.186,0.0518
40.86607098579407,-0.0892,0.0013,0.1375,0.0063,-4.1869,0.0535
40.866190671920776,-0.0891,0.0014,0.1375,-0.0217,-4.1878,0.0375
40.86630606651306,-0.0891,0.0014,0.1369,-0.0139,-4.1887,0.0216
40.86641788482666,-0.0891,0.0012,0.137,0.02,-4.1896,0.0283
40.86654210090637,-0.0891,0.0011,0.1374,-0.0056,-4.1904,0.0211
40.866676807403564,-0.0891,0.001,0.1372,-0.0222,-4.1913,0.0011
41.00755286216736,-0.0891,0.0007,0.1371,0.0232,-4.1922,0.0097
41.00775599479675,-0.0891,0.0006,0.1375,0.0363,-4.1931,0.0294
41.00788402557373,-0.0891,0.0007,0.1377,-0.0139,-4.194,0.0174
41.00800371170044,-0.0891,0.0007,0.1374,-0.0071,-4.1949,0.0075
41.00813007354736,-0.0891,0.0005,0.1373,-0.0002,-4.1958,0.0011
41.008251905441284,-0.0891,0.0004,0.1371,-0.0026,-4.1967,-0.0081
41.00837182998657,-0.0891,0.0002,0.1369,-0.0209,-4.1976,-0.0311
41.00849485397339,-0.0891,-0.0002,0.1369,-0.0074,-4.1985,-0.0461
41.00861692428589,-0.0891,-0.0006,0.1367,-0.0226,-4.1994,-0.0726
41.00873684883118,-0.0891,-0.0011,0.1364,0.001,-4.2002,-0.0867
41.00887989997864,-0.0892,-0.0016,0.1365,0.0279,-4.2011,-0.0835
41.00901389122009,-0.0892,-0.0019,0.1368,0.0148,-4.202,-0.0869
41.00915884971619,-0.0892,-0.0022,0.137,0.101,-4.2029,-0.0335
41.009283781051636,-0.0892,-0.0019,0.1387,0.0926,-4.2038,0.0271
41.1503119468689,-0.0892,-0.001,0.1387,-0.007,-4.2047,0.0236
41.150506019592285,-0.0892,-0.0005,0.1384,0.0072,-4.2056,0.0267
41.150651931762695,-0.0892,-0.0001,0.1387,0.0096,-4.2065,0.034
41.1507728099823,-0.0892,0.0003,0.1382,-0.0266,-4.2074,0.0146
41.15089392662048,-0.0892,0.0003,0.1378,-0.0102,-4.2083,0.0027
41.151007890701294,-0.0892,0.0003,0.1381,0.0043,-4.2092,0.0022
41.151126861572266,-0.0892,0.0002,0.1379,-0.0229,-4.2101,-0.0175
41.15124773979187,-0.0892,-0.0,0.1376,0.0094,-4.2109,-0.0191
41.15136694908142,-0.0892,-0.0002,0.138,0.0275,-4.2118,-0.0067
41.15148901939392,-0.0892,-0.0002,0.1381,-0.0044,-4.2127,-0.0144
41.15160799026489,-0.0892,-0.0003,0.138,0.0158,-4.2136,-0.01
41.15172600746155,-0.0892,-0.0003,0.1383,0.0219,-4.2145,0.0002
41.15184307098389,-0.0892,-0.0002,0.1384,0.0059,-4.2154,0.0005
41.15195894241333,-0.0892,-0.0001,0.1382,0.0071,-4.2163,0.0004
41.29191875457764,-0.0892,-0.0001,0.1384,0.0168,-4.2172,0.0074
41.292099714279175,-0.0892,0.0,0.1384,0.0062,-4.2181,0.0079
41.2922260761261,-0.0892,0.0001,0.1386,0.003,-4.219,0.0074
41.292346715927124,-0.0892,0.0001,0.1383,-0.0032,-4.2199,0.001
41.29246211051941,-0.0892,0.0001,0.1384,0.0091,-4.2208,0.0029
41.29258394241333,-0.0892,0.0001,0.1384,-0.0097,-4.2217,-0.0076
41.29270386695862,-0.0892,-0.0,0.1383,0.0006,-4.2225,-0.0127
41.29282307624817,-0.0892,-0.0001,0.1385,0.002,-4.2234,-0.0154
41.29294490814209,-0.0892,-0.0002,0.1383,-0.0082,-4.2243,-0.0269
41.29308080673218,-0.0892,-0.0004,0.1384,-0.0001,-4.2252,-0.0326
41.293213844299316,-0.0892,-0.0006,0.1383,-0.0135,-4.2261,-0.0481
41.29335808753967,-0.0892,-0.0009,0.1381,0.006,-4.227,-0.0526
41.29349493980408,-0.0893,-0.0011,0.1383,0.0274,-4.2279,-0.0423
41.29362893104553,-0.0893,-0.0012,0.1383,0.0159,-4.2288,-0.0397
41.29376578330994,-0.0893,-0.0012,0.1385,0.0239,-4.2297,-0.0309
41.42161583900452,-0.0893,-0.0012,0.1385,0.0119,-4.2306,-0.03
41.421804904937744,-0.0893,-0.0011,0.1384,0.0255,-4.2315,-0.0207
41.421947717666626,-0.0893,-0.001,0.1386,0.0671,-4.2324,0.0166
41.42207884788513,-0.0893,-0.0005,0.1399,0.0577,-4.2333,0.0574
41.42220067977905,-0.0893,0.0002,0.1398,-0.0038,-4.2341,0.0577
41.42231798171997,-0.0893,0.0007,0.1396,0.0441,-4.235,0.088
41.42243671417236,-0.0892,0.0013,0.1404,0.048,-4.2359,0.1269
41.42255997657776,-0.0892,0.0022,0.1408,-0.0117,-4.2368,0.13
41.42268681526184,-0.0892,0.0028,0.1408,-0.0534,-4.2377,0.1064
41.42280387878418,-0.0891,0.003,0.1399,-0.093,-4.2386,0.0511
41.42293095588684,-0.0891,0.0026,0.1393,-0.0381,-4.2395,0.0263
41.42305088043213,-0.0891,0.0021,0.139,-0.0894,-4.2404,-0.0341
41.56266498565674,-0.0891,0.0011,0.137,-0.0912,-4.2413,-0.1114
41.56284284591675,-0.0891,-0.0003,0.1366,0.0589,-4.2422,-0.0951
41.56297278404236,-0.0892,-0.0011,0.1377,0.0535,-4.2431,-0.0756
41.5630989074707,-0.0892,-0.0015,0.1376,-0.0009,-4.244,-0.0923
41.56321883201599,-0.0892,-0.002,0.1373,0.114,-4.2448,-0.0371
41.56333899497986,-0.0892,-0.0017,0.1393,0.121,-4.2457,0.0365
41.56345582008362,-0.0892,-0.0009,0.1399,0.0058,-4.2466,0.0403
41.563575983047485,-0.0892,-0.0002,0.1395,-0.0199,-4.2475,0.0252
41.563693046569824,-0.0892,0.0001,0.1394,-0.0038,-4.2484,0.0193
41.56380891799927,-0.0892,0.0003,0.1393,-0.0121,-4.2493,0.0072
41.56392693519592,-0.0892,0.0002,0.1391,-0.0282,-4.2502,-0.0168
41.56404495239258,-0.0892,0.0,0.1387,-0.0013,-4.2511,-0.0268
41.56416201591492,-0.0892,-0.0003,0.1387,0.0359,-4.252,-0.0125
41.56428384780884,-0.0892,-0.0003,0.1389,0.0023,-4.2529,-0.0194
41.56440091133118,-0.0892,-0.0004,0.1386,0.0,-4.2538,-0.0297
41.57947897911072,-0.0892,-0.0006,0.1388,0.0278,-4.2547,-0.0214
41.70920181274414,-0.0892,-0.0006,0.1388,0.008,-4.2556,-0.0255
41.70940589904785,-0.0892,-0.0007,0.1387,0.0284,-4.2564,-0.0174
41.70952868461609,-0.0893,-0.0006,0.1391,0.0389,-4.2573,-0.0004
41.70964980125427,-0.0893,-0.0005,0.1391,0.0055,-4.2582,-0.005
41.709770917892456,-0.0893,-0.0004,0.1389,0.0262,-4.2591,0.0021
41.7098867893219,-0.0893,-0.0002,0.1394,0.0303,-4.26,0.0157
41.71000790596008,-0.0892,-0.0,0.1394,0.0162,-4.2609,0.02
41.710121870040894,-0.0892,0.0002,0.1395,0.0323,-4.2618,0.0352
41.71023488044739,-0.0892,0.0005,0.14,0.0282,-4.2627,0.0517
41.71034789085388,-0.0892,0.0008,0.1404,0.0267,-4.2636,0.07
41.71046280860901,-0.0892,0.0013,0.1404,-0.0094,-4.2645,0.0654
41.71057987213135,-0.0892,0.0015,0.1401,0.0094,-4.2654,0.0708
41.71069288253784,-0.0891,0.0018,0.1406,0.0302,-4.2663,0.0928
41.8386607170105,-0.0891,0.0021,0.1401,-0.1117,-4.2672,0.0198
41.83882999420166,-0.0891,0.0017,0.1384,-0.0489,-4.268,-0.0255
41.838955879211426,-0.0891,0.0009,0.1388,0.0316,-4.2689,-0.0164
41.839075803756714,-0.0891,0.0005,0.1388,-0.0353,-4.2698,-0.0514
41.839195728302,-0.0891,-0.0002,0.1381,0.0086,-4.2707,-0.0634
41.839319944381714,-0.0892,-0.0007,0.1387,0.0763,-4.2716,-0.0279
41.83943772315979,-0.0892,-0.0008,0.139,0.0182,-4.2725,-0.0278
41.83955788612366,-0.0892,-0.0008,0.1388,0.0075,-4.2734,-0.0368
41.83967590332031,-0.0892,-0.0009,0.139,0.048,-4.2743,-0.0183
41.83979272842407,-0.0892,-0.0008,0.1397,0.0339,-4.2752,-0.0039
41.839921951293945,-0.0892,-0.0006,0.1398,0.0264,-4.2761,0.0064
41.84003567695618,-0.0892,-0.0004,0.1401,0.0436,-4.277,0.0298
41.84014892578125,-0.0892,0.0,0.1406,0.0429,-4.2779,0.0564
41.967530965805054,-0.0892,0.0006,0.141,0.0322,-4.2787,0.0787
41.96770095825195,-0.0891,0.0012,0.1412,0.0286,-4.2796,0.1008
41.9678258895874,-0.0891,0.0018,0.1416,-0.0098,-4.2805,0.1007
41.96794390678406,-0.0891,0.0022,0.1411,-0.003,-4.2814,0.1021
41.968063831329346,-0.089,0.0026,0.1413,-0.0764,-4.2823,0.0573
41.96818566322327,-0.089,0.0024,0.1395,-0.1084,-4.2832,-0.0215
41.968302726745605,-0.089,0.0014,0.1387,0.0062,-4.2841,-0.0324
41.968419790267944,-0.089,0.0007,0.1392,0.0865,-4.285,0.0112
41.96853280067444,-0.089,0.0006,0.1402,0.0523,-4.2859,0.0394
41.96864581108093,-0.089,0.0008,0.1404,0.0292,-4.2868,0.0543
41.96875786781311,-0.089,0.0011,0.1408,0.0379,-4.2877,0.0777
41.96889281272888,-0.089,0.0015,0.1408,-0.0036,-4.2885,0.0744
41.969016790390015,-0.089,0.0018,0.1405,-0.0075,-4.2894,0.0662
42.09569787979126,-0.0889,0.0019,0.1405,0.0063,-4.2903,0.067
42.095868825912476,-0.0889,0.002,0.1405,-0.0065,-4.2912,0.0593
42.0960009098053,-0.0889,0.002,0.1397,-0.1053,-4.2921,-0.0185
42.09612488746643,-0.0889,0.0012,0.1387,-0.0939,-4.293,-0.0968
42.09626793861389,-0.0889,-0.0001,0.1377,-0.0651,-4.2939,-0.1646
42.096391916275024,-0.089,-0.0017,0.1373,0.0358,-4.2948,-0.1711
42.096542835235596,-0.089,-0.0028,0.1376,0.1583,-4.2957,-0.0975
42.09668183326721,-0.0891,-0.0029,0.1399,0.2156,-4.2965,0.0295
42.09683680534363,-0.0891,-0.0018,0.1414,0.0735,-4.2974,0.0761
42.096967935562134,-0.089,-0.0005,0.1421,0.0344,-4.2983,0.1029
42.09708380699158,-0.089,0.0007,0.1422,-0.0158,-4.2992,0.0987
42.09720492362976,-0.089,0.0014,0.142,-0.021,-4.3001,0.0897
42.09733486175537,-0.0889,0.0019,0.1423,-0.0114,-4.301,0.0892
42.22602581977844,-0.0889,0.0022,0.1416,-0.0898,-4.3019,0.033
42.22619891166687,-0.0889,0.0018,0.1405,-0.0583,-4.3028,-0.0107
42.22632694244385,-0.0889,0.0012,0.1401,0.027,-4.3037,-0.0031
42.2264449596405,-0.0889,0.0008,0.1405,0.0723,-4.3046,0.0367
42.22656297683716,-0.0889,0.0009,0.1412,0.0424,-4.3054,0.0619
42.22669577598572,-0.0889,0.0012,0.1414,0.0436,-4.3063,0.0894
42.22681283950806,-0.0888,0.0017,0.1421,0.0641,-4.3072,0.1352
42.22693395614624,-0.0888,0.0025,0.1428,-0.0061,-4.3081,0.1406
42.227049827575684,-0.0888,0.0031,0.1421,-0.0349,-4.309,0.1232
42.22716474533081,-0.0887,0.0034,0.1405,-0.1757,-4.3099,0.0027
42.22728705406189,-0.0887,0.0024,0.1383,-0.1327,-4.3108,-0.1064
42.22741484642029,-0.0888,0.0006,0.1379,-0.0907,-4.3117,-0.1927
42.22756767272949,-0.0888,-0.0014,0.1365,-0.0433,-4.3125,-0.2595
42.35592985153198,-0.0889,-0.0035,0.1356,0.1367,-4.3134,-0.218
42.35615277290344,-0.089,-0.0046,0.1383,0.3626,-4.3143,-0.0123
42.356322050094604,-0.089,-0.0033,0.1423,0.2247,-4.3152,0.1337
42.35645580291748,-0.0889,-0.001,0.1437,0.0267,-4.3161,0.1626
42.35657787322998,-0.0889,0.0009,0.1433,-0.0481,-4.317,0.1418
42.35669779777527,-0.0888,0.002,0.1429,-0.0126,-4.3179,0.1414
42.35681486129761,-0.0888,0.0028,0.1424,-0.1227,-4.3188,0.0667
42.356934785842896,-0.0888,0.0026,0.1406,-0.1224,-4.3197,-0.0214
42.35707688331604,-0.0888,0.0016,0.1395,-0.0824,-4.3205,-0.0922
42.357215881347656,-0.0888,0.0002,0.1391,0.0427,-4.3214,-0.0862
42.35733985900879,-0.0888,-0.0007,0.1399,0.0705,-4.3223,-0.057
42.3574960231781,-0.0888,-0.001,0.1404,0.0395,-4.3232,-0.045
42.357614040374756,-0.0889,-0.0012,0.1407,0.0669,-4.3241,-0.0132
42.48608088493347,-0.0889,-0.0009,0.1416,0.0792,-4.325,0.0331
42.486270904541016,-0.0889,-0.0003,0.1421,0.0627,-4.3259,0.0723
42.48640584945679,-0.0888,0.0005,0.1426,0.0661,-4.3268,0.118
42.4865288734436,-0.0888,0.0015,0.1435,0.0609,-4.3277,0.1667
42.48664593696594,-0.0887,0.0027,0.1438,-0.0233,-4.3285,0.1641
42.48676681518555,-0.0887,0.0035,0.1435,-0.1394,-4.3294,0.0843
42.48688578605652,-0.0887,0.0032,0.1408,-0.1913,-4.3303,-0.0484
42.4870069026947,-0.0887,0.0018,0.1395,-0.0935,-4.3312,-0.1285
42.487125873565674,-0.0887,0.0,0.1386,-0.0033,-4.3321,-0.1578
42.48724579811096,-0.0888,-0.0015,0.1391,0.1085,-4.333,-0.1125
42.487370014190674,-0.0888,-0.0022,0.1399,0.1686,-4.3339,-0.0238
42.48748588562012,-0.0888,-0.0018,0.1422,0.1828,-4.3347,0.0909
42.48760795593262,-0.0888,-0.0003,0.1435,-0.0245,-4.3356,0.0813
42.61548686027527,-0.0888,0.0006,0.142,-0.0882,-4.3365,0.0209
42.61565375328064,-0.0888,0.0006,0.1415,0.0,-4.3374,0.0134
42.61578893661499,-0.0887,0.0005,0.1417,-0.0097,-4.3383,0.001
42.615914821624756,-0.0887,0.0004,0.1413,0.005,-4.3392,-0.005
42.616031885147095,-0.0887,0.0002,0.1416,0.0363,-4.3401,0.0112
42.616153717041016,-0.0887,0.0003,0.1419,-0.0057,-4.341,0.0019
42.61627388000488,-0.0887,0.0002,0.1416,-0.0327,-4.3418,-0.0275
42.616397857666016,-0.0888,-0.0001,0.1413,-0.0133,-4.3427,-0.047
42.616519927978516,-0.0888,-0.0005,0.1412,-0.0094,-4.3436,-0.065
42.6166410446167,-0.0888,-0.001,0.1411,-0.0285,-4.3445,-0.0966
42.61676478385925,-0.0888,-0.0017,0.1407,-0.0199,-4.3454,-0.1257
42.61688590049744,-0.0889,-0.0024,0.1405,0.0296,-4.3463,-0.1249
42.61700391769409,-0.0889,-0.0029,0.1407,0.1374,-4.3472,-0.0542
42.75569486618042,-0.0889,-0.0025,0.1429,0.1931,-4.3481,0.0686
42.75587201118469,-0.0889,-0.0011,0.1444,0.0076,-4.349,0.0829
42.75600981712341,-0.0889,0.0,0.1436,-0.1193,-4.3498,0.0099
42.75614380836487,-0.0889,0.0001,0.1425,-0.0378,-4.3507,-0.0183
42.75627088546753,-0.0889,-0.0001,0.1426,0.0388,-4.3516,0.0034
42.756391763687134,-0.0889,-0.0,0.1431,0.0204,-4.3525,0.017
42.756510972976685,-0.0889,0.0001,0.1429,-0.0091,-4.3534,0.0098
42.756629943847656,-0.0889,0.0002,0.1429,0.0146,-4.3543,0.0176
42.756747007369995,-0.0889,0.0003,0.1431,-0.0101,-4.3552,0.0108
42.75686502456665,-0.0889,0.0003,0.1426,-0.0321,-4.3561,-0.014
42.756985664367676,-0.0889,0.0001,0.1424,-0.0025,-4.357,-0.0212
42.75710678100586,-0.0889,-0.0001,0.1425,-0.0075,-4.3578,-0.0318
42.75722908973694,-0.0889,-0.0004,0.1422,-0.0283,-4.3587,-0.0579
42.75734877586365,-0.0889,-0.0009,0.1419,-0.0089,-4.3596,-0.0744
42.88663196563721,-0.0889,-0.0013,0.1418,0.025,-4.3605,-0.0702
42.88680291175842,-0.0889,-0.0016,0.1423,0.0302,-4.3614,-0.0592
42.88694381713867,-0.089,-0.0017,0.1423,0.0094,-4.3623,-0.0619
42.88707184791565,-0.089,-0.0018,0.1417,0.0379,-4.3632,-0.0507
42.887189865112305,-0.089,-0.0018,0.1433,0.1744,-4.3641,0.0601
42.88730978965759,-0.089,-0.0006,0.1448,0.0456,-4.365,0.0989
42.88742399215698,-0.0889,0.0005,0.1445,0.013,-4.3658,0.1147
42.8875367641449,-0.0889,0.0015,0.145,0.0212,-4.3667,0.1402
42.887651681900024,-0.0889,0.0024,0.1454,-0.0835,-4.3676,0.1007
42.887765884399414,-0.0888,0.0027,0.1436,-0.1589,-4.3685,0.0001
42.88788390159607,-0.0888,0.0019,0.1426,-0.0667,-4.3694,-0.0491
42.88800573348999,-0.0888,0.0008,0.1422,-0.1027,-4.3703,-0.1249
42.88812589645386,-0.0889,-0.0006,0.1403,-0.078,-4.3712,-0.1999
43.01696991920471,-0.089,-0.0024,0.1403,0.0869,-4.3721,-0.1694
43.01714086532593,-0.089,-0.0033,0.141,0.1736,-4.373,-0.0792
43.01727366447449,-0.089,-0.0031,0.1438,0.264,-4.3738,0.0899
43.01739478111267,-0.089,-0.0013,0.1455,0.0889,-4.3747,0.159
43.0175096988678,-0.089,0.0006,0.1464,0.0316,-4.3756,0.1982
43.01762771606445,-0.0889,0.0024,0.1466,-0.0595,-4.3765,0.1812
43.01774477958679,-0.0888,0.0034,0.1452,-0.2147,-4.3774,0.054
43.01786184310913,-0.0888,0.0029,0.1427,-0.1823,-4.3783,-0.0707
43.017979860305786,-0.0888,0.0014,0.1407,-0.0265,-4.3792,-0.1099
43.018096923828125,-0.0889,-0.0001,0.1416,0.127,-4.3801,-0.0442
43.0182158946991,-0.0889,-0.0005,0.143,0.0668,-4.381,-0.0081
43.01833701133728,-0.0889,-0.0004,0.1433,0.0154,-4.3818,-0.0036
43.018455028533936,-0.0889,-0.0003,0.1432,0.0032,-4.3827,-0.0075
43.145824909210205,-0.0889,-0.0003,0.1433,0.0568,-4.3836,0.0233
43.14601492881775,-0.0889,0.0,0.1441,0.0922,-4.3845,0.0832
43.14614987373352,-0.0889,0.0008,0.1447,0.0505,-4.3854,0.1205
43.146265745162964,-0.0888,0.0017,0.145,0.0393,-4.3863,0.153
43.146387815475464,-0.0888,0.0027,0.1454,-0.0179,-4.3872,0.152
43.1465048789978,-0.0887,0.0034,0.1451,-0.1586,-4.3881,0.0584
43.146625995635986,-0.0887,0.0029,0.1421,-0.1978,-4.389,-0.0826
43.14674472808838,-0.0887,0.0013,0.1412,-0.0214,-4.3898,-0.1171
43.14686679840088,-0.0888,-0.0003,0.1412,-0.0904,-4.3907,-0.1977
43.146986961364746,-0.0888,-0.0021,0.1393,-0.0134,-4.3916,-0.2439
43.14710593223572,-0.0889,-0.0039,0.1402,0.2712,-4.3925,-0.101
43.147220849990845,-0.0889,-0.0037,0.1435,0.2987,-4.3934,0.0834
43.14733695983887,-0.0889,-0.0018,0.1464,0.0748,-4.3943,0.1446
43.275378942489624,-0.0889,0.0002,0.1452,-0.2459,-4.3952,-0.0085
43.27557301521301,-0.0889,0.0,0.1424,-0.0756,-4.3961,-0.0722
43.27570295333862,-0.0889,-0.0007,0.1432,0.035,-4.397,-0.0591
43.275834798812866,-0.0889,-0.0011,0.1422,-0.0844,-4.3978,-0.1305
43.27596187591553,-0.089,-0.002,0.1415,0.0238,-4.3987,-0.1379
43.27607989311218,-0.089,-0.0028,0.1426,0.098,-4.3996,-0.0907
43.27619791030884,-0.089,-0.0028,0.1431,0.1486,-4.4005,-0.0072
43.276312828063965,-0.089,-0.002,0.145,0.1758,-4.4014,0.1079
43.27643084526062,-0.089,-0.0004,0.1463,-0.0073,-4.4023,0.1149
43.27655291557312,-0.089,0.0009,0.1452,-0.0902,-4.4032,0.0612
43.27666878700256,-0.0889,0.0012,0.1445,-0.0018,-4.4041,0.0595
43.2767858505249,-0.0889,0.0014,0.1442,-0.0892,-4.405,-0.001
43.27690386772156,-0.0889,0.001,0.1428,-0.1024,-4.4058,-0.0807
43.405072927474976,-0.0889,-0.0001,0.1422,0.0354,-4.4067,-0.0765
43.405251026153564,-0.089,-0.0008,0.1434,0.0676,-4.4076,-0.0435
43.40537786483765,-0.089,-0.001,0.1434,0.0051,-4.4085,-0.0514
43.40550088882446,-0.089,-0.0012,0.1434,0.0556,-4.4094,-0.0268
43.405619859695435,-0.089,-0.0011,0.1444,0.0763,-4.4103,0.0184
43.405750036239624,-0.089,-0.0006,0.145,0.0409,-4.4112,0.0452
43.40586805343628,-0.089,0.0,0.1452,-0.0021,-4.4121,0.0458
43.40598487854004,-0.089,0.0005,0.1451,-0.0166,-4.413,0.0361
43.40609884262085,-0.089,0.0007,0.145,0.003,-4.4139,0.0388
43.40621471405029,-0.0889,0.0009,0.145,-0.0022,-4.4147,0.0377
43.40633702278137,-0.0889,0.001,0.1447,-0.0271,-4.4156,0.018
43.406452894210815,-0.0889,0.0009,0.1446,-0.0094,-4.4165,0.0087
43.40662503242493,-0.0889,0.0007,0.1445,-0.0138,-4.4174,-0.0044
43.534714698791504,-0.0889,0.0004,0.1444,-0.0305,-4.4183,-0.0293
43.53492498397827,-0.0889,0.0,0.1439,-0.035,-4.4192,-0.0612
43.53506588935852,-0.089,-0.0006,0.1435,-0.0263,-4.4201,-0.0906
43.535194873809814,-0.089,-0.0013,0.1432,-0.013,-4.421,-0.1143
43.535316944122314,-0.089,-0.002,0.1435,0.0392,-4.4219,-0.1031
43.5354368686676,-0.0891,-0.0024,0.1437,0.0231,-4.4228,-0.101
43.535552978515625,-0.0891,-0.0027,0.1448,0.181,-4.4236,0.0104
43.53566884994507,-0.0891,-0.0018,0.1468,0.1037,-4.4245,0.0866
43.535786867141724,-0.0891,-0.0004,0.1469,-0.0415,-4.4254,0.0705
43.535902976989746,-0.089,0.0004,0.1459,-0.0578,-4.4263,0.0367
43.53603506088257,-0.089,0.0006,0.1456,-0.0066,-4.4272,0.0339
43.536176919937134,-0.089,0.0008,0.1454,-0.0326,-4.4281,0.0127
43.536306858062744,-0.089,0.0007,0.1451,-0.0246,-4.429,-0.0056
43.664865016937256,-0.089,0.0004,0.145,-0.0309,-4.4299,-0.0289
43.665053844451904,-0.089,0.0,0.1444,-0.0465,-4.4308,-0.0668
43.66519093513489,-0.089,-0.0006,0.1438,-0.0337,-4.4317,-0.1019
43.66532492637634,-0.0891,-0.0014,0.1437,0.021,-4.4325,-0.1031
43.66544580459595,-0.0891,-0.002,0.144,0.0292,-4.4334,-0.0969
43.66556692123413,-0.0891,-0.0024,0.1441,0.0167,-4.4343,-0.099
43.6656858921051,-0.0892,-0.0026,0.1449,0.17,-4.4352,0.0032
43.665802001953125,-0.0892,-0.0018,0.147,0.127,-4.4361,0.0933
43.66592192649841,-0.0891,-0.0003,0.1474,-0.015,-4.437,0.0951
43.666038036346436,-0.0891,0.0007,0.1465,-0.057,-4.4379,0.0639
43.666183948516846,-0.0891,0.0011,0.1461,-0.0058,-4.4388,0.063
43.66630983352661,-0.0891,0.0014,0.1459,-0.0623,-4.4397,0.0245
43.6664297580719,-0.0891,0.0012,0.1446,-0.0932,-4.4406,-0.044
43.79676795005798,-0.0891,0.0004,0.144,-0.029,-4.4415,-0.076
43.796972036361694,-0.0891,-0.0005,0.1441,0.0457,-4.4423,-0.0596
43.797130823135376,-0.0891,-0.0009,0.1445,0.0358,-4.4432,-0.047
43.79725170135498,-0.0891,-0.0011,0.1447,0.0287,-4.4441,-0.0381
43.797380685806274,-0.0891,-0.0011,0.1451,0.0507,-4.445,-0.0124
43.79749774932861,-0.0892,-0.0009,0.1457,0.0473,-4.4459,0.0151
43.79761791229248,-0.0891,-0.0005,0.146,0.0162,-4.4468,0.0246
43.797739028930664,-0.0891,-0.0001,0.1457,-0.0261,-4.4477,0.0053
43.79785895347595,-0.0891,-0.0,0.1455,-0.0077,-4.4486,-0.0044
43.79798483848572,-0.0891,-0.0001,0.1456,-0.0037,-4.4495,-0.0105
43.798117876052856,-0.0891,-0.0001,0.1455,-0.0185,-4.4504,-0.0272
43.79825782775879,-0.0892,-0.0004,0.1452,-0.0153,-4.4513,-0.0443
43.79838275909424,-0.0892,-0.0007,0.1451,0.0106,-4.4522,-0.046
43.92877268791199,-0.0892,-0.0009,0.1454,0.0211,-4.453,-0.0388
43.92896580696106,-0.0892,-0.001,0.1453,0.0018,-4.4539,-0.0454
43.929107904434204,-0.0892,-0.0012,0.1454,0.0275,-4.4548,-0.0349
43.92923188209534,-0.0892,-0.0012,0.1457,0.0338,-4.4557,-0.0184
43.92936182022095,-0.0892,-0.001,0.146,0.0164,-4.4566,-0.0111
43.92948293685913,-0.0892,-0.0008,0.146,0.0284,-4.4575,0.0042
43.92960000038147,-0.0892,-0.0005,0.1463,0.0355,-4.4584,0.0262
43.92971682548523,-0.0892,-0.0001,0.1466,0.0175,-4.4593,0.0383
43.92983078956604,-0.0892,0.0003,0.1467,0.0238,-4.4602,0.0559
43.92994689941406,-0.0892,0.0008,0.1468,-0.0114,-4.4611,0.0512
43.930062770843506,-0.0892,0.001,0.1466,-0.0028,-4.462,0.0506
43.93017601966858,-0.0892,0.0012,0.1467,0.0084,-4.4629,0.0576
43.930290937423706,-0.0891,0.0014,0.147,-0.0414,-4.4638,0.0348
44.07168102264404,-0.0891,0.0013,0.1458,-0.0823,-4.4646,-0.0235
44.071861028671265,-0.0891,0.0007,0.1453,-0.0053,-4.4655,-0.0363
44.07199573516846,-0.0891,0.0001,0.1452,-0.0219,-4.4664,-0.0606
44.07212495803833,-0.0892,-0.0005,0.1444,-0.069,-4.4673,-0.1221
44.0722439289093,-0.0892,-0.0015,0.1437,0.0158,-4.4682,-0.1348
44.0723659992218,-0.0892,-0.0024,0.1447,0.0801,-4.4691,-0.099
44.07248377799988,-0.0893,-0.0026,0.1456,0.1427,-4.47,-0.0168
44.0725998878479,-0.0893,-0.002,0.1474,0.1088,-4.4709,0.0566
44.07271766662598,-0.0893,-0.0009,0.1478,-0.0397,-4.4718,0.0373
44.07283878326416,-0.0893,-0.0002,0.1466,-0.0648,-4.4727,-0.0065
44.07296085357666,-0.0893,-0.0002,0.1464,-0.0041,-4.4736,-0.0129
44.07308483123779,-0.0893,-0.0003,0.1462,-0.0246,-4.4745,-0.0343
44.07320594787598,-0.0893,-0.0005,0.146,0.0139,-4.4754,-0.0326
44.07332396507263,-0.0893,-0.0007,0.1466,0.032,-4.4762,-0.0152
44.20391297340393,-0.0893,-0.0006,0.1464,-0.0054,-4.4771,-0.0237
44.20408797264099,-0.0893,-0.0007,0.1461,0.0223,-4.478,-0.0164
44.20421290397644,-0.0893,-0.0006,0.1464,0.0397,-4.4789,0.0044
44.20434284210205,-0.0893,-0.0004,0.1466,0.0248,-4.4798,0.0165
44.20447373390198,-0.0893,-0.0001,0.1467,0.0248,-4.4807,0.0292
44.20460796356201,-0.0893,0.0002,0.1472,0.0467,-4.4816,0.0596
44.204723834991455,-0.0893,0.0007,0.1475,0.0323,-4.4825,0.0832
44.204869747161865,-0.0892,0.0013,0.1475,0.0242,-4.4834,0.1021
44.20499873161316,-0.0892,0.0019,0.1478,0.0059,-4.4843,0.111
44.20514988899231,-0.0892,0.0024,0.1474,-0.0126,-4.4852,0.1054
44.2052788734436,-0.0891,0.0027,0.1466,-0.1404,-4.4861,0.0112
44.20540165901184,-0.0891,0.002,0.1449,-0.0479,-4.487,-0.0357
44.205517053604126,-0.0891,0.0011,0.1451,0.038,-4.4878,-0.0265
44.205647706985474,-0.0892,0.0005,0.1458,0.0621,-4.4887,0.0031
44.33415770530701,-0.0892,0.0004,0.1463,0.0421,-4.4896,0.0225
44.33432483673096,-0.0891,0.0005,0.1466,0.0497,-4.4905,0.0488
44.33444595336914,-0.0891,0.0008,0.1472,0.0171,-4.4914,0.0583
44.334566831588745,-0.0891,0.0011,0.1469,-0.0056,-4.4923,0.0515
44.33468270301819,-0.0891,0.0013,0.147,0.0226,-4.4932,0.0634
44.33479976654053,-0.0891,0.0015,0.1471,-0.0127,-4.4941,0.0533
44.3349187374115,-0.0891,0.0016,0.1467,-0.0246,-4.495,0.0324
44.335031032562256,-0.089,0.0014,0.1466,0.0147,-4.4959,0.0355
44.33515000343323,-0.089,0.0013,0.1468,-0.0588,-4.4968,-0.0073
44.33526873588562,-0.089,0.0009,0.1454,-0.077,-4.4976,-0.0722
44.33538889884949,-0.0891,-0.0001,0.145,-0.0111,-4.4985,-0.0983
44.33550786972046,-0.0891,-0.001,0.145,-0.0422,-4.4994,-0.1456
44.33566188812256,-0.0891,-0.0021,0.1439,-0.0335,-4.5003,-0.1957
44.46342492103577,-0.0892,-0.0034,0.1436,0.1315,-4.5012,-0.1425
44.46361589431763,-0.0892,-0.0038,0.1457,0.2208,-4.5021,-0.0174
44.46375298500061,-0.0893,-0.0028,0.1475,0.153,-4.503,0.0775
44.46388506889343,-0.0892,-0.0012,0.1486,-0.0237,-4.5039,0.0665
44.46401286125183,-0.0892,-0.0002,0.1478,-0.0652,-4.5048,0.0234
44.464130878448486,-0.0892,0.0001,0.1474,-0.0103,-4.5057,0.0131
44.46424984931946,-0.0892,0.0002,0.1471,-0.0335,-4.5066,-0.0147
44.46437096595764,-0.0892,-0.0,0.1462,-0.0117,-4.5075,-0.0347
44.464491844177246,-0.0892,-0.0003,0.1467,0.052,-4.5083,-0.0106
44.46462798118591,-0.0892,-0.0003,0.1471,0.0008,-4.5092,-0.0171
44.46475076675415,-0.0892,-0.0004,0.1466,0.0019,-4.5101,-0.0262
44.46491479873657,-0.0892,-0.0005,0.1471,0.062,-4.511,0.0066
44.46505069732666,-0.0892,-0.0003,0.1475,0.028,-4.5119,0.0203
44.59475493431091,-0.0892,-0.0,0.1476,0.0263,-4.5128,0.0335
44.59492087364197,-0.0892,0.0003,0.148,0.0496,-4.5137,0.0644
44.59504580497742,-0.0892,0.0008,0.1484,0.0403,-4.5146,0.0927
44.59516382217407,-0.0892,0.0015,0.1487,0.0335,-4.5155,0.1187
44.59527778625488,-0.0891,0.0022,0.1489,0.0034,-4.5164,0.1269
44.59540295600891,-0.0891,0.0028,0.1492,-0.0514,-4.5173,0.1026
44.59552001953125,-0.089,0.0029,0.1478,-0.1353,-4.5182,0.0134
44.595645904541016,-0.089,0.0022,0.147,-0.0398,-4.519,-0.0201
44.595770835876465,-0.089,0.0013,0.1468,-0.0599,-4.5199,-0.0687
44.5959038734436,-0.0891,0.0003,0.1455,-0.0502,-4.5208,-0.1212
44.59602689743042,-0.0891,-0.001,0.1456,0.0588,-4.5217,-0.1037
44.596163749694824,-0.0891,-0.0017,0.1464,0.0338,-4.5226,-0.0977
44.596291065216064,-0.0892,-0.0021,0.1463,0.0192,-4.5235,-0.102
44.72585892677307,-0.0892,-0.0025,0.1473,0.1743,-4.5244,0.0007
44.726035833358765,-0.0892,-0.0017,0.1495,0.1018,-4.5253,0.0725
44.72616791725159,-0.0892,-0.0005,0.1494,-0.0309,-4.5262,0.0584
44.72628879547119,-0.0892,0.0002,0.1486,-0.0225,-4.5271,0.0446
44.72640371322632,-0.0891,0.0006,0.1487,0.003,-4.528,0.0479
44.72653579711914,-0.0891,0.0009,0.1485,-0.0411,-4.5289,0.0211
44.726669788360596,-0.0891,0.0008,0.1478,-0.0215,-4.5297,0.0016
44.726783990859985,-0.0891,0.0006,0.1484,0.036,-4.5306,0.0231
44.726933002471924,-0.0891,0.0006,0.1484,-0.0433,-4.5315,-0.0063
44.727049827575684,-0.0891,0.0004,0.1475,-0.0547,-4.5324,-0.0502
44.72717475891113,-0.0891,-0.0002,0.1472,-0.009,-4.5333,-0.0671
44.72730493545532,-0.0892,-0.0008,0.1471,-0.0163,-4.5342,-0.0904
44.72742700576782,-0.0892,-0.0014,0.1468,0.0086,-4.5351,-0.1
44.855756998062134,-0.0892,-0.002,0.147,0.0348,-4.536,-0.0919
44.85594964027405,-0.0893,-0.0023,0.1468,0.028,-4.5369,-0.0899
44.856101751327515,-0.0893,-0.0025,0.1479,0.1651,-4.5378,0.008
44.856223821640015,-0.0893,-0.0017,0.1495,0.0524,-4.5387,0.0448
44.856353998184204,-0.0893,-0.0007,0.1493,-0.0285,-4.5396,0.0286
44.856475830078125,-0.0893,-0.0002,0.1491,-0.0033,-4.5404,0.027
44.856608867645264,-0.0892,0.0001,0.1491,-0.009,-4.5413,0.0216
44.856728076934814,-0.0892,0.0003,0.1486,-0.0346,-4.5422,-0.0036
44.856849908828735,-0.0892,0.0002,0.1481,-0.0246,-4.5431,-0.0266
44.856974840164185,-0.0892,-0.0001,0.1483,0.0399,-4.544,-0.007
44.857091665267944,-0.0892,-0.0002,0.1487,0.0152,-4.5449,-0.0
44.85721683502197,-0.0892,-0.0001,0.1484,-0.0057,-4.5458,-0.009
44.85733985900879,-0.0893,-0.0002,0.1486,0.0266,-4.5467,0.0039
44.98574900627136,-0.0893,-0.0001,0.1489,0.0171,-4.5476,0.0129
44.985962867736816,-0.0892,0.0001,0.1488,0.0027,-4.5485,0.0114
44.9861056804657,-0.0892,0.0002,0.149,0.0187,-4.5494,0.022
44.986228942871094,-0.0892,0.0003,0.1492,-0.0115,-4.5503,0.0138
44.98634886741638,-0.0892,0.0004,0.1488,-0.0065,-4.5512,0.006
44.98646783828735,-0.0892,0.0003,0.1488,-0.0004,-4.552,0.0021
44.986586809158325,-0.0892,0.0002,0.1487,-0.0021,-4.5529,-0.0037
44.9867057800293,-0.0892,0.0001,0.1485,-0.0087,-4.5538,-0.0155
44.98682689666748,-0.0892,-0.0001,0.1483,-0.0024,-4.5547,-0.0251
44.98694705963135,-0.0892,-0.0003,0.1483,-0.0064,-4.5556,-0.0379
44.98706889152527,-0.0893,-0.0006,0.1479,-0.0201,-4.5565,-0.0624
44.987186908721924,-0.0893,-0.001,0.1477,0.0046,-4.5574,-0.073
44.987305879592896,-0.0893,-0.0014,0.1482,0.026,-4.5583,-0.067
45.11728382110596,-0.0893,-0.0016,0.1483,0.0175,-4.5592,-0.0656
45.1174750328064,-0.0893,-0.0018,0.1476,0.0307,-4.5601,-0.0611
45.117613077163696,-0.0894,-0.0018,0.1492,0.1715,-4.561,0.0458
45.11773896217346,-0.0893,-0.0008,0.1506,0.0132,-4.5619,0.0602
45.11785888671875,-0.0893,-0.0,0.1498,0.0195,-4.5628,0.0738
45.11797285079956,-0.0893,0.0007,0.151,0.0401,-4.5637,0.1092
45.1180899143219,-0.0893,0.0016,0.1504,-0.0696,-4.5645,0.0699
45.118207931518555,-0.0892,0.0018,0.1497,-0.0602,-4.5654,0.0317
45.118326902389526,-0.0892,0.0016,0.1489,-0.0682,-4.5663,-0.0181
45.11844873428345,-0.0892,0.0009,0.1482,-0.0409,-4.5672,-0.0557
45.11859583854675,-0.0893,0.0001,0.1479,0.0338,-4.5681,-0.0479
45.11872482299805,-0.0893,-0.0004,0.1486,0.0338,-4.569,-0.0357
45.11885094642639,-0.0893,-0.0006,0.1484,0.0095,-4.5699,-0.0411
45.247830867767334,-0.0893,-0.0008,0.1486,0.0557,-4.5708,-0.0153
45.248042821884155,-0.0893,-0.0007,0.1493,0.0397,-4.5717,0.005
45.2481689453125,-0.0893,-0.0005,0.1495,0.0384,-4.5726,0.0258
45.248291015625,-0.0893,-0.0001,0.1499,0.0399,-4.5735,0.0503
45.24840688705444,-0.0893,0.0004,0.1501,0.0022,-4.5744,0.0524
45.24852180480957,-0.0893,0.0008,0.1503,0.0051,-4.5753,0.0578
45.248636960983276,-0.0892,0.0011,0.1503,0.0008,-4.5762,0.0606
45.248753786087036,-0.0892,0.0014,0.1503,-0.0098,-4.577,0.0565
45.248870849609375,-0.0892,0.0015,0.1505,-0.0398,-4.5779,0.0343
45.248987913131714,-0.0892,0.0014,0.1495,-0.0983,-4.5788,-0.0333
45.24911880493164,-0.0892,0.0007,0.1489,-0.0205,-4.5797,-0.0558
45.24925494194031,-0.0892,-0.0001,0.1488,-0.0293,-4.5806,-0.0853
45.249387979507446,-0.0892,-0.0009,0.1479,-0.0433,-4.5815,-0.1309
45.39013671875,-0.0893,-0.0019,0.1475,0.0685,-4.5824,-0.1079
45.39035487174988,-0.0893,-0.0024,0.1481,0.1254,-4.5833,-0.0444
45.390480756759644,-0.0893,-0.0021,0.15,0.1462,-4.5842,0.0461
45.39060878753662,-0.0893,-0.001,0.1512,0.0288,-4.5851,0.0696
45.39073300361633,-0.0893,-0.0,0.151,-0.0619,-4.586,0.0339
45.39085388183594,-0.0893,0.0003,0.1505,-0.025,-4.5869,0.0183
45.39097189903259,-0.0893,0.0004,0.1503,-0.0101,-4.5878,0.0106
45.391103982925415,-0.0893,0.0004,0.1497,-0.0347,-4.5887,-0.0175
45.39125990867615,-0.0893,0.0001,0.1495,0.0322,-4.5895,-0.0038
45.3913779258728,-0.0893,0.0,0.1502,0.0226,-4.5904,0.0081
45.391536712646484,-0.0893,0.0001,0.1499,-0.0191,-4.5913,-0.009
45.391666889190674,-0.0893,-0.0,0.1498,0.0215,-4.5922,-0.0009
45.391814947128296,-0.0893,-0.0,0.1502,0.0163,-4.5931,0.0068
45.3919358253479,-0.0893,0.0001,0.1502,-0.0101,-4.594,-0.0029
45.52097201347351,-0.0893,0.0,0.15,-0.0074,-4.5949,-0.0124
45.5211398601532,-0.0893,-0.0001,0.1498,0.0067,-4.5958,-0.0146
45.521267890930176,-0.0893,-0.0002,0.1501,-0.0145,-4.5967,-0.0286
45.52139067649841,-0.0893,-0.0004,0.1497,-0.0082,-4.5976,-0.0418
45.52151083946228,-0.0893,-0.0007,0.1498,-0.0012,-4.5985,-0.05
45.521639823913574,-0.0893,-0.001,0.1496,-0.0141,-4.5994,-0.0684
45.52176094055176,-0.0894,-0.0014,0.1496,-0.0127,-4.6003,-0.0863
45.52188277244568,-0.0894,-0.0018,0.1497,0.036,-4.6012,-0.0729
45.52199983596802,-0.0894,-0.002,0.1502,0.0292,-4.602,-0.0602
45.522116899490356,-0.0894,-0.002,0.1503,0.094,-4.6029,-0.0057
45.52223086357117,-0.0894,-0.0014,0.1522,0.1197,-4.6038,0.0793
45.52235174179077,-0.0894,-0.0002,0.1527,0.0214,-4.6047,0.1052
45.52247190475464,-0.0894,0.0009,0.1527,0.0167,-4.6056,0.1285
45.650956869125366,-0.0893,0.0019,0.153,-0.0271,-4.6065,0.1261
45.651126861572266,-0.0893,0.0025,0.1529,-0.1132,-4.6074,0.0674
45.65126395225525,-0.0893,0.0024,0.151,-0.1281,-4.6083,-0.0144
45.651395082473755,-0.0893,0.0016,0.1506,-0.0034,-4.6092,-0.0194
45.651514768600464,-0.0893,0.0009,0.1509,-0.064,-4.6101,-0.0623
45.651638984680176,-0.0893,0.0,0.149,-0.1331,-4.611,-0.164
45.651758670806885,-0.0894,-0.0016,0.1478,0.0266,-4.6119,-0.1726
45.651877880096436,-0.0894,-0.0028,0.149,0.0849,-4.6128,-0.1354
45.65199589729309,-0.0895,-0.0033,0.1494,0.1669,-4.6137,-0.0435
45.652111768722534,-0.0895,-0.0027,0.1525,0.2004,-4.6146,0.093
45.65222764015198,-0.0894,-0.001,0.1532,0.0199,-4.6155,0.1182
45.65234184265137,-0.0894,0.0005,0.1532,0.0957,-4.6163,0.1937
45.652464866638184,-0.0893,0.0022,0.1545,-0.0123,-4.6172,0.2093
45.781508684158325,-0.0893,0.0036,0.1526,-0.2248,-4.6181,0.0751
45.78168988227844,-0.0892,0.0032,0.1497,-0.2001,-4.619,-0.0644
45.781829833984375,-0.0893,0.0016,0.1477,-0.071,-4.6199,-0.1361
45.78195881843567,-0.0893,-0.0002,0.148,0.118,-4.6208,-0.085
45.7820930480957,-0.0893,-0.001,0.1496,0.0854,-4.6217,-0.0443
45.782214879989624,-0.0894,-0.0011,0.1499,0.0764,-4.6226,-0.0075
45.78233289718628,-0.0894,-0.0008,0.1513,0.1411,-4.6235,0.0808
45.78245401382446,-0.0893,0.0002,0.1527,0.032,-4.6244,0.1096
45.782572984695435,-0.0893,0.0012,0.152,-0.0612,-4.6253,0.0731
45.782686948776245,-0.0893,0.0016,0.1517,0.0179,-4.6262,0.0859
45.782803773880005,-0.0892,0.0019,0.152,-0.0066,-4.6271,0.0851
45.782930850982666,-0.0892,0.0022,0.1511,-0.1378,-4.628,-0.0071
45.78306484222412,-0.0892,0.0015,0.1492,-0.0679,-4.6288,-0.0681
45.91374897956848,-0.0892,0.0004,0.1489,0.0016,-4.6297,-0.0875
45.91393184661865,-0.0893,-0.0006,0.1489,0.0425,-4.6306,-0.081
45.91406273841858,-0.0893,-0.0012,0.1496,0.0593,-4.6315,-0.0597
45.91418695449829,-0.0893,-0.0014,0.1498,0.0443,-4.6324,-0.0468
45.914304971694946,-0.0893,-0.0015,0.1505,0.1149,-4.6333,0.0163
45.91442680358887,-0.0893,-0.0009,0.1514,0.0696,-4.6342,0.0572
45.91455388069153,-0.0893,-0.0,0.152,0.035,-4.6351,0.0803
45.91467595100403,-0.0893,0.0008,0.1522,-0.0012,-4.636,0.0813
45.914793968200684,-0.0892,0.0013,0.1518,-0.0053,-4.6369,0.0774
45.91491198539734,-0.0892,0.0017,0.1515,-0.0067,-4.6378,0.0701
45.915030002593994,-0.0892,0.0019,0.1516,-0.0804,-4.6387,0.0162
45.915148973464966,-0.0892,0.0015,0.15,-0.0992,-4.6396,-0.0618
45.915268898010254,-0.0892,0.0004,0.1494,-0.0087,-4.6405,-0.0868
45.915387868881226,-0.0892,-0.0006,0.1493,0.0111,-4.6413,-0.1001
46.04633688926697,-0.0893,-0.0014,0.1497,0.0645,-4.6422,-0.0772
46.04655385017395,-0.0893,-0.0017,0.1505,0.0548,-4.6431,-0.0553
46.04670286178589,-0.0893,-0.0017,0.151,0.1176,-4.644,0.0109
46.04682993888855,-0.0893,-0.0011,0.1525,0.1049,-4.6449,0.0796
46.046958684921265,-0.0893,0.0,0.1532,0.0312,-4.6458,0.1061
46.04708981513977,-0.0893,0.001,0.1532,-0.0142,-4.6467,0.1042
46.047207832336426,-0.0892,0.0017,0.1529,-0.0113,-4.6476,0.1023
46.047324895858765,-0.0892,0.0022,0.1531,-0.0716,-4.6485,0.0631
46.04744791984558,-0.0892,0.0022,0.1516,-0.1521,-4.6494,-0.0396
46.047566652297974,-0.0892,0.0011,0.1501,-0.0241,-4.6503,-0.0708
46.04770088195801,-0.0892,0.0001,0.1504,0.1037,-4.6512,-0.018
46.047847747802734,-0.0892,-0.0001,0.1515,0.0669,-4.6521,0.0186
46.0479679107666,-0.0892,0.0001,0.1517,0.0226,-4.6529,0.0273
46.17847180366516,-0.0892,0.0003,0.1522,0.0475,-4.6538,0.0558
46.17863988876343,-0.0892,0.0008,0.1523,-0.0028,-4.6547,0.053
46.17876577377319,-0.0892,0.0011,0.1521,0.0016,-4.6556,0.0514
46.17888784408569,-0.0891,0.0012,0.1522,-0.0105,-4.6565,0.0425
46.179006814956665,-0.0891,0.0013,0.1519,-0.0064,-4.6574,0.0343
46.179126024246216,-0.0891,0.0012,0.1516,-0.0029,-4.6583,0.0257
46.17924404144287,-0.0891,0.0011,0.1517,-0.0185,-4.6592,0.0075
46.17936301231384,-0.0891,0.0009,0.1513,-0.0334,-4.6601,-0.0237
46.179484844207764,-0.0891,0.0004,0.1507,-0.0313,-4.661,-0.0582
46.179606914520264,-0.0891,-0.0003,0.1506,-0.0413,-4.6619,-0.101
46.179728746414185,-0.0892,-0.0012,0.1499,-0.0526,-4.6628,-0.1566
46.17984986305237,-0.0892,-0.0024,0.1491,-0.0178,-4.6636,-0.1967
46.17996788024902,-0.0893,-0.0036,0.1484,0.1165,-4.6645,-0.1558
46.30932879447937,-0.0893,-0.004,0.1503,0.2622,-4.6654,-0.0073
46.30952191352844,-0.0893,-0.0029,0.1528,0.1814,-4.6663,0.1071
46.309653997421265,-0.0893,-0.001,0.1538,-0.0493,-4.6672,0.0807
46.309770822525024,-0.0893,0.0001,0.1526,-0.0896,-4.6681,0.02
46.309900999069214,-0.0893,0.0003,0.1522,0.003,-4.669,0.0164
46.31002068519592,-0.0893,0.0003,0.1521,-0.0161,-4.6699,-0.0006
46.31013488769531,-0.0893,0.0002,0.1518,0.0191,-4.6708,0.0029
46.31024885177612,-0.0893,0.0002,0.1522,0.0302,-4.6717,0.0161
46.31036067008972,-0.0893,0.0003,0.1522,0.005,-4.6726,0.0131
46.31047487258911,-0.0893,0.0003,0.1526,0.004,-4.6735,0.0123
46.31059193611145,-0.0892,0.0004,0.1526,-0.0202,-4.6744,-0.0046
46.310733795166016,-0.0892,0.0002,0.1523,-0.0004,-4.6752,-0.0112
46.31086087226868,-0.0893,0.0,0.1522,-0.0009,-4.6761,-0.0189
46.440494775772095,-0.0893,-0.0002,0.152,-0.0185,-4.677,-0.04
46.44066882133484,-0.0893,-0.0005,0.1517,-0.0044,-4.6779,-0.0549
46.44080185890198,-0.0893,-0.0009,0.1516,0.0099,-4.6788,-0.0614
46.44092273712158,-0.0893,-0.0012,0.1517,0.0364,-4.6797,-0.0506
46.44104075431824,-0.0893,-0.0013,0.1521,0.0362,-4.6806,-0.0374
46.44116973876953,-0.0893,-0.0013,0.1522,0.013,-4.6815,-0.0386
46.44128894805908,-0.0894,-0.0013,0.1522,0.037,-4.6824,-0.0241
46.441412687301636,-0.0894,-0.0011,0.1527,0.0405,-4.6833,-0.0039
46.441534996032715,-0.0894,-0.0008,0.1528,0.0805,-4.6842,0.0426
46.441648721694946,-0.0893,-0.0002,0.1542,0.106,-4.6851,0.1157
46.44176983833313,-0.0893,0.001,0.1546,0.0118,-4.686,0.1318
46.441890001297,-0.0893,0.002,0.1547,0.0288,-4.6869,0.1598
46.44202494621277,-0.0892,0.003,0.1553,-0.0018,-4.6878,0.1728
46.57072591781616,-0.0892,0.0038,0.1547,-0.1283,-4.6886,0.1001
46.57090997695923,-0.0891,0.0036,0.1531,-0.1678,-4.6895,-0.0099
46.57104992866516,-0.0891,0.0024,0.151,-0.11,-4.6904,-0.0982
46.57116985321045,-0.0892,0.0007,0.1507,0.0707,-4.6913,-0.0732
46.57128882408142,-0.0892,-0.0002,0.152,0.0906,-4.6922,-0.0273
46.57141184806824,-0.0892,-0.0004,0.1524,0.0316,-4.6931,-0.0168
46.571528911590576,-0.0892,-0.0004,0.1529,0.048,-4.694,0.0076
46.57164478302002,-0.0892,-0.0002,0.1532,0.002,-4.6949,0.0046
46.57176494598389,-0.0892,-0.0001,0.1531,-0.0064,-4.6958,-0.005
46.57188606262207,-0.0892,-0.0001,0.1531,-0.0157,-4.6967,-0.021
46.57200384140015,-0.0892,-0.0003,0.153,-0.0243,-4.6976,-0.0434
46.572123765945435,-0.0892,-0.0006,0.1526,-0.0234,-4.6985,-0.0687
46.57226085662842,-0.0892,-0.0011,0.1523,-0.015,-4.6993,-0.0909
46.712944746017456,-0.0893,-0.0017,0.1521,0.007,-4.7002,-0.101
46.71312189102173,-0.0893,-0.0022,0.1524,0.0404,-4.7011,-0.088
46.713249921798706,-0.0893,-0.0024,0.1528,0.0276,-4.702,-0.0809
46.7133686542511,-0.0894,-0.0024,0.1534,0.1782,-4.7029,0.0275
46.713488817214966,-0.0893,-0.0014,0.1554,0.1112,-4.7038,0.1079
46.71360898017883,-0.0893,0.0,0.1558,-0.0167,-4.7047,0.1092
46.713724851608276,-0.0893,0.0011,0.155,-0.0568,-4.7056,0.0795
46.71384072303772,-0.0893,0.0015,0.1553,-0.0333,-4.7065,0.0667
46.713958740234375,-0.0892,0.0017,0.1543,-0.1386,-4.7074,-0.0209
46.714077949523926,-0.0892,0.001,0.1525,-0.0766,-4.7083,-0.082
46.7141969203949,-0.0893,-0.0001,0.1524,0.0684,-4.7092,-0.0515
46.714313983917236,-0.0893,-0.0006,0.1533,0.0548,-4.7101,-0.0235
46.71443200111389,-0.0893,-0.0006,0.1533,0.0163,-4.711,-0.0209
46.71456694602966,-0.0893,-0.0006,0.1535,0.0631,-4.7118,0.0137
46.71468377113342,-0.0893,-0.0003,0.1545,0.0496,-4.7127,0.0466
46.84381580352783,-0.0893,0.0002,0.1542,-0.0243,-4.7136,0.0298
46.84402394294739,-0.0893,0.0005,0.1538,0.0194,-4.7145,0.0383
46.84415578842163,-0.0893,0.0007,0.1544,0.0092,-4.7154,0.0445
46.844273805618286,-0.0892,0.0009,0.1541,-0.0373,-4.7163,0.0184
46.84440088272095,-0.0892,0.0008,0.1539,-0.0033,-4.7172,0.0124
46.84451508522034,-0.0892,0.0007,0.1539,0.0022,-4.7181,0.0094
46.84463381767273,-0.0892,0.0006,0.1536,-0.0171,-4.719,-0.0083
46.84474968910217,-0.0892,0.0003,0.1532,0.0039,-4.7199,-0.0152
46.84486389160156,-0.0892,0.0001,0.1536,0.037,-4.7208,0.0013
46.84498572349548,-0.0892,0.0001,0.1538,0.0014,-4.7217,-0.0037
46.845104932785034,-0.0892,0.0,0.1536,-0.0146,-4.7226,-0.021
46.84525108337402,-0.0892,-0.0002,0.1535,-0.0062,-4.7234,-0.0341
46.84539484977722,-0.0893,-0.0005,0.1531,-0.0233,-4.7243,-0.0611
46.97552466392517,-0.0893,-0.0009,0.1531,-0.0121,-4.7252,-0.0816
46.975703954696655,-0.0893,-0.0014,0.1529,-0.0193,-4.7261,-0.1086
46.97583270072937,-0.0893,-0.0021,0.1526,0.0074,-4.727,-0.1211
46.97595286369324,-0.0894,-0.0026,0.1528,0.054,-4.7279,-0.1024
46.97608494758606,-0.0894,-0.0028,0.1534,0.1016,-4.7288,-0.0493
46.9762020111084,-0.0894,-0.0025,0.1548,0.1057,-4.7297,0.0165
46.976316928863525,-0.0894,-0.0016,0.1554,0.0413,-4.7306,0.0454
46.97642993927002,-0.0894,-0.0007,0.1556,0.0888,-4.7315,0.1068
46.976542949676514,-0.0894,0.0006,0.1571,0.1205,-4.7324,0.2002
46.976656913757324,-0.0893,0.0024,0.1577,-0.0246,-4.7333,0.2052
46.976770877838135,-0.0892,0.0037,0.1575,-0.1636,-4.7342,0.1195
46.976892948150635,-0.0892,0.0037,0.155,-0.2567,-4.7351,-0.0446
46.97702693939209,-0.0892,0.0022,0.1522,-0.1195,-4.736,-0.1414
47.107133865356445,-0.0893,0.0001,0.1515,0.0956,-4.7368,-0.1053
47.1073100566864,-0.0893,-0.0009,0.1531,0.1121,-4.7377,-0.048
47.10743689537048,-0.0893,-0.0011,0.1533,0.0922,-4.7386,-0.0025
47.1075599193573,-0.0893,-0.0008,0.1548,0.1633,-4.7395,0.0994
47.10767483711243,-0.0893,0.0004,0.1566,0.042,-4.7404,0.1364
47.10780477523804,-0.0892,0.0016,0.1556,-0.059,-4.7413,0.102
47.107919692993164,-0.0892,0.0021,0.1555,0.0151,-4.7422,0.1145
47.1080367565155,-0.0892,0.0026,0.156,-0.1117,-4.7431,0.0489
47.108155727386475,-0.0891,0.0023,0.1534,-0.1644,-4.744,-0.0695
47.10827088356018,-0.0892,0.0009,0.1522,0.0639,-4.7449,-0.0504
47.10839796066284,-0.0892,0.0002,0.1545,0.1594,-4.7458,0.0467
47.10852670669556,-0.0892,0.0006,0.1552,0.0251,-4.7467,0.0617
47.108656883239746,-0.0891,0.001,0.155,-0.002,-4.7476,0.0577
47.23794388771057,-0.0891,0.0013,0.1554,-0.0004,-4.7484,0.0581
47.2381157875061,-0.0891,0.0014,0.1553,-0.0329,-4.7493,0.0362
47.238285779953,-0.0891,0.0014,0.1549,-0.0315,-4.7502,0.0122
47.238430976867676,-0.0891,0.0011,0.1545,-0.0109,-4.7511,-0.0014
47.238566875457764,-0.0891,0.0007,0.1545,0.027,-4.752,0.0085
47.238685846328735,-0.0891,0.0006,0.155,0.0423,-4.7529,0.0321
47.238799810409546,-0.0891,0.0007,0.1551,0.0274,-4.7538,0.0462
47.238914012908936,-0.0891,0.001,0.1552,0.0351,-4.7547,0.066
47.23902678489685,-0.089,0.0013,0.1553,0.0417,-4.7556,0.0914
47.23914074897766,-0.089,0.0018,0.1556,0.0264,-4.7565,0.1092
47.239274978637695,-0.089,0.0023,0.1557,-0.0311,-4.7573,0.0903
47.23939394950867,-0.089,0.0025,0.1562,-0.043,-4.7582,0.0669
47.239553928375244,-0.0889,0.0024,0.155,-0.1482,-4.7591,-0.0328
47.36947298049927,-0.0889,0.0014,0.1534,-0.0831,-4.76,-0.1027
47.36965489387512,-0.089,-0.0,0.153,0.0489,-4.7609,-0.0914
47.369783878326416,-0.089,-0.0009,0.1537,0.0512,-4.7618,-0.0747
47.369905948638916,-0.089,-0.0014,0.1538,0.0195,-4.7627,-0.0781
47.37002491950989,-0.0891,-0.0017,0.1546,0.1217,-4.7636,-0.0103
47.37015080451965,-0.0891,-0.0013,0.156,0.0878,-4.7645,0.0456
47.37026882171631,-0.089,-0.0005,0.1564,0.0054,-4.7654,0.0519
47.37038493156433,-0.089,0.0002,0.1561,-0.0209,-4.7662,0.0393
47.37049984931946,-0.089,0.0005,0.1561,-0.0049,-4.7671,0.0366
47.37062883377075,-0.089,0.0007,0.1559,-0.0307,-4.768,0.0162
47.37075400352478,-0.089,0.0007,0.1554,-0.0359,-4.7689,-0.0119
47.37088894844055,-0.089,0.0003,0.155,-0.0094,-4.7698,-0.0258
47.37100791931152,-0.089,-0.0,0.155,0.0219,-4.7707,-0.0203
47.50125288963318,-0.089,-0.0002,0.1552,0.0146,-4.7716,-0.0179
47.50142788887024,-0.089,-0.0003,0.1551,0.002,-4.7725,-0.0247
47.50155687332153,-0.089,-0.0005,0.1554,0.0421,-4.7734,-0.004
47.501675844192505,-0.089,-0.0004,0.1557,0.019,-4.7743,0.0038
47.50179386138916,-0.089,-0.0002,0.1558,0.0276,-4.7752,0.0177
47.501911878585815,-0.089,0.0,0.156,0.0471,-4.776,0.046
47.50202703475952,-0.089,0.0005,0.1566,0.0258,-4.7769,0.0644
47.50214076042175,-0.089,0.001,0.1566,0.0291,-4.7778,0.0853
47.50225567817688,-0.089,0.0015,0.157,0.0377,-4.7787,0.1149
47.502371072769165,-0.0889,0.0022,0.1573,-0.0121,-4.7796,0.115
47.50248694419861,-0.0889,0.0026,0.1573,-0.1269,-4.7805,0.0409
47.50261402130127,-0.0889,0.0022,0.1546,-0.1404,-4.7814,-0.0616
47.50273370742798,-0.0889,0.001,0.1539,0.0352,-4.7823,-0.0569
47.634037017822266,-0.0889,0.0001,0.1548,0.0876,-4.7832,-0.0127
47.63421177864075,-0.0889,-0.0,0.1554,0.0496,-4.784,0.0111
47.634336948394775,-0.0889,0.0001,0.1556,0.0479,-4.7849,0.0347
47.63445782661438,-0.0889,0.0004,0.1561,0.01,-4.7858,0.0374
47.63457465171814,-0.0889,0.0006,0.1559,-0.0061,-4.7867,0.0283
47.63470101356506,-0.0889,0.0007,0.1559,0.0314,-4.7876,0.0438
47.634819746017456,-0.0889,0.0009,0.1563,-0.003,-4.7885,0.0396
47.63493776321411,-0.0888,0.001,0.156,-0.0195,-4.7894,0.0227
47.635058879852295,-0.0888,0.0009,0.1561,0.0067,-4.7903,0.0227
47.63517785072327,-0.0888,0.0009,0.1562,-0.0149,-4.7912,0.0094
47.63530898094177,-0.0888,0.0007,0.1558,-0.0178,-4.792,-0.0088
47.63544297218323,-0.0888,0.0004,0.1556,0.0087,-4.7929,-0.0121
47.63557505607605,-0.0888,0.0002,0.1558,0.0192,-4.7938,-0.0074
47.635704040527344,-0.0888,0.0,0.1559,0.0027,-4.7947,-0.0125
47.766286849975586,-0.0888,-0.0001,0.1559,0.018,-4.7956,-0.0086
47.76645874977112,-0.0888,-0.0001,0.1561,0.0292,-4.7965,0.0039
47.766584634780884,-0.0888,-0.0001,0.1563,0.0175,-4.7974,0.0104
47.7667019367218,-0.0888,0.0001,0.1564,0.0088,-4.7983,0.0115
47.766818046569824,-0.0888,0.0002,0.1567,0.0326,-4.7991,0.0302
47.76694393157959,-0.0888,0.0004,0.1569,0.0226,-4.8,0.0439
47.76706099510193,-0.0888,0.0007,0.157,0.0234,-4.8009,0.0588
47.7671799659729,-0.0888,0.0011,0.1573,0.0327,-4.8018,0.082
47.767295837402344,-0.0888,0.0015,0.1575,0.0059,-4.8027,0.0895
47.7674298286438,-0.0887,0.002,0.1571,-0.0174,-4.8036,0.079
47.76755976676941,-0.0887,0.0021,0.1576,-0.0571,-4.8045,0.0464
47.767683029174805,-0.0887,0.002,0.1558,-0.1462,-4.8054,-0.0574
47.76780700683594,-0.0887,0.0008,0.1547,-0.031,-4.8062,-0.0949
47.90143895149231,-0.0887,-0.0004,0.1546,0.0367,-4.8071,-0.0904
47.901623010635376,-0.0888,-0.0011,0.155,0.0431,-4.808,-0.0801
47.90175199508667,-0.0888,-0.0016,0.1553,0.0363,-4.8089,-0.0726
47.901877880096436,-0.0888,-0.0018,0.156,0.1016,-4.8098,-0.0182
47.9019980430603,-0.0888,-0.0014,0.1569,0.0725,-4.8107,0.0245
47.90213179588318,-0.0888,-0.0008,0.1573,0.0098,-4.8116,0.0293
47.90225577354431,-0.0888,-0.0003,0.157,-0.0073,-4.8125,0.0209
47.90237092971802,-0.0888,0.0,0.1572,0.0268,-4.8134,0.0362
47.902490854263306,-0.0888,0.0004,0.1572,-0.0163,-4.8142,0.0235
47.90261673927307,-0.0888,0.0005,0.1566,-0.0174,-4.8151,0.0062
47.90273094177246,-0.0888,0.0004,0.1566,0.0048,-4.816,0.0028
47.90284991264343,-0.0888,0.0003,0.1565,-0.0087,-4.8169,-0.0102
47.90298390388489,-0.0888,0.0001,0.1562,0.0083,-4.8178,-0.0148
47.919535875320435,-0.0888,-0.0001,0.1566,0.0322,-4.8187,-0.0016
47.919682025909424,-0.0888,-0.0001,0.1566,0.003,-4.8196,-0.0073
48.066241979599,-0.0888,-0.0001,0.1564,0.0108,-4.8205,-0.01
48.06641983985901,-0.0888,-0.0002,0.1566,0.0242,-4.8213,-0.0026
48.06655263900757,-0.0888,-0.0001,0.1567,0.0154,-4.8222,-0.0004
48.06667494773865,-0.0888,-0.0001,0.1566,0.0115,-4.8231,-0.0011
48.06679391860962,-0.0888,-0.0001,0.1568,0.028,-4.824,0.01
48.06690788269043,-0.0888,0.0,0.1571,0.0299,-4.8249,0.0241
48.06702184677124,-0.0888,0.0003,0.1575,0.014,-4.8258,0.0306
48.067147970199585,-0.0888,0.0005,0.1576,0.0263,-4.8267,0.0455
48.0672607421875,-0.0888,0.0008,0.158,0.0359,-4.8276,0.0699
48.067375898361206,-0.0887,0.0012,0.1581,0.0175,-4.8284,0.0829
48.06749105453491,-0.0887,0.0017,0.1583,0.0425,-4.8293,0.114
48.06761193275452,-0.0887,0.0023,0.1584,-0.0131,-4.8302,0.1099
48.06772994995117,-0.0886,0.0027,0.1587,-0.056,-4.8311,0.08
48.0678436756134,-0.0886,0.0026,0.1572,-0.0896,-4.832,0.0176
48.06795907020569,-0.0886,0.002,0.1568,-0.0098,-4.8329,0.0038
48.2023389339447,-0.0886,0.0015,0.1568,-0.0314,-4.8338,-0.0248
48.20251274108887,-0.0886,0.0008,0.1558,-0.0851,-4.8347,-0.096
48.20263981819153,-0.0887,-0.0004,0.155,0.0152,-4.8355,-0.1091
48.202759742736816,-0.0887,-0.0013,0.1558,0.0449,-4.8364,-0.098
48.202882051467896,-0.0887,-0.0019,0.1558,-0.0065,-4.8373,-0.1211
48.203025817871094,-0.0888,-0.0025,0.1554,0.0413,-4.8382,-0.1165
48.20316290855408,-0.0888,-0.0029,0.157,0.167,-4.8391,-0.0196
48.203282833099365,-0.0888,-0.0022,0.158,0.0577,-4.84,0.0137
48.20340180397034,-0.0888,-0.0014,0.1581,0.0717,-4.8409,0.0571
48.20352792739868,-0.0888,-0.0004,0.1595,0.0862,-4.8418,0.1205
48.20364475250244,-0.0887,0.0009,0.1596,-0.0273,-4.8426,0.1124
48.20375990867615,-0.0887,0.0017,0.159,-0.0021,-4.8435,0.1163
48.20387387275696,-0.0887,0.0023,0.1593,0.012,-4.8444,0.132
48.203993797302246,-0.0886,0.0029,0.1587,-0.1316,-4.8453,0.0506
48.21948003768921,-0.0886,0.0025,0.1568,-0.0674,-4.8462,-0.0034
48.35907769203186,-0.0886,0.0017,0.157,-0.0078,-4.8471,-0.0183
48.359277963638306,-0.0886,0.001,0.1565,-0.0564,-4.848,-0.0687
48.35941672325134,-0.0886,0.0001,0.156,0.0268,-4.8488,-0.0698
48.359540939331055,-0.0887,-0.0006,0.1568,0.0444,-4.8497,-0.0542
48.359673738479614,-0.0887,-0.001,0.1567,-0.0066,-4.8506,-0.0731
48.3597948551178,-0.0887,-0.0014,0.1569,0.0449,-4.8515,-0.0576
48.35991597175598,-0.0887,-0.0015,0.1575,0.0489,-4.8524,-0.0359
48.36003494262695,-0.0887,-0.0014,0.1575,0.0615,-4.8533,-0.0059
48.360153675079346,-0.0887,-0.0011,0.1584,0.0822,-4.8542,0.0444
48.36028289794922,-0.0887,-0.0003,0.1589,0.0267,-4.8551,0.0624
48.36040186882019,-0.0887,0.0004,0.1591,0.042,-4.8559,0.0919
48.36054873466492,-0.0887,0.0012,0.1595,0.0247,-4.8568,0.1137
48.36068606376648,-0.0886,0.0019,0.1593,-0.0321,-4.8577,0.0975
48.3608078956604,-0.0886,0.0023,0.1598,-0.0099,-4.8586,0.0992
48.494690895080566,-0.0886,0.0026,0.159,-0.1092,-4.8595,0.0312
48.49487900733948,-0.0886,0.0021,0.1579,-0.0222,-4.8604,0.0109
48.49501991271973,-0.0886,0.0016,0.1585,0.0323,-4.8613,0.0292
48.495157957077026,-0.0885,0.0014,0.1583,-0.0804,-4.8621,-0.0266
48.495277881622314,-0.0886,0.0007,0.157,-0.0955,-4.863,-0.102
48.49540090560913,-0.0886,-0.0005,0.1565,0.0401,-4.8639,-0.0948
48.4955198764801,-0.0886,-0.0013,0.1574,0.0476,-4.8648,-0.077
48.49565386772156,-0.0886,-0.0016,0.1572,-0.003,-4.8657,-0.0939
48.495773792266846,-0.0887,-0.0021,0.1573,0.0424,-4.8666,-0.0809
48.4958918094635,-0.0887,-0.0022,0.1584,0.1297,-4.8675,-0.004
48.496020793914795,-0.0887,-0.0016,0.1595,0.032,-4.8683,0.0176
48.496137857437134,-0.0887,-0.001,0.1593,0.0066,-4.8692,0.022
48.496253967285156,-0.0887,-0.0005,0.1595,0.0222,-4.8701,0.0379
48.496381759643555,-0.0887,0.0001,0.1597,0.012,-4.871,0.0487
48.63092875480652,-0.0887,0.0005,0.1596,-0.0191,-4.8719,0.0385
48.63111186027527,-0.0886,0.0007,0.1593,-0.0037,-4.8728,0.0362
48.631237745285034,-0.0886,0.0009,0.1595,0.0016,-4.8737,0.0392
48.6313579082489,-0.0886,0.001,0.1592,-0.0155,-4.8746,0.0285
48.63147592544556,-0.0886,0.001,0.1588,-0.001,-4.8754,0.0239
48.631598711013794,-0.0886,0.0009,0.1588,0.002,-4.8763,0.021
48.63171672821045,-0.0886,0.0008,0.1584,-0.0138,-4.8772,0.0048
48.63183379173279,-0.0886,0.0006,0.158,-0.0048,-4.8781,-0.0083
48.631953954696655,-0.0886,0.0004,0.1579,-0.0105,-4.879,-0.0261
48.632070779800415,-0.0886,0.0,0.1578,-0.0062,-4.8799,-0.0424
48.63219499588013,-0.0886,-0.0004,0.1577,0.0222,-4.8808,-0.0415
48.63232374191284,-0.0886,-0.0007,0.1581,0.0132,-4.8816,-0.044
48.63244700431824,-0.0886,-0.0009,0.158,0.0083,-4.8825,-0.0509
48.76715278625488,-0.0887,-0.0011,0.1584,0.027,-4.8834,-0.0435
48.7673180103302,-0.0887,-0.0012,0.1583,0.0212,-4.8843,-0.0407
48.76744294166565,-0.0887,-0.0013,0.1584,0.0154,-4.8852,-0.0407
48.76756572723389,-0.0887,-0.0013,0.1581,0.0576,-4.8861,-0.0158
48.767685890197754,-0.0887,-0.001,0.1594,0.0916,-4.887,0.0397
48.76781678199768,-0.0887,-0.0003,0.1598,-0.0123,-4.8879,0.0312
48.7679328918457,-0.0887,0.0001,0.1594,0.0306,-4.8887,0.0476
48.76804876327515,-0.0887,0.0005,0.1602,0.0745,-4.8896,0.0987
48.768162965774536,-0.0886,0.0013,0.1607,0.0134,-4.8905,0.1143
48.768290996551514,-0.0886,0.002,0.1602,-0.0305,-4.8914,0.098
48.768404960632324,-0.0886,0.0024,0.1604,-0.0377,-4.8923,0.0783
48.76852297782898,-0.0885,0.0024,0.1591,-0.1017,-4.8932,0.0077
48.76866388320923,-0.0885,0.0018,0.1579,-0.0029,-4.8941,-0.0078
48.768802881240845,-0.0885,0.0012,0.1584,0.0717,-4.8949,0.0279
48.90264701843262,-0.0885,0.0011,0.1589,0.0179,-4.8958,0.0319
48.90283679962158,-0.0885,0.0011,0.1588,0.0387,-4.8967,0.0482
48.90296173095703,-0.0885,0.0012,0.1593,0.0692,-4.8976,0.0882
48.90308976173401,-0.0885,0.0017,0.1598,0.0408,-4.8985,0.1135
48.90320587158203,-0.0884,0.0023,0.1599,0.0119,-4.8994,0.1208
48.90332269668579,-0.0884,0.0028,0.1597,-0.0097,-4.9002,0.1129
48.903448820114136,-0.0884,0.0031,0.1593,-0.0891,-4.9011,0.0511
48.903570890426636,-0.0884,0.0026,0.158,-0.1133,-4.902,-0.0364
48.903692960739136,-0.0884,0.0015,0.1573,-0.0306,-4.9029,-0.0765
48.903812885284424,-0.0884,0.0003,0.1575,-0.0479,-4.9038,-0.1268
48.90395998954773,-0.0884,-0.001,0.1565,-0.1031,-4.9047,-0.2212
48.90408968925476,-0.0885,-0.0029,0.1553,0.0653,-4.9056,-0.2172
48.90424704551697,-0.0886,-0.0041,0.1568,0.257,-4.9064,-0.0793
48.90437293052673,-0.0886,-0.0037,0.1597,0.185,-4.9073,0.0328
48.91943979263306,-0.0886,-0.0022,0.1609,-0.0198,-4.9082,0.0217
49.05630898475647,-0.0886,-0.0014,0.1594,-0.084,-4.9091,-0.0414
49.056490898132324,-0.0886,-0.0014,0.159,0.0044,-4.91,-0.0501
49.05663585662842,-0.0886,-0.0014,0.1591,0.0226,-4.9109,-0.0465
49.05676889419556,-0.0886,-0.0015,0.1593,0.013,-4.9118,-0.0481
49.056896924972534,-0.0886,-0.0015,0.1594,0.0154,-4.9126,-0.0477
49.057018756866455,-0.0887,-0.0015,0.1595,0.0318,-4.9135,-0.0361
49.05713772773743,-0.0887,-0.0014,0.1598,0.0449,-4.9144,-0.0136
49.057254791259766,-0.0887,-0.0011,0.16,0.0323,-4.9153,0.0019
49.05737090110779,-0.0887,-0.0008,0.1601,0.0404,-4.9162,0.0234
49.05748677253723,-0.0887,-0.0003,0.1607,0.0525,-4.9171,0.0572
49.05761480331421,-0.0886,0.0003,0.161,0.0115,-4.918,0.0664
49.05774283409119,-0.0886,0.0009,0.161,0.0047,-4.9188,0.072
49.05785584449768,-0.0886,0.0013,0.1611,0.0138,-4.9197,0.0842
49.0579948425293,-0.0886,0.0017,0.1614,0.0162,-4.9206,0.0999
49.204251766204834,-0.0885,0.0022,0.1609,-0.0879,-4.9215,0.045
49.20443797111511,-0.0885,0.002,0.1599,-0.0013,-4.9224,0.0388
49.2045738697052,-0.0885,0.0018,0.1604,0.0074,-4.9233,0.0412
49.20469880104065,-0.0885,0.0016,0.1598,-0.084,-4.9242,-0.0203
49.204821825027466,-0.0885,0.0009,0.159,-0.0515,-4.925,-0.0672
49.204943895339966,-0.0885,0.0,0.1585,-0.0001,-4.9259,-0.0854
49.205065965652466,-0.0886,-0.0008,0.1587,0.0427,-4.9268,-0.075
49.20518493652344,-0.0886,-0.0013,0.1591,0.0415,-4.9277,-0.0627
49.205304861068726,-0.0886,-0.0015,0.1594,0.0332,-4.9286,-0.0541
49.205424785614014,-0.0886,-0.0016,0.1596,0.0861,-4.9295,-0.0104
49.205540895462036,-0.0886,-0.0012,0.1609,0.1158,-4.9304,0.0619
49.20565891265869,-0.0886,-0.0003,0.1616,0.0326,-4.9312,0.0859
49.205771923065186,-0.0886,0.0007,0.1617,0.0311,-4.9321,0.11
49.20588493347168,-0.0885,0.0015,0.1622,0.0055,-4.933,0.1217
49.20599985122681,-0.0885,0.0023,0.1619,-0.0281,-4.9339,0.1101
49.34020185470581,-0.0885,0.0027,0.1614,-0.0975,-4.9348,0.0497
49.34039092063904,-0.0884,0.0023,0.1601,-0.0711,-4.9357,-0.0029
49.34052610397339,-0.0884,0.0016,0.1599,-0.0078,-4.9366,-0.017
49.34065103530884,-0.0885,0.001,0.1597,-0.087,-4.9374,-0.0842
49.34078574180603,-0.0885,-0.0001,0.158,-0.0878,-4.9383,-0.1648
49.3409059047699,-0.0885,-0.0017,0.1576,0.0587,-4.9392,-0.1548
49.341028690338135,-0.0886,-0.0027,0.1587,0.0691,-4.9401,-0.1313
49.341147899627686,-0.0886,-0.0032,0.159,0.1744,-4.941,-0.0381
49.34126377105713,-0.0886,-0.0026,0.162,0.1696,-4.9419,0.0734
49.34138798713684,-0.0886,-0.0011,0.1625,0.0354,-4.9428,0.1026
49.34150195121765,-0.0886,0.0002,0.1628,0.058,-4.9436,0.1491
49.341634035110474,-0.0885,0.0016,0.1634,-0.0042,-4.9445,0.1604
49.341768980026245,-0.0885,0.0027,0.1635,-0.0611,-4.9454,0.1363
49.477075815200806,-0.0884,0.0032,0.1624,-0.1303,-4.9463,0.0597
49.47724008560181,-0.0884,0.0028,0.1614,-0.0902,-4.9472,0.0014
49.477367877960205,-0.0884,0.002,0.1601,-0.0615,-4.9481,-0.0484
49.47748780250549,-0.0884,0.0009,0.1597,0.0569,-4.9489,-0.0254
49.47760367393494,-0.0884,0.0004,0.1607,0.0368,-4.9498,-0.0083
49.47773098945618,-0.0884,0.0002,0.1606,0.015,-4.9507,-0.007
49.47784876823425,-0.0884,0.0001,0.161,0.0806,-4.9516,0.0396
49.47796297073364,-0.0884,0.0004,0.162,0.0637,-4.9525,0.0826
49.47807574272156,-0.0884,0.0011,0.1624,0.0244,-4.9534,0.1035
49.47818899154663,-0.0884,0.0018,0.1625,0.0074,-4.9543,0.1144
49.47831177711487,-0.0883,0.0024,0.1627,0.0071,-4.9551,0.1263
49.478426694869995,-0.0883,0.0029,0.1635,-0.0856,-4.956,0.0845
49.478543758392334,-0.0883,0.0028,0.1618,-0.1881,-4.9569,-0.0365
49.47867798805237,-0.0883,0.0016,0.1601,-0.1099,-4.9578,-0.1197
49.612703800201416,-0.0883,-0.0,0.1592,-0.0818,-4.9587,-0.1924
49.61288285255432,-0.0884,-0.0019,0.1575,-0.0731,-4.9596,-0.2733
49.61301302909851,-0.0885,-0.004,0.1565,0.191,-4.9604,-0.1923
49.61313199996948,-0.0885,-0.0047,0.1599,0.4205,-4.9613,0.0609
49.61325001716614,-0.0885,-0.0027,0.1643,0.2344,-4.9622,0.2263
49.61337375640869,-0.0884,0.0003,0.1654,0.0004,-4.9631,0.2502
49.61350178718567,-0.0884,0.0027,0.1654,-0.1023,-4.964,0.2092
49.613621950149536,-0.0883,0.0039,0.1637,-0.2546,-4.9649,0.0581
49.61374092102051,-0.0883,0.0033,0.1606,-0.2198,-4.9657,-0.0931
49.61388063430786,-0.0883,0.0014,0.1582,-0.1039,-4.9666,-0.1883
49.61399865150452,-0.0884,-0.0009,0.1581,0.0857,-4.9675,-0.1631
49.61413598060608,-0.0884,-0.0022,0.1589,0.0998,-4.9684,-0.1242
49.61427402496338,-0.0885,-0.0027,0.1604,0.2363,-4.9693,0.0132
49.61439371109009,-0.0885,-0.0018,0.163,0.1609,-4.9702,0.1209
49.749289989471436,-0.0884,-0.0001,0.1643,0.0937,-4.971,0.1955
49.749467849731445,-0.0883,0.0019,0.165,0.003,-4.9719,0.2173
49.74959897994995,-0.0883,0.0034,0.1651,-0.1196,-4.9728,0.1616
49.749727964401245,-0.0882,0.004,0.1633,-0.2691,-4.9737,-0.0038
49.74984693527222,-0.0882,0.0027,0.1595,-0.1596,-4.9746,-0.1264
49.74996876716614,-0.0883,0.0007,0.1592,0.1459,-4.9755,-0.0552
49.75008678436279,-0.0883,-0.0001,0.1616,0.1498,-4.9763,0.035
49.75020170211792,-0.0883,0.0003,0.162,0.0312,-4.9772,0.0514
49.75031805038452,-0.0883,0.0007,0.1625,0.0223,-4.9781,0.0656
49.7504358291626,-0.0882,0.0011,0.1624,-0.0397,-4.979,0.0391
49.75055193901062,-0.0882,0.0012,0.1618,-0.0242,-4.9799,0.0186
49.750664949417114,-0.0882,0.001,0.1615,0.0144,-4.9808,0.0201
49.75077772140503,-0.0882,0.0009,0.162,0.0579,-4.9816,0.0533
49.88480305671692,-0.0882,0.0012,0.1626,0.0075,-4.9825,0.0582
49.88497304916382,-0.0882,0.0014,0.1622,-0.0249,-4.9834,0.0389
49.885098934173584,-0.0882,0.0013,0.162,-0.0125,-4.9843,0.0266
49.88521695137024,-0.0882,0.0012,0.1618,-0.0186,-4.9852,0.0085
49.88533592224121,-0.0882,0.0009,0.1615,-0.0274,-4.986,-0.0181
49.885456800460815,-0.0882,0.0005,0.1609,-0.0155,-4.9869,-0.042
49.88557577133179,-0.0882,-0.0001,0.161,0.0644,-4.9878,-0.014
49.88569188117981,-0.0882,-0.0002,0.1618,0.0589,-4.9887,0.0163
49.885804891586304,-0.0882,0.0,0.1621,0.0238,-4.9896,0.0257
49.88591694831848,-0.0882,0.0003,0.1623,0.0573,-4.9905,0.0584
49.88602900505066,-0.0881,0.0008,0.1629,0.0547,-4.9913,0.0938
49.88613986968994,-0.0881,0.0014,0.1633,0.0206,-4.9922,0.11
49.88625979423523,-0.0881,0.0021,0.163,-0.0189,-4.9931,0.0991
49.88637375831604,-0.088,0.0024,0.1642,-0.0387,-4.994,0.0835
50.02121376991272,-0.088,0.0025,0.1626,-0.1933,-4.9949,-0.0432
50.021403789520264,-0.088,0.0013,0.1606,-0.0851,-4.9957,-0.1153
50.021546840667725,-0.0881,-0.0002,0.1602,0.1028,-4.9966,-0.0702
50.02167868614197,-0.0881,-0.0008,0.1622,0.1194,-4.9975,-0.0004
50.02180600166321,-0.0881,-0.0006,0.1625,0.0299,-4.9984,0.0137
50.02192783355713,-0.0881,-0.0003,0.1628,0.101,-4.9993,0.0754
50.02204370498657,-0.0881,0.0005,0.1644,0.1245,-5.0001,0.1643
50.022164821624756,-0.088,0.002,0.1653,0.0124,-5.001,0.1883
50.02229285240173,-0.0879,0.0032,0.1646,-0.0414,-5.0019,0.173
50.02242183685303,-0.0879,0.0039,0.1645,-0.1608,-5.0028,0.0801
50.02253985404968,-0.0879,0.0035,0.1617,-0.2082,-5.0037,-0.0641
50.02265787124634,-0.0879,0.0019,0.1598,-0.0816,-5.0045,-0.1415
50.02277684211731,-0.0879,-0.0001,0.1599,0.0813,-5.0054,-0.1143
50.15604496002197,-0.088,-0.0012,0.1611,0.0954,-5.0063,-0.0701
50.156229734420776,-0.088,-0.0015,0.1616,0.1347,-5.0072,0.0027
50.156375885009766,-0.088,-0.001,0.1635,0.1499,-5.0081,0.0989
50.15649890899658,-0.088,0.0002,0.1645,-0.0114,-5.0089,0.0986
50.156620025634766,-0.0879,0.0011,0.1633,-0.0361,-5.0098,0.0744
50.15673804283142,-0.0879,0.0015,0.1634,0.0264,-5.0107,0.0915
50.156858682632446,-0.0879,0.002,0.164,-0.0611,-5.0116,0.0562
50.156980991363525,-0.0879,0.0019,0.1623,-0.1081,-5.0124,-0.022
50.15709900856018,-0.0879,0.0011,0.1615,-0.0105,-5.0133,-0.0437
50.15721392631531,-0.0879,0.0004,0.1617,0.0507,-5.0142,-0.0252
50.15733194351196,-0.0879,0.0,0.162,0.0487,-5.0151,-0.0057
50.15744686126709,-0.0879,-0.0,0.1623,0.0553,-5.016,0.0197
50.157559871673584,-0.0879,0.0002,0.1632,0.0633,-5.0168,0.0566
50.157681941986084,-0.0879,0.0007,0.1639,0.0519,-5.0177,0.0915
50.29139566421509,-0.0878,0.0014,0.1641,0.0114,-5.0186,0.1019
50.29158401489258,-0.0878,0.0019,0.1641,0.0198,-5.0195,0.1179
50.291719913482666,-0.0878,0.0025,0.1642,0.0154,-5.0204,0.1318
50.291839838027954,-0.0877,0.003,0.1637,-0.142,-5.0212,0.0407
50.29196286201477,-0.0877,0.0025,0.1617,-0.1409,-5.0221,-0.0647
50.29208183288574,-0.0877,0.0011,0.1607,-0.1103,-5.023,-0.1584
50.29220390319824,-0.0878,-0.0007,0.1596,-0.0836,-5.0239,-0.2445
50.29232096672058,-0.0879,-0.0029,0.1589,0.0902,-5.0247,-0.2249
50.29243803024292,-0.0879,-0.0042,0.1611,0.3207,-5.0256,-0.0415
50.29255175590515,-0.0879,-0.0034,0.1653,0.2844,-5.0265,0.1489
50.29266881942749,-0.0879,-0.0009,0.1671,-0.0439,-5.0274,0.1416
50.29278779029846,-0.0878,0.0007,0.1647,-0.1626,-5.0283,0.0413
50.29290294647217,-0.0878,0.0009,0.1637,-0.054,-5.0291,0.0037
50.438689947128296,-0.0878,0.0007,0.163,-0.0433,-5.03,-0.0325
50.43890571594238,-0.0878,0.0002,0.1628,0.0633,-5.0309,-0.0016
50.439026832580566,-0.0878,0.0001,0.1638,0.0461,-5.0318,0.0249
50.439146995544434,-0.0878,0.0003,0.1638,-0.0106,-5.0327,0.0151
50.43925976753235,-0.0878,0.0004,0.1639,0.0139,-5.0335,0.0216
50.439374685287476,-0.0878,0.0005,0.1641,-0.0053,-5.0344,0.0166
50.43949484825134,-0.0878,0.0005,0.1636,-0.0341,-5.0353,-0.0106
50.43961191177368,-0.0878,0.0002,0.1633,-0.0131,-5.0362,-0.0266
50.4397497177124,-0.0878,-0.0001,0.1631,-0.0123,-5.037,-0.0439
50.43986892700195,-0.0878,-0.0005,0.1627,-0.0064,-5.0379,-0.0608
50.43998885154724,-0.0879,-0.0009,0.1628,0.0401,-5.0388,-0.047
50.44010591506958,-0.0879,-0.0011,0.1632,0.0291,-5.0397,-0.038
50.44022297859192,-0.0879,-0.0012,0.163,0.0306,-5.0406,-0.0299
50.440340995788574,-0.0879,-0.0011,0.1634,0.0399,-5.0414,-0.0133
50.44045901298523,-0.0879,-0.0009,0.1638,0.0395,-5.0423,0.006
50.575291872024536,-0.0879,-0.0006,0.1638,0.0218,-5.0432,0.0143
50.575498819351196,-0.0879,-0.0003,0.1641,0.0579,-5.0441,0.0479
50.5756196975708,-0.0879,0.0003,0.1647,0.0423,-5.045,0.0755
50.57575488090515,-0.0879,0.0009,0.1649,0.01,-5.0458,0.0843
50.57588076591492,-0.0878,0.0015,0.1647,0.0042,-5.0467,0.0883
50.5760018825531,-0.0878,0.0019,0.1657,-0.0397,-5.0476,0.071
50.576122760772705,-0.0878,0.002,0.1645,-0.1441,-5.0485,-0.023
50.57624292373657,-0.0878,0.0012,0.1632,-0.053,-5.0493,-0.068
50.57636499404907,-0.0878,0.0002,0.1627,-0.0075,-5.0502,-0.0875
50.57649779319763,-0.0878,-0.0007,0.1626,0.0716,-5.0511,-0.058
50.57662796974182,-0.0879,-0.0011,0.1637,0.08,-5.052,-0.0154
50.57678580284119,-0.0879,-0.0009,0.164,0.0314,-5.0529,-0.0023
50.576921701431274,-0.0879,-0.0007,0.1643,0.0723,-5.0537,0.0396
50.5770628452301,-0.0879,-0.0001,0.1651,0.0981,-5.0546,0.1042
50.71167778968811,-0.0878,0.001,0.1658,0.0776,-5.0555,0.161
50.711853981018066,-0.0878,0.0022,0.1668,0.0644,-5.0564,0.2168
50.711982011795044,-0.0877,0.0037,0.1675,-0.0437,-5.0572,0.209
50.71210169792175,-0.0876,0.0046,0.166,-0.2646,-5.0581,0.0477
50.71222186088562,-0.0876,0.0037,0.1622,-0.2363,-5.059,-0.1229
50.71234202384949,-0.0877,0.0014,0.1611,0.0166,-5.0599,-0.1398
50.71246385574341,-0.0877,-0.0004,0.1617,-0.051,-5.0608,-0.1974
50.71258902549744,-0.0878,-0.0022,0.1601,0.0198,-5.0616,-0.2225
50.71270775794983,-0.0878,-0.0037,0.1618,0.2686,-5.0625,-0.0753
50.712822914123535,-0.0879,-0.0033,0.1647,0.2435,-5.0634,0.0762
50.71293783187866,-0.0878,-0.0016,0.167,0.0481,-5.0643,0.1184
50.71305274963379,-0.0878,0.0,0.1657,-0.1857,-5.0651,0.0012
50.71318697929382,-0.0878,0.0,0.1631,-0.0299,-5.066,-0.0336
50.847723960876465,-0.0878,-0.0003,0.1642,0.1541,-5.0669,0.0576
50.847925901412964,-0.0878,0.0004,0.1656,0.048,-5.0678,0.0908
50.8480658531189,-0.0878,0.0011,0.1654,0.0215,-5.0687,0.1053
50.84818482398987,-0.0877,0.0018,0.1664,0.099,-5.0695,0.1777
50.84830093383789,-0.0877,0.003,0.1671,-0.0405,-5.0704,0.1657
50.84841704368591,-0.0876,0.0037,0.1656,-0.1778,-5.0713,0.0543
50.848536014556885,-0.0876,0.0031,0.1637,-0.1324,-5.0722,-0.0421
50.84865474700928,-0.0876,0.0018,0.1621,-0.0583,-5.073,-0.1028
50.848782777786255,-0.0876,0.0002,0.1624,0.0874,-5.0739,-0.0687
50.84890079498291,-0.0877,-0.0005,0.1634,0.0479,-5.0748,-0.0535
50.849018812179565,-0.0877,-0.0009,0.1635,0.0488,-5.0757,-0.0375
50.84913396835327,-0.0877,-0.001,0.1641,0.0833,-5.0765,0.005
50.849250078201294,-0.0877,-0.0006,0.1646,0.0441,-5.0774,0.0258
50.84936594963074,-0.0877,-0.0002,0.1647,0.0501,-5.0783,0.0513
50.985092878341675,-0.0877,0.0004,0.1655,0.0838,-5.0792,0.104
50.98525595664978,-0.0876,0.0013,0.1666,0.0673,-5.0801,0.1548
50.98539066314697,-0.0876,0.0024,0.1671,-0.0125,-5.0809,0.1576
50.9855170249939,-0.0875,0.0032,0.1677,-0.0526,-5.0818,0.1393
50.98563504219055,-0.0875,0.0036,0.1662,-0.1769,-5.0827,0.0303
50.98575782775879,-0.0875,0.0028,0.1646,-0.0682,-5.0836,-0.0208
50.98587679862976,-0.0875,0.0018,0.1637,-0.0302,-5.0844,-0.0544
50.98599290847778,-0.0875,0.0007,0.1637,0.0459,-5.0853,-0.04
50.98610782623291,-0.0875,0.0001,0.1644,0.0264,-5.0862,-0.0334
50.986236810684204,-0.0875,-0.0003,0.1642,0.009,-5.0871,-0.0401
50.98635697364807,-0.0875,-0.0006,0.1645,0.0612,-5.0879,-0.0115
50.986478090286255,-0.0875,-0.0005,0.1651,0.0447,-5.0888,0.0106
50.986591815948486,-0.0875,-0.0003,0.1652,0.0242,-5.0897,0.0204
50.9867057800293,-0.0875,0.0,0.1657,0.0385,-5.0906,0.0425
51.12207889556885,-0.0875,0.0004,0.1659,-0.0013,-5.0914,0.0409
51.12224197387695,-0.0875,0.0007,0.1657,0.0154,-5.0923,0.0487
51.12237000465393,-0.0875,0.001,0.166,-0.0005,-5.0932,0.0478
51.12248706817627,-0.0875,0.0011,0.1659,0.0014,-5.0941,0.048
51.1226019859314,-0.0875,0.0013,0.1659,0.0004,-5.0949,0.0469
51.12271785736084,-0.0874,0.0013,0.1659,0.0096,-5.0958,0.0522
51.12283372879028,-0.0874,0.0015,0.1654,-0.0666,-5.0967,0.0042
51.12295484542847,-0.0874,0.0011,0.1644,-0.0199,-5.0975,-0.0212
51.12307286262512,-0.0874,0.0005,0.1645,-0.0138,-5.0984,-0.0425
51.12319278717041,-0.0874,-0.0,0.1641,-0.0502,-5.0993,-0.0908
51.1233127117157,-0.0875,-0.0009,0.1636,-0.0175,-5.1002,-0.1221
51.12343072891235,-0.0875,-0.0018,0.1639,0.0677,-5.101,-0.0969
51.12354874610901,-0.0875,-0.0022,0.1636,0.0427,-5.1019,-0.091
51.123679876327515,-0.0876,-0.0024,0.1645,0.1333,-5.1028,-0.0202
51.25877499580383,-0.0876,-0.0019,0.1659,0.0575,-5.1037,0.0117
51.25894784927368,-0.0876,-0.0012,0.1658,-0.0451,-5.1046,-0.0234
51.25907874107361,-0.0876,-0.0011,0.1656,0.0178,-5.1054,-0.0192
51.259202003479004,-0.0876,-0.0009,0.1661,0.0044,-5.1063,-0.0202
51.25932288169861,-0.0876,-0.0009,0.1655,-0.0495,-5.1072,-0.0606
51.25944805145264,-0.0876,-0.0012,0.1651,-0.0083,-5.1081,-0.0771
51.25956678390503,-0.0876,-0.0016,0.1653,0.0264,-5.1089,-0.0704
51.259684801101685,-0.0877,-0.0018,0.1654,0.0246,-5.1098,-0.0647
51.25980186462402,-0.0877,-0.0019,0.1655,0.0366,-5.1107,-0.0511
51.259920835494995,-0.0877,-0.0018,0.1659,0.0401,-5.1116,-0.0323
51.26003885269165,-0.0877,-0.0016,0.1653,0.0532,-5.1124,-0.0095
51.260154724121094,-0.0877,-0.0012,0.1665,0.1082,-5.1133,0.0575
51.26027488708496,-0.0877,-0.0003,0.1672,0.0461,-5.1142,0.0898
51.394222021102905,-0.0877,0.0007,0.1675,0.0593,-5.1151,0.1333
51.394386768341064,-0.0876,0.0018,0.1684,0.0557,-5.1159,0.1814
51.394513845443726,-0.0876,0.003,0.1683,-0.0329,-5.1168,0.1726
51.39463400840759,-0.0875,0.0038,0.167,-0.1557,-5.1177,0.075
51.39475202560425,-0.0875,0.0034,0.1652,-0.0883,-5.1186,0.0082
51.39486789703369,-0.0875,0.0024,0.1645,0.0147,-5.1194,0.0021
51.394983768463135,-0.0875,0.0017,0.1653,0.0639,-5.1203,0.0327
51.39510178565979,-0.0875,0.0015,0.1656,-0.0097,-5.1212,0.0174
51.39522099494934,-0.0875,0.0012,0.1651,-0.0237,-5.1221,-0.0107
51.39533996582031,-0.0875,0.0008,0.1649,-0.0087,-5.1229,-0.0314
51.39545798301697,-0.0875,0.0002,0.1648,-0.0262,-5.1238,-0.0647
51.39557766914368,-0.0875,-0.0005,0.1642,-0.0079,-5.1247,-0.0911
51.39570093154907,-0.0875,-0.0012,0.1645,0.0429,-5.1256,-0.0827
51.39581894874573,-0.0876,-0.0017,0.1649,0.0312,-5.1264,-0.0799
51.52827286720276,-0.0876,-0.0019,0.1651,0.0282,-5.1273,-0.0778
51.528451681137085,-0.0876,-0.0021,0.1656,0.1374,-5.1282,-0.0021
51.5285849571228,-0.0876,-0.0015,0.1677,0.1009,-5.1291,0.0654
51.52870988845825,-0.0876,-0.0004,0.1677,0.0047,-5.1299,0.0709
51.52882480621338,-0.0876,0.0004,0.1676,0.023,-5.1308,0.0881
51.52895188331604,-0.0875,0.0011,0.1679,-0.0151,-5.1317,0.0834
51.529069900512695,-0.0875,0.0016,0.1676,-0.0253,-5.1326,0.07
51.52918767929077,-0.0875,0.0018,0.1675,-0.052,-5.1335,0.0385
51.529314041137695,-0.0875,0.0016,0.1668,-0.0411,-5.1343,0.0083
51.52943468093872,-0.0875,0.0012,0.1665,-0.0123,-5.1352,-0.0058
51.52954888343811,-0.0875,0.0008,0.1665,0.0251,-5.1361,0.0041
51.52969193458557,-0.0875,0.0006,0.1669,0.024,-5.1369,0.016
51.529820919036865,-0.0875,0.0006,0.167,0.0026,-5.1378,0.0143
51.66443085670471,-0.0875,0.0005,0.1671,0.0216,-5.1387,0.0257
51.664623737335205,-0.0875,0.0006,0.1672,-0.0281,-5.1396,0.0051
51.66476273536682,-0.0875,0.0005,0.1666,-0.0254,-5.1404,-0.0185
51.66488695144653,-0.0875,0.0002,0.1663,-0.0064,-5.1413,-0.0319
51.66500973701477,-0.0875,-0.0002,0.1663,-0.0202,-5.1422,-0.0547
51.665130853652954,-0.0875,-0.0007,0.166,-0.0199,-5.1431,-0.0798
51.66525483131409,-0.0875,-0.0012,0.1654,-0.023,-5.1439,-0.1123
51.66537284851074,-0.0875,-0.002,0.1653,0.0178,-5.1448,-0.12
51.665493965148926,-0.0876,-0.0025,0.1653,0.0468,-5.1457,-0.1088
51.66561484336853,-0.0876,-0.0028,0.1664,0.1557,-5.1466,-0.0198
51.66573166847229,-0.0876,-0.0022,0.1679,0.0465,-5.1475,0.0091
51.66584587097168,-0.0876,-0.0014,0.1674,0.026,-5.1483,0.0216
51.665971994400024,-0.0876,-0.0008,0.1679,0.1278,-5.1492,0.1038
51.66608476638794,-0.0876,0.0005,0.1696,0.0545,-5.1501,0.1513
51.81207871437073,-0.0875,0.0018,0.169,-0.0571,-5.151,0.1232
51.81225895881653,-0.0875,0.0025,0.1686,0.018,-5.1518,0.141
51.812394857406616,-0.0874,0.0031,0.169,-0.093,-5.1527,0.0903
51.81251788139343,-0.0874,0.003,0.1666,-0.1384,-5.1536,-0.0075
51.81263780593872,-0.0874,0.0021,0.166,-0.0075,-5.1545,-0.0255
51.812763929367065,-0.0874,0.0012,0.166,-0.0166,-5.1553,-0.0504
51.81288194656372,-0.0874,0.0003,0.1658,0.032,-5.1562,-0.0455
51.812999963760376,-0.0875,-0.0002,0.1665,0.0342,-5.1571,-0.0351
51.81311798095703,-0.0875,-0.0005,0.1666,0.0052,-5.158,-0.043
51.81323599815369,-0.0875,-0.0008,0.1669,0.0537,-5.1588,-0.0179
51.81336188316345,-0.0875,-0.0007,0.1677,0.0508,-5.1597,0.0111
51.813498735427856,-0.0875,-0.0004,0.168,0.0319,-5.1606,0.03
51.81364393234253,-0.0875,0.0,0.1682,0.0569,-5.1614,0.0667
51.813764810562134,-0.0875,0.0007,0.1689,0.0286,-5.1623,0.0901
51.81389594078064,-0.0874,0.0013,0.1687,-0.0246,-5.1632,0.0781
51.949426889419556,-0.0874,0.0017,0.1684,0.011,-5.1641,0.0869
51.94960689544678,-0.0874,0.002,0.1694,-0.0378,-5.1649,0.0712
51.94974684715271,-0.0874,0.0021,0.1681,-0.1426,-5.1658,-0.0215
51.94987487792969,-0.0874,0.0013,0.1669,-0.0463,-5.1667,-0.0611
51.94999694824219,-0.0874,0.0003,0.1667,0.0146,-5.1676,-0.0642
51.950116872787476,-0.0874,-0.0004,0.1669,0.0632,-5.1684,-0.0346
51.950236797332764,-0.0874,-0.0006,0.1676,0.0432,-5.1693,-0.0135
51.9503538608551,-0.0874,-0.0006,0.1679,0.031,-5.1702,0.0018
51.950469732284546,-0.0874,-0.0004,0.1684,0.0407,-5.1711,0.0265
51.95059084892273,-0.0874,-0.0,0.1685,-0.0058,-5.1719,0.0221
51.95070481300354,-0.0874,0.0002,0.1683,0.0027,-5.1728,0.0221
51.95081806182861,-0.0874,0.0004,0.1685,0.0018,-5.1737,0.0228
51.95093488693237,-0.0874,0.0005,0.1684,-0.0166,-5.1746,0.0101
52.088496923446655,-0.0874,0.0004,0.1682,-0.0008,-5.1754,0.0062
52.088696002960205,-0.0874,0.0004,0.168,-0.0121,-5.1763,-0.0068
52.0888409614563,-0.0874,0.0002,0.1677,-0.0125,-5.1772,-0.0221
52.088966846466064,-0.0874,-0.0001,0.1673,-0.0147,-5.1781,-0.0422
52.08909273147583,-0.0874,-0.0005,0.1671,0.0212,-5.1789,-0.0408
52.08921480178833,-0.0874,-0.0007,0.1674,0.0095,-5.1798,-0.0452
52.0893349647522,-0.0874,-0.0009,0.1672,0.0107,-5.1807,-0.0507
52.089454650878906,-0.0874,-0.0012,0.1673,0.031,-5.1816,-0.0425
52.08957576751709,-0.0875,-0.0012,0.1676,0.0139,-5.1824,-0.0434
52.089693784713745,-0.0875,-0.0013,0.1676,0.0124,-5.1833,-0.0462
52.08980870246887,-0.0875,-0.0013,0.1674,0.1,-5.1842,0.0061
52.08992671966553,-0.0875,-0.0009,0.169,0.1006,-5.1851,0.0708
52.09005284309387,-0.0875,0.0001,0.169,-0.0161,-5.1859,0.0605
52.090165853500366,-0.0874,0.0006,0.1686,0.0461,-5.1868,0.0873
52.2314817905426,-0.0874,0.0013,0.1699,0.0659,-5.1877,0.1366
52.23166108131409,-0.0874,0.0022,0.17,-0.056,-5.1885,0.108
52.23178696632385,-0.0873,0.0026,0.1693,-0.0995,-5.1894,0.0464
52.23190689086914,-0.0873,0.0023,0.1678,-0.0639,-5.1903,-0.003
52.23202466964722,-0.0873,0.0016,0.1672,0.0148,-5.1912,-0.0067
52.23214387893677,-0.0873,0.001,0.1677,0.0625,-5.192,0.0236
52.23225808143616,-0.0873,0.001,0.1683,0.0472,-5.1929,0.0479
52.23237180709839,-0.0873,0.0011,0.1685,0.0436,-5.1938,0.0716
52.232483863830566,-0.0873,0.0015,0.1691,0.0653,-5.1947,0.1133
52.23259687423706,-0.0872,0.0021,0.1697,0.0259,-5.1955,0.1346
52.23272085189819,-0.0872,0.0028,0.1694,-0.0307,-5.1964,0.1171
52.23284578323364,-0.0872,0.0031,0.1697,-0.0899,-5.1973,0.0636
52.232977867126465,-0.0871,0.0028,0.1678,-0.1714,-5.1981,-0.0565
52.23312187194824,-0.0872,0.0014,0.1658,-0.0165,-5.199,-0.0918
52.37054991722107,-0.0872,0.0001,0.1671,0.2042,-5.1999,0.0232
52.37072992324829,-0.0872,0.0003,0.1692,0.0799,-5.2008,0.0733
52.37086486816406,-0.0872,0.0009,0.1689,-0.0622,-5.2016,0.0294
52.3709979057312,-0.0871,0.0009,0.1685,0.0072,-5.2025,0.0274
52.371126890182495,-0.0871,0.0009,0.1691,0.0016,-5.2034,0.0257
52.37124991416931,-0.0871,0.0009,0.1688,-0.0527,-5.2042,-0.0136
52.37136888504028,-0.0871,0.0005,0.1679,-0.0042,-5.2051,-0.028
52.3714816570282,-0.0871,0.0001,0.1684,0.058,-5.206,0.0007
52.37159967422485,-0.0871,0.0001,0.1688,-0.0002,-5.2069,-0.0055
52.37172079086304,-0.0871,-0.0,0.1684,-0.0049,-5.2077,-0.0178
52.371848821640015,-0.0872,-0.0002,0.1687,0.0392,-5.2086,0.0002
52.371975898742676,-0.0872,-0.0001,0.169,0.0112,-5.2095,0.0021
52.372116804122925,-0.0871,-0.0001,0.1688,0.0231,-5.2103,0.0103
52.37225580215454,-0.0871,0.0001,0.1695,0.0491,-5.2112,0.0399
52.51008200645447,-0.0871,0.0004,0.1698,0.0144,-5.2121,0.0494
52.51025199890137,-0.0871,0.0008,0.1698,0.0318,-5.213,0.0704
52.51037573814392,-0.0871,0.0012,0.1703,0.0399,-5.2138,0.1
52.51049280166626,-0.0871,0.0018,0.1707,0.0183,-5.2147,0.1186
52.510610818862915,-0.087,0.0024,0.1707,-0.0098,-5.2156,0.1192
52.51074409484863,-0.087,0.0029,0.1708,-0.0965,-5.2164,0.065
52.510862827301025,-0.087,0.0026,0.1691,-0.1678,-5.2173,-0.0476
52.510979652404785,-0.087,0.0014,0.1675,-0.0935,-5.2182,-0.1249
52.51110076904297,-0.087,-0.0002,0.1673,-0.0652,-5.2191,-0.187
52.5112247467041,-0.0871,-0.002,0.1656,-0.0792,-5.2199,-0.2714
52.511356830596924,-0.0872,-0.004,0.1645,0.182,-5.2208,-0.196
52.51147699356079,-0.0872,-0.0047,0.1678,0.4228,-5.2217,0.0579
52.511592864990234,-0.0872,-0.0028,0.1719,0.226,-5.2225,0.2148
52.51171875,-0.0871,0.0002,0.1731,-0.0042,-5.2234,0.2334
52.64861488342285,-0.0871,0.0024,0.173,-0.1195,-5.2243,0.1776
52.64880299568176,-0.087,0.0034,0.1709,-0.235,-5.2252,0.033
52.64893984794617,-0.087,0.0027,0.1676,-0.1772,-5.226,-0.0983
52.649064779281616,-0.087,0.0009,0.1664,0.0806,-5.2269,-0.0732
52.64918398857117,-0.0871,-0.0001,0.1686,0.1726,-5.2278,0.0264
52.64930200576782,-0.087,0.0002,0.17,0.0455,-5.2286,0.0536
52.64942288398743,-0.087,0.0007,0.1701,-0.0151,-5.2295,0.0426
52.64953899383545,-0.087,0.0009,0.1699,-0.0171,-5.2304,0.029
52.64965605735779,-0.087,0.0009,0.1698,-0.0227,-5.2312,0.0104
52.64977478981018,-0.087,0.0007,0.1696,-0.037,-5.2321,-0.0193
52.64989185333252,-0.087,0.0003,0.169,0.009,-5.233,-0.0235
52.65000796318054,-0.087,-0.0,0.1696,0.0496,-5.2339,0.0023
52.65012192726135,-0.087,0.0,0.1698,0.0043,-5.2347,0.0001
52.65023374557495,-0.087,0.0,0.1696,0.0202,-5.2356,0.0064
52.7871778011322,-0.087,0.0001,0.1699,0.0376,-5.2365,0.0263
52.7873477935791,-0.087,0.0003,0.1704,0.0004,-5.2373,0.0254
52.78748273849487,-0.087,0.0005,0.17,-0.0102,-5.2382,0.0149
52.78760600090027,-0.087,0.0005,0.1701,0.0086,-5.2391,0.0172
52.78772282600403,-0.087,0.0005,0.1702,0.0022,-5.2399,0.0159
52.787842988967896,-0.087,0.0005,0.1702,-0.0114,-5.2408,0.005
52.78796696662903,-0.087,0.0004,0.1697,-0.0093,-5.2417,-0.0083
52.78808879852295,-0.087,0.0002,0.1696,-0.0017,-5.2426,-0.0174
52.78821587562561,-0.087,-0.0,0.1693,-0.0137,-5.2434,-0.0371
52.7883358001709,-0.087,-0.0004,0.1694,0.005,-5.2443,-0.0445
52.78845477104187,-0.087,-0.0007,0.169,0.0014,-5.2452,-0.0574
52.788575887680054,-0.087,-0.0011,0.1692,0.0528,-5.246,-0.0357
52.78870868682861,-0.087,-0.0011,0.1699,0.0346,-5.2469,-0.0212
52.7888298034668,-0.0871,-0.001,0.17,0.015,-5.2478,-0.0191
52.92456293106079,-0.0871,-0.0009,0.1702,0.0421,-5.2486,0.002
52.92472863197327,-0.0871,-0.0006,0.1706,0.0377,-5.2495,0.0235
52.924858808517456,-0.087,-0.0002,0.1708,0.0248,-5.2504,0.0379
52.92497682571411,-0.087,0.0002,0.1711,0.0163,-5.2513,0.0489
52.92509984970093,-0.087,0.0006,0.171,-0.0062,-5.2521,0.0451
52.92521905899048,-0.087,0.0009,0.1709,0.004,-5.253,0.047
52.92533302307129,-0.087,0.0011,0.171,0.009,-5.2539,0.053
52.92544984817505,-0.087,0.0013,0.1711,-0.0095,-5.2547,0.0471
52.92556691169739,-0.087,0.0014,0.1708,-0.0301,-5.2556,0.0263
52.92568802833557,-0.0869,0.0012,0.1704,-0.0374,-5.2565,-0.0031
52.92580604553223,-0.087,0.0008,0.17,-0.0317,-5.2573,-0.0319
52.92593789100647,-0.087,0.0003,0.1695,-0.0379,-5.2582,-0.0686
52.92605781555176,-0.087,-0.0005,0.169,-0.0111,-5.2591,-0.0927
52.926188945770264,-0.087,-0.0012,0.1691,0.0528,-5.26,-0.0751
53.07481789588928,-0.087,-0.0016,0.17,0.0564,-5.2608,-0.049
53.074986934661865,-0.0871,-0.0016,0.1699,0.1012,-5.2617,0.0048
53.075111865997314,-0.0871,-0.0011,0.172,0.1597,-5.2626,0.1117
53.07522773742676,-0.087,0.0003,0.173,0.0493,-5.2634,0.155
53.0753448009491,-0.087,0.0017,0.1732,-0.0034,-5.2643,0.1664
53.07547068595886,-0.0869,0.0028,0.1734,-0.0409,-5.2652,0.1561
53.075591802597046,-0.0869,0.0035,0.1721,-0.2026,-5.266,0.0322
53.0757098197937,-0.0869,0.0028,0.1698,-0.1263,-5.2669,-0.0597
53.07582902908325,-0.0869,0.0014,0.1685,-0.0552,-5.2678,-0.116
53.07594680786133,-0.0869,-0.0002,0.1686,0.0592,-5.2687,-0.0989
53.07606482505798,-0.0869,-0.0011,0.1696,0.0787,-5.2695,-0.063
53.076199769973755,-0.087,-0.0014,0.1695,0.0537,-5.2704,-0.0446
53.076318979263306,-0.087,-0.0014,0.1703,0.1446,-5.2713,0.038
53.076462745666504,-0.087,-0.0006,0.1719,0.1157,-5.2721,0.1143
53.07657790184021,-0.0869,0.0007,0.1725,-0.0125,-5.273,0.1125
53.212764739990234,-0.0869,0.0016,0.1718,-0.0257,-5.2739,0.0977
53.212952852249146,-0.0869,0.0021,0.1718,0.0107,-5.2747,0.1066
53.21307992935181,-0.0868,0.0025,0.1708,-0.1386,-5.2756,0.0116
53.21321177482605,-0.0868,0.0018,0.1688,-0.0639,-5.2765,-0.0502
53.21332883834839,-0.0868,0.0008,0.1689,0.082,-5.2773,-0.0177
53.21344304084778,-0.0868,0.0004,0.1702,0.0844,-5.2782,0.0253
53.21355581283569,-0.0868,0.0005,0.1704,0.036,-5.2791,0.0383
53.21366882324219,-0.0868,0.0007,0.1708,0.0803,-5.2799,0.0827
53.21379494667053,-0.0868,0.0013,0.1718,0.0351,-5.2808,0.1052
53.21390986442566,-0.0868,0.002,0.1716,-0.0032,-5.2817,0.1019
53.21405267715454,-0.0867,0.0024,0.1715,0.0182,-5.2825,0.1119
53.21417188644409,-0.0867,0.0027,0.1721,-0.0924,-5.2834,0.0543
53.21428871154785,-0.0867,0.0024,0.1702,-0.1429,-5.2843,-0.0497
53.21443200111389,-0.0867,0.0012,0.169,-0.0106,-5.2851,-0.0778
53.35219192504883,-0.0867,0.0001,0.1699,0.1565,-5.286,0.0078
53.35238289833069,-0.0867,0.0001,0.1717,0.0886,-5.2869,0.0622
53.35252571105957,-0.0867,0.0007,0.172,-0.0013,-5.2878,0.061
53.35264468193054,-0.0867,0.0011,0.172,0.0216,-5.2886,0.0745
53.3527626991272,-0.0866,0.0015,0.1724,0.0182,-5.2895,0.0888
53.352879762649536,-0.0866,0.0019,0.1723,-0.0143,-5.2903,0.0813
53.352996826171875,-0.0866,0.0021,0.1721,-0.0531,-5.2912,0.0473
53.35311198234558,-0.0866,0.002,0.1713,-0.0612,-5.2921,0.0018
53.35322976112366,-0.0866,0.0014,0.1708,-0.0437,-5.2929,-0.0362
53.353347063064575,-0.0866,0.0006,0.1703,0.0099,-5.2938,-0.0437
53.35347294807434,-0.0866,0.0,0.1709,0.07,-5.2947,-0.0092
53.35359263420105,-0.0866,-0.0001,0.1716,0.0559,-5.2955,0.0211
53.35371375083923,-0.0866,0.0001,0.1718,0.0375,-5.2964,0.0412
53.353827714920044,-0.0866,0.0005,0.1723,0.0619,-5.2973,0.0807
53.49076294898987,-0.0866,0.0011,0.1731,0.0515,-5.2981,0.1195
53.49096488952637,-0.0865,0.002,0.1734,-0.0033,-5.299,0.1255
53.49114489555359,-0.0865,0.0026,0.173,-0.003,-5.2999,0.1287
53.491272926330566,-0.0864,0.0031,0.1727,-0.1308,-5.3007,0.0473
53.49143981933594,-0.0864,0.0026,0.1707,-0.1677,-5.3016,-0.0724
53.49157500267029,-0.0864,0.0011,0.1694,-0.1193,-5.3025,-0.1716
53.49169993400574,-0.0865,-0.0009,0.1679,-0.0534,-5.3033,-0.2402
53.491822719573975,-0.0866,-0.003,0.1679,0.1144,-5.3042,-0.2021
53.491950035095215,-0.0866,-0.004,0.1702,0.3114,-5.3051,-0.0214
53.492103815078735,-0.0867,-0.003,0.1739,0.2624,-5.3059,0.1551
53.49223780632019,-0.0866,-0.0006,0.1756,-0.0411,-5.3068,0.1483
53.492374897003174,-0.0866,0.001,0.1734,-0.1374,-5.3077,0.0649
53.492504835128784,-0.0865,0.0013,0.1727,-0.0731,-5.3085,0.0178
53.6304497718811,-0.0865,0.0011,0.1714,-0.0874,-5.3094,-0.0477
53.630629777908325,-0.0865,0.0003,0.1707,0.0561,-5.3103,-0.0265
53.630759954452515,-0.0865,-0.0,0.1718,0.0828,-5.3111,0.0196
53.63087582588196,-0.0865,0.0002,0.1724,0.0355,-5.312,0.0392
53.6309928894043,-0.0865,0.0005,0.1726,0.0627,-5.3129,0.078
53.63111090660095,-0.0865,0.0011,0.1734,0.0806,-5.3137,0.1341
53.63122582435608,-0.0865,0.0021,0.174,0.0048,-5.3146,0.1462
53.631340980529785,-0.0864,0.0029,0.1738,-0.0405,-5.3154,0.1275
53.631465911865234,-0.0864,0.0033,0.1734,-0.1538,-5.3163,0.0329
53.63158297538757,-0.0864,0.0026,0.1705,-0.1658,-5.3172,-0.0908
53.63171887397766,-0.0864,0.0009,0.1697,-0.0294,-5.318,-0.1333
53.63186192512512,-0.0864,-0.0006,0.1695,-0.0782,-5.3189,-0.21
53.631985902786255,-0.0865,-0.0025,0.1682,0.0513,-5.3198,-0.2139
53.63210701942444,-0.0866,-0.0038,0.1697,0.2916,-5.3206,-0.0526
53.76862192153931,-0.0866,-0.0032,0.1732,0.2721,-5.3215,0.1211
53.76879382133484,-0.0866,-0.0011,0.1755,0.0657,-5.3224,0.1792
53.768921852111816,-0.0865,0.001,0.1747,-0.1481,-5.3232,0.0942
53.76904296875,-0.0865,0.0016,0.1732,-0.1292,-5.3241,0.0111
53.7691650390625,-0.0865,0.0012,0.1715,-0.0934,-5.325,-0.0611
53.76929306983948,-0.0865,0.0003,0.1711,0.0701,-5.3258,-0.0316
53.76941108703613,-0.0865,-0.0001,0.1725,0.0962,-5.3267,0.0247
53.769524812698364,-0.0865,0.0002,0.1729,0.0404,-5.3276,0.0479
53.7696418762207,-0.0865,0.0006,0.1732,0.0755,-5.3284,0.0958
53.769755840301514,-0.0864,0.0013,0.1742,0.0555,-5.3293,0.1384
53.76988077163696,-0.0864,0.0023,0.1744,-0.017,-5.3301,0.1358
53.77000689506531,-0.0863,0.0029,0.1746,-0.0213,-5.331,0.1322
53.770139932632446,-0.0863,0.0033,0.1735,-0.1704,-5.3319,0.0242
53.77026987075806,-0.0863,0.0026,0.1715,-0.1143,-5.3327,-0.0624
53.906840801239014,-0.0863,0.0012,0.1705,-0.0687,-5.3336,-0.1277
53.907052993774414,-0.0864,-0.0004,0.1697,0.0103,-5.3345,-0.1487
53.9071888923645,-0.0864,-0.0017,0.1708,0.098,-5.3353,-0.1068
53.90732288360596,-0.0864,-0.0023,0.1713,0.1431,-5.3362,-0.0328
53.90744972229004,-0.0864,-0.0019,0.1733,0.1979,-5.3371,0.0913
53.90757179260254,-0.0864,-0.0004,0.175,0.0142,-5.3379,0.1092
53.907689809799194,-0.0864,0.0008,0.1737,-0.1063,-5.3388,0.0409
53.90780591964722,-0.0864,0.0009,0.173,0.0064,-5.3396,0.0407
53.90792179107666,-0.0864,0.001,0.1737,0.0128,-5.3405,0.0494
53.908038854599,-0.0863,0.0012,0.1732,-0.0667,-5.3414,0.0028
53.90816307067871,-0.0863,0.0009,0.1723,-0.0289,-5.3422,-0.0261
53.90829372406006,-0.0863,0.0004,0.1721,0.0156,-5.3431,-0.0284
53.90842390060425,-0.0864,-0.0,0.1725,0.0453,-5.344,-0.0086
53.90855598449707,-0.0864,-0.0001,0.1729,0.0178,-5.3448,-0.0046
54.04523277282715,-0.0864,-0.0001,0.1729,0.0179,-5.3457,-0.0008
54.045408964157104,-0.0864,-0.0001,0.1732,0.0348,-5.3466,0.0161
54.04553484916687,-0.0864,0.0001,0.1734,0.0194,-5.3474,0.0247
54.04564881324768,-0.0863,0.0003,0.1735,0.0216,-5.3483,0.035
54.04576373100281,-0.0863,0.0006,0.1738,0.0076,-5.3491,0.0389
54.045888900756836,-0.0863,0.0008,0.1735,-0.0057,-5.35,0.0318
54.04600787162781,-0.0863,0.0008,0.1736,0.0168,-5.3509,0.0401
54.046123027801514,-0.0863,0.001,0.1736,-0.0097,-5.3517,0.0309
54.04623579978943,-0.0863,0.001,0.1735,0.0035,-5.3526,0.0292
54.046359062194824,-0.0863,0.001,0.1736,-0.05,-5.3535,-0.0063
54.0464928150177,-0.0863,0.0006,0.1725,-0.045,-5.3543,-0.0468
54.04662299156189,-0.0863,-0.0,0.1725,0.0271,-5.3552,-0.0415
54.04674196243286,-0.0863,-0.0004,0.173,0.008,-5.356,-0.0456
54.046894788742065,-0.0863,-0.0007,0.1726,-0.0323,-5.3569,-0.0793
54.18401575088501,-0.0864,-0.0013,0.1723,0.0054,-5.3578,-0.0908
54.18419289588928,-0.0864,-0.0018,0.1727,0.0628,-5.3586,-0.0631
54.1843318939209,-0.0864,-0.0019,0.1733,0.0304,-5.3595,-0.0527
54.18445897102356,-0.0864,-0.0018,0.1735,0.1034,-5.3604,0.0063
54.184576988220215,-0.0864,-0.0012,0.175,0.0964,-5.3612,0.0719
54.18469595909119,-0.0864,-0.0001,0.1754,0.0344,-5.3621,0.1011
54.18481087684631,-0.0864,0.0009,0.1756,0.0142,-5.363,0.1189
54.18492579460144,-0.0863,0.0018,0.1756,-0.0048,-5.3638,0.1249
54.18504190444946,-0.0863,0.0025,0.1758,-0.0562,-5.3647,0.0995
54.18515682220459,-0.0863,0.0027,0.1744,-0.1003,-5.3655,0.0357
54.185269832611084,-0.0862,0.0022,0.1742,0.004,-5.3664,0.0371
54.185391902923584,-0.0862,0.0019,0.1744,-0.0502,-5.3673,0.0045
54.18550777435303,-0.0862,0.0014,0.1728,-0.0482,-5.3681,-0.0386
54.1856210231781,-0.0862,0.0006,0.1732,0.0894,-5.369,0.0095
54.33451271057129,-0.0862,0.0005,0.1743,0.0288,-5.3699,0.0259
54.33471488952637,-0.0862,0.0006,0.1737,-0.0138,-5.3707,0.0105
54.33484387397766,-0.0862,0.0005,0.1739,0.0596,-5.3716,0.0433
54.33495879173279,-0.0862,0.0008,0.1746,0.0184,-5.3724,0.0546
54.33507776260376,-0.0862,0.0011,0.1744,-0.0126,-5.3733,0.0441
54.33519268035889,-0.0862,0.0012,0.174,0.0124,-5.3742,0.0473
54.335306882858276,-0.0862,0.0013,0.1744,0.0124,-5.375,0.0528
54.3354229927063,-0.0861,0.0014,0.1747,-0.0515,-5.3759,0.0196
54.335541009902954,-0.0861,0.0012,0.1734,-0.082,-5.3768,-0.0436
54.33565592765808,-0.0862,0.0004,0.173,0.0232,-5.3776,-0.0418
54.33577489852905,-0.0862,-0.0001,0.1734,0.0118,-5.3785,-0.0449
54.33590483665466,-0.0862,-0.0005,0.1731,-0.0345,-5.3793,-0.0809
54.33602285385132,-0.0862,-0.0012,0.1723,0.0095,-5.3802,-0.0949
54.33613991737366,-0.0862,-0.0017,0.1731,0.1037,-5.3811,-0.043
54.33626174926758,-0.0863,-0.0016,0.1742,0.0408,-5.3819,-0.0236
54.473347663879395,-0.0863,-0.0014,0.1748,0.1269,-5.3828,0.0557
54.473575830459595,-0.0862,-0.0004,0.1765,0.1025,-5.3837,0.1314
54.473710775375366,-0.0862,0.001,0.1771,0.03,-5.3845,0.1652
54.473832845687866,-0.0861,0.0023,0.1771,0.0115,-5.3854,0.1883
54.47395300865173,-0.0861,0.0034,0.1775,-0.0847,-5.3862,0.1526
54.47406983375549,-0.086,0.0039,0.1757,-0.1765,-5.3871,0.0446
54.47418975830078,-0.086,0.0032,0.1737,-0.137,-5.388,-0.0531
54.4743070602417,-0.086,0.0017,0.1729,0.0327,-5.3888,-0.0478
54.47442674636841,-0.0861,0.0007,0.1735,-0.0253,-5.3897,-0.0766
54.474560022354126,-0.0861,-0.0002,0.1719,-0.1084,-5.3905,-0.1712
54.47469186782837,-0.0861,-0.0018,0.1711,0.0588,-5.3914,-0.1647
54.47481894493103,-0.0862,-0.0029,0.1715,0.159,-5.3923,-0.0914
54.47495079040527,-0.0862,-0.0029,0.174,0.2749,-5.3931,0.0744
54.475082874298096,-0.0862,-0.0013,0.1764,0.104,-5.394,0.1477
54.61325693130493,-0.0861,0.0005,0.1765,0.0832,-5.3948,0.2092
54.613417863845825,-0.0861,0.0024,0.1784,0.0755,-5.3957,0.2806
54.613563776016235,-0.086,0.0044,0.1781,-0.1877,-5.3966,0.1808
54.61368799209595,-0.0859,0.0049,0.1753,-0.2828,-5.3974,-0.0008
54.613807678222656,-0.0859,0.0034,0.1721,-0.1839,-5.3983,-0.1423
54.61392688751221,-0.086,0.001,0.1708,0.1113,-5.3991,-0.1037
54.614046812057495,-0.086,-0.0003,0.1735,0.1828,-5.4,-0.0009
54.61416292190552,-0.086,-0.0002,0.1747,0.0764,-5.4009,0.0415
54.614277839660645,-0.086,0.0002,0.1753,0.0745,-5.4017,0.087
54.61439371109009,-0.086,0.001,0.176,0.003,-5.4026,0.0922
54.61452078819275,-0.0859,0.0016,0.1755,-0.0178,-5.4034,0.0806
54.61463499069214,-0.0859,0.0019,0.1757,0.0176,-5.4043,0.0932
54.61475086212158,-0.0859,0.0022,0.1759,-0.0201,-5.4052,0.0828
54.61488199234009,-0.0859,0.0024,0.1755,-0.0523,-5.406,0.0486
54.752344846725464,-0.0858,0.0021,0.1747,-0.0474,-5.4069,0.0117
54.75252985954285,-0.0858,0.0016,0.1747,-0.0037,-5.4077,0.0021
54.75266671180725,-0.0858,0.0011,0.1745,0.0323,-5.4086,0.0137
54.752792835235596,-0.0858,0.0009,0.1753,0.1118,-5.4095,0.0828
54.752912759780884,-0.0858,0.0015,0.1765,0.0801,-5.4103,0.1398
54.75303077697754,-0.0858,0.0024,0.177,0.0427,-5.4112,0.1768
54.753154039382935,-0.0857,0.0034,0.1784,-0.054,-5.412,0.1613
54.75327205657959,-0.0856,0.0039,0.1768,-0.2395,-5.4129,0.0152
54.753392696380615,-0.0856,0.0029,0.174,-0.1714,-5.4137,-0.1078
54.753511905670166,-0.0857,0.001,0.1728,0.1189,-5.4146,-0.0532
54.753628730773926,-0.0857,0.0002,0.1749,0.2562,-5.4155,0.1047
54.753742694854736,-0.0857,0.0011,0.1771,0.1421,-5.4163,0.2044
54.753872871398926,-0.0856,0.0028,0.1782,0.0697,-5.4172,0.2666
54.75398874282837,-0.0855,0.0046,0.179,-0.0718,-5.418,0.2441
54.889683961868286,-0.0854,0.0056,0.1771,-0.2741,-5.4189,0.0776
54.889869689941406,-0.0854,0.0047,0.1723,-0.2155,-5.4197,-0.0861
54.889999866485596,-0.0854,0.0024,0.1719,0.1583,-5.4206,-0.0127
54.89011788368225,-0.0854,0.0016,0.174,0.1289,-5.4214,0.056
54.89023208618164,-0.0854,0.0016,0.1746,0.1126,-5.4223,0.1183
54.890350103378296,-0.0854,0.0023,0.1761,0.1782,-5.4231,0.234
54.89046382904053,-0.0853,0.0039,0.1779,0.1105,-5.424,0.3196
54.89057993888855,-0.0852,0.0058,0.1779,-0.16,-5.4249,0.2312
54.89069485664368,-0.0851,0.0063,0.1752,-0.2443,-5.4257,0.0695
54.89081072807312,-0.0851,0.0051,0.1731,-0.0524,-5.4266,0.0158
54.89092302322388,-0.0851,0.0037,0.1733,0.2257,-5.4274,0.1426
54.89103579521179,-0.085,0.004,0.1768,0.2279,-5.4283,0.2952
54.89115595817566,-0.085,0.0057,0.1782,-0.0186,-5.4291,0.2997
55.02775597572327,-0.0849,0.0069,0.1774,-0.251,-5.43,0.1488
55.02794170379639,-0.0848,0.0063,0.1726,-0.26,-5.4308,-0.0427
55.02807378768921,-0.0848,0.004,0.1708,0.1124,-5.4316,-0.0079
55.028191804885864,-0.0848,0.0027,0.1739,0.3403,-5.4325,0.1954
55.02831983566284,-0.0848,0.0038,0.1773,0.2141,-5.4333,0.3415
55.02843904495239,-0.0846,0.006,0.1794,0.0202,-5.4342,0.3786
55.02855706214905,-0.0845,0.0079,0.1784,-0.3301,-5.435,0.1834
55.02867579460144,-0.0845,0.0073,0.1734,-0.3165,-5.4359,-0.039
55.02878999710083,-0.0845,0.0047,0.1718,0.1834,-5.4367,0.0482
55.02890396118164,-0.0845,0.0038,0.1756,0.3955,-5.4376,0.2989
55.02901768684387,-0.0844,0.0056,0.1792,0.1884,-5.4384,0.4426
55.02916193008423,-0.0842,0.0082,0.1805,-0.0708,-5.4393,0.4298
55.029289960861206,-0.0841,0.0099,0.1782,-0.2825,-5.4401,0.2642
55.02941107749939,-0.084,0.0095,0.1753,-0.2267,-5.4409,0.1136
55.16618800163269,-0.084,0.0078,0.1732,0.0007,-5.4418,0.0943
55.16635489463806,-0.0839,0.0064,0.174,0.2893,-5.4426,0.2656
55.1664776802063,-0.0838,0.007,0.1782,0.279,-5.4435,0.4611
55.166595697402954,-0.0837,0.0094,0.1804,-0.068,-5.4443,0.4489
55.16671276092529,-0.0835,0.011,0.1779,-0.4477,-5.4451,0.1744
55.16684007644653,-0.0835,0.0094,0.1724,-0.3338,-5.446,-0.0673
55.166953802108765,-0.0835,0.0059,0.1709,0.3307,-5.4468,0.108
55.167067766189575,-0.0835,0.0052,0.1761,0.4413,-5.4476,0.3915
55.16718006134033,-0.0833,0.0075,0.1796,0.1776,-5.4485,0.5308
55.167299032211304,-0.0832,0.0104,0.1808,-0.1112,-5.4493,0.4938
55.16741991043091,-0.083,0.0121,0.1781,-0.3558,-5.4501,0.2798
55.16754388809204,-0.0829,0.0112,0.1734,-0.3153,-5.451,0.0582
55.16769576072693,-0.0829,0.0084,0.1703,0.1209,-5.4518,0.094
55.167813777923584,-0.0829,0.0068,0.1745,0.4143,-5.4526,0.3485
55.303929805755615,-0.0828,0.0082,0.1777,0.1944,-5.4534,0.4849
55.30412006378174,-0.0826,0.0104,0.1798,-0.0643,-5.4543,0.4705
55.304253816604614,-0.0825,0.0119,0.1766,-0.4567,-5.4551,0.1799
55.304373025894165,-0.0824,0.0101,0.1707,-0.2062,-5.4559,0.0076
55.3044867515564,-0.0824,0.0071,0.1726,0.4922,-5.4567,0.2986
55.30460286140442,-0.0823,0.0079,0.179,0.3788,-5.4576,0.5623
55.30471587181091,-0.0821,0.011,0.1817,0.0405,-5.4584,0.6289
55.304829835891724,-0.0819,0.0138,0.1805,-0.4439,-5.4592,0.3753
55.30494785308838,-0.0818,0.0133,0.1736,-0.6014,-5.46,-0.0297
55.305062770843506,-0.0818,0.0091,0.1675,0.0609,-5.4608,-0.0535
55.30517506599426,-0.0818,0.0058,0.1716,0.7103,-5.4617,0.3695
55.30528783798218,-0.0817,0.0077,0.1802,0.5534,-5.4625,0.7536
55.30540180206299,-0.0814,0.0127,0.1844,-0.0992,-5.4633,0.749
55.30551600456238,-0.0812,0.0162,0.1799,-0.7794,-5.4641,0.2747
55.445422649383545,-0.0811,0.014,0.1693,-0.4499,-5.4649,-0.0635
55.445621967315674,-0.0811,0.0092,0.1693,0.4987,-5.4657,0.2085
55.44574475288391,-0.0811,0.0085,0.1771,0.5597,-5.4665,0.5749
55.445870876312256,-0.0809,0.0115,0.1813,0.098,-5.4673,0.6748
55.44598984718323,-0.0807,0.0147,0.1798,-0.5313,-5.4681,0.3589
55.44611096382141,-0.0805,0.0138,0.1712,-0.5519,-5.469,-0.0327
55.44622492790222,-0.0806,0.0093,0.1679,0.1675,-5.4698,0.0143
55.44633984565735,-0.0805,0.0067,0.1721,0.5737,-5.4706,0.352
55.44645285606384,-0.0804,0.0081,0.1782,0.4782,-5.4714,0.6723
55.446579933166504,-0.0802,0.0122,0.1842,0.1194,-5.4722,0.8062
55.44669699668884,-0.08,0.0164,0.1821,-0.4974,-5.473,0.5288
55.446812868118286,-0.0798,0.0166,0.1756,-0.5816,-5.4738,0.1509
55.44693183898926,-0.0797,0.0131,0.1695,-0.0598,-5.4746,0.0643
55.447046756744385,-0.0797,0.0098,0.1725,0.5667,-5.4754,0.4023
55.5973858833313,-0.0796,0.0108,0.1792,0.4164,-5.4762,0.6911
55.59755492210388,-0.0794,0.0143,0.1826,-0.0928,-5.477,0.6775
55.59767985343933,-0.0791,0.0166,0.1771,-0.5982,-5.4777,0.2992
55.597797870635986,-0.079,0.0145,0.1704,-0.1313,-5.4785,0.1731
55.59791088104248,-0.079,0.0119,0.1719,0.3884,-5.4793,0.392
55.59804081916809,-0.0789,0.0121,0.1766,0.3856,-5.4801,0.643
55.59815692901611,-0.0786,0.0148,0.1804,-0.0519,-5.4809,0.6395
55.59827184677124,-0.0784,0.0166,0.1765,-0.5462,-5.4817,0.29
55.59838795661926,-0.0783,0.0144,0.1688,-0.327,-5.4825,0.0251
55.59850072860718,-0.0783,0.0103,0.1688,0.5133,-5.4833,0.301
55.59862399101257,-0.0782,0.0102,0.1764,0.5699,-5.484,0.6675
55.59873676300049,-0.078,0.0136,0.1815,0.1542,-5.4848,0.804
55.5988609790802,-0.0778,0.0174,0.1813,-0.5414,-5.4856,0.4919
55.59898805618286,-0.0776,0.017,0.1724,-0.7519,-5.4864,-0.0206
55.59910988807678,-0.0776,0.0117,0.165,0.0106,-5.4871,-0.0967
55.73774576187134,-0.0776,0.0072,0.1695,0.7677,-5.4879,0.3464
55.73794889450073,-0.0775,0.0084,0.179,0.6555,-5.4887,0.7851
55.73806691169739,-0.0773,0.0136,0.1845,0.0192,-5.4895,0.855
55.738198041915894,-0.077,0.0178,0.1803,-0.7013,-5.4902,0.4322
55.73831605911255,-0.0769,0.0167,0.1712,-0.5081,-5.491,0.0681
55.738430976867676,-0.0768,0.0123,0.1674,0.2034,-5.4918,0.134
55.73854470252991,-0.0768,0.01,0.1733,0.5463,-5.4925,0.4624
55.73865985870361,-0.0766,0.0115,0.178,0.2922,-5.4933,0.661
55.738786935806274,-0.0764,0.0145,0.1802,-0.2066,-5.4941,0.5546
55.7389030456543,-0.0762,0.0155,0.1743,-0.6247,-5.4948,0.136
55.73901891708374,-0.0762,0.0122,0.1671,-0.0273,-5.4956,0.0497
55.7391517162323,-0.0762,0.009,0.1728,0.7104,-5.4964,0.4791
55.73928499221802,-0.076,0.011,0.1804,0.3443,-5.4971,0.7272
55.739441871643066,-0.0758,0.0148,0.1819,-0.2495,-5.4979,0.6049
55.87902784347534,-0.0756,0.0162,0.1762,-0.76,-5.4986,0.1124
55.879209995269775,-0.0756,0.0125,0.1668,-0.3293,-5.4994,-0.1713
55.87933588027954,-0.0756,0.0071,0.1679,0.4745,-5.5001,0.0687
55.879451751708984,-0.0756,0.0056,0.1742,0.5406,-5.5009,0.3954
55.879575967788696,-0.0755,0.0078,0.1791,0.4248,-5.5017,0.6836
55.87968993186951,-0.0752,0.0121,0.1839,0.0375,-5.5024,0.7587
55.87980890274048,-0.075,0.0159,0.1799,-0.6237,-5.5032,0.3796
55.879923820495605,-0.0749,0.0148,0.1724,-0.4647,-5.5039,0.049
55.8800368309021,-0.0749,0.0108,0.1696,0.1626,-5.5047,0.1014
55.880149841308594,-0.0748,0.0086,0.1746,0.4201,-5.5054,0.3545
55.88026785850525,-0.0747,0.0095,0.1777,0.2569,-5.5061,0.5247
55.88040590286255,-0.0745,0.0117,0.1809,-0.029,-5.5069,0.5341
55.880539894104004,-0.0744,0.0134,0.1777,-0.5032,-5.5076,0.2154
55.88067674636841,-0.0743,0.0115,0.1714,-0.3683,-5.5084,-0.0628
56.0207097530365,-0.0743,0.0074,0.1695,0.361,-5.5091,0.1144
56.020912885665894,-0.0743,0.0063,0.1768,0.4881,-5.5099,0.4252
56.021063804626465,-0.0741,0.0086,0.1799,0.1315,-5.5106,0.5285
56.02119588851929,-0.074,0.0112,0.1807,-0.17,-5.5113,0.4446
56.021315813064575,-0.0738,0.0121,0.1777,-0.4004,-5.5121,0.1909
56.02143883705139,-0.0738,0.0104,0.1733,-0.3005,-5.5128,-0.0314
56.02155375480652,-0.0738,0.0069,0.1711,0.212,-5.5136,0.0598
56.02166700363159,-0.0737,0.0054,0.1757,0.3362,-5.5143,0.2629
56.0217809677124,-0.0737,0.0064,0.178,0.1684,-5.515,0.3749
56.021892786026,-0.0735,0.0081,0.181,0.0655,-5.5158,0.4422
56.022008657455444,-0.0734,0.01,0.1799,-0.3959,-5.5165,0.2048
56.0221266746521,-0.0733,0.009,0.1739,-0.4561,-5.5172,-0.1157
56.0222430229187,-0.0734,0.0052,0.1701,0.2003,-5.518,-0.0413
56.022355794906616,-0.0734,0.0032,0.1757,0.3979,-5.5187,0.1996
56.16215491294861,-0.0733,0.0042,0.1785,0.0806,-5.5194,0.256
56.16232967376709,-0.0732,0.0054,0.1792,0.0187,-5.5202,0.2776
56.16245889663696,-0.0731,0.0065,0.1796,-0.0964,-5.5209,0.2284
56.16257882118225,-0.0731,0.0068,0.1782,-0.143,-5.5216,0.1392
56.16270899772644,-0.073,0.0061,0.1766,-0.0712,-5.5224,0.0845
56.16282391548157,-0.073,0.0051,0.1758,0.01,-5.5231,0.0755
56.16293978691101,-0.073,0.0043,0.176,0.1555,-5.5238,0.1619
56.1630539894104,-0.0729,0.0046,0.1787,0.1399,-5.5246,0.2571
56.16317272186279,-0.0728,0.0057,0.1791,-0.0213,-5.5253,0.2518
56.16328978538513,-0.0728,0.0065,0.1783,-0.1638,-5.526,0.1489
56.1634087562561,-0.0727,0.006,0.1755,-0.1842,-5.5267,0.0123
56.16352677345276,-0.0727,0.0043,0.1743,-0.0153,-5.5275,-0.025
56.16365885734558,-0.0727,0.0028,0.1748,0.1924,-5.5282,0.0743
56.163792848587036,-0.0727,0.0027,0.1776,0.2337,-5.5289,0.2206
56.16392803192139,-0.0726,0.004,0.1793,0.0836,-5.5296,0.2825
56.17940974235535,-0.0725,0.0056,0.1802,-0.1165,-5.5304,0.2226
56.32209300994873,-0.0724,0.0061,0.1771,-0.3368,-5.5311,-0.0018
56.32227301597595,-0.0725,0.0042,0.1726,-0.063,-5.5318,-0.0832
56.32240104675293,-0.0725,0.0021,0.1745,0.3636,-5.5325,0.1237
56.3225200176239,-0.0724,0.0027,0.179,0.2329,-5.5333,0.2783
56.32263493537903,-0.0723,0.0046,0.1797,0.0592,-5.534,0.3264
56.32275891304016,-0.0722,0.0064,0.18,-0.0514,-5.5347,0.3069
56.32287788391113,-0.0721,0.0075,0.1789,-0.207,-5.5354,0.1789
56.32299494743347,-0.0721,0.007,0.1764,-0.1786,-5.5362,0.0511
56.32311177253723,-0.0721,0.0054,0.1754,-0.025,-5.5369,0.0141
56.32322669029236,-0.0721,0.0039,0.1753,0.1423,-5.5376,0.0841
56.323341846466064,-0.072,0.0036,0.1779,0.1908,-5.5383,0.2033
56.32345700263977,-0.072,0.0045,0.1794,0.0407,-5.539,0.2363
56.32357597351074,-0.0719,0.0054,0.1791,-0.1536,-5.5398,0.1427
56.32369589805603,-0.0718,0.0052,0.1763,-0.2989,-5.5405,-0.0655
56.32381582260132,-0.0719,0.003,0.1731,-0.0762,-5.5412,-0.1539
56.46535396575928,-0.0719,0.0006,0.1733,0.1413,-5.5419,-0.102
56.46552276611328,-0.0719,-0.0006,0.1756,0.2245,-5.5426,0.0192
56.46564984321594,-0.0719,-0.0002,0.1777,0.1732,-5.5433,0.1222
56.4657678604126,-0.0719,0.001,0.1791,0.0467,-5.5441,0.1536
56.46588373184204,-0.0719,0.0022,0.1788,-0.009,-5.5448,0.1476
56.466009855270386,-0.0718,0.003,0.179,0.0298,-5.5455,0.169
56.46612572669983,-0.0718,0.0037,0.1796,-0.0989,-5.5462,0.1115
56.466243743896484,-0.0717,0.0037,0.1776,-0.173,-5.5469,-0.0082
56.46636986732483,-0.0717,0.0025,0.1759,-0.0934,-5.5477,-0.0899
56.46648597717285,-0.0717,0.0009,0.1755,0.1089,-5.5484,-0.0445
56.46659779548645,-0.0718,0.0002,0.1774,0.1979,-5.5491,0.0715
56.46672797203064,-0.0717,0.0008,0.1792,0.1173,-5.5498,0.148
56.46685791015625,-0.0717,0.002,0.1802,0.1054,-5.5505,0.225
56.46700382232666,-0.0716,0.0036,0.1817,0.0508,-5.5512,0.2783
56.60704684257507,-0.0715,0.0052,0.1817,-0.1987,-5.552,0.1712
56.60722994804382,-0.0715,0.0053,0.1788,-0.3703,-5.5527,-0.0678
56.60735893249512,-0.0715,0.0031,0.1734,-0.1073,-5.5534,-0.177
56.60747480392456,-0.0715,0.0004,0.1755,0.4413,-5.5541,0.082
56.607603788375854,-0.0715,0.0011,0.1805,0.1531,-5.5548,0.1907
56.60772490501404,-0.0715,0.0026,0.1797,-0.0427,-5.5555,0.1679
56.60783886909485,-0.0714,0.0035,0.1806,0.1016,-5.5562,0.2446
56.60795593261719,-0.0713,0.0048,0.1813,-0.0967,-5.557,0.1994
56.60807967185974,-0.0713,0.0053,0.1792,-0.1931,-5.5577,0.0771
56.60819888114929,-0.0712,0.0045,0.1768,-0.1157,-5.5584,-0.013
56.608319997787476,-0.0712,0.003,0.1769,0.0704,-5.5591,0.0166
56.60843801498413,-0.0712,0.0023,0.1775,-0.0293,-5.5598,-0.0148
56.608553886413574,-0.0712,0.0014,0.1765,0.0019,-5.5605,-0.0335
56.6086859703064,-0.0713,0.0007,0.1776,0.12,-5.5612,0.0312
56.76044678688049,-0.0712,0.0008,0.1788,0.0429,-5.5619,0.0548
56.76062893867493,-0.0712,0.0011,0.1786,0.0124,-5.5627,0.0573
56.76075887680054,-0.0712,0.0013,0.1793,0.0787,-5.5634,0.1072
56.760875940322876,-0.0712,0.002,0.18,0.0179,-5.5641,0.1229
56.760993003845215,-0.0711,0.0026,0.1807,-0.0177,-5.5648,0.1211
56.76111102104187,-0.0711,0.003,0.1795,-0.1534,-5.5655,0.0234
56.761234760284424,-0.0711,0.0023,0.1783,-0.0991,-5.5662,-0.0483
56.76135873794556,-0.0711,0.0012,0.1774,-0.086,-5.5669,-0.1196
56.76147985458374,-0.0711,-0.0004,0.1762,-0.0261,-5.5676,-0.1614
56.7616069316864,-0.0712,-0.0018,0.1765,0.0877,-5.5684,-0.1286
56.76172375679016,-0.0712,-0.0025,0.1768,0.1092,-5.5691,-0.0802
56.761844873428345,-0.0713,-0.0026,0.1787,0.2219,-5.5698,0.0539
56.761961936950684,-0.0712,-0.0013,0.1811,0.0643,-5.5705,0.1042
56.76207900047302,-0.0712,0.0001,0.18,-0.1319,-5.5712,0.0202
56.76219391822815,-0.0712,0.0003,0.1786,-0.0119,-5.5719,0.0041
56.89998269081116,-0.0712,0.0002,0.1792,0.0957,-5.5726,0.0614
56.900184869766235,-0.0712,0.0008,0.1801,0.0322,-5.5733,0.0845
56.90031695365906,-0.0712,0.0014,0.1799,-0.0241,-5.574,0.0702
56.90043592453003,-0.0711,0.0016,0.1796,-0.0029,-5.5748,0.0674
56.90056276321411,-0.0711,0.0018,0.18,-0.0447,-5.5755,0.0405
56.900683879852295,-0.0711,0.0017,0.1788,-0.1164,-5.5762,-0.0417
56.900803089141846,-0.0711,0.0008,0.1778,-0.0646,-5.5769,-0.0981
56.90092372894287,-0.0711,-0.0004,0.1771,-0.0213,-5.5776,-0.1326
56.901041746139526,-0.0712,-0.0016,0.177,0.0825,-5.5783,-0.1015
56.901161909103394,-0.0712,-0.0021,0.1779,0.1361,-5.579,-0.0299
56.90129780769348,-0.0712,-0.0018,0.1797,0.1887,-5.5797,0.0886
56.901439905166626,-0.0712,-0.0004,0.1815,0.0661,-5.5805,0.1416
56.901577949523926,-0.0712,0.0011,0.1814,-0.0647,-5.5812,0.1102
56.90171790122986,-0.0711,0.0019,0.1806,-0.0195,-5.5819,0.1023
57.04374384880066,-0.0711,0.0023,0.1805,-0.1125,-5.5826,0.0339
57.04394888877869,-0.0711,0.0019,0.1787,-0.1121,-5.5833,-0.048
57.0440719127655,-0.0711,0.0009,0.1784,0.042,-5.584,-0.033
57.04419565200806,-0.0711,0.0003,0.1793,-0.0438,-5.5847,-0.0678
57.044317960739136,-0.0711,-0.0005,0.1778,-0.14,-5.5854,-0.1762
57.04443693161011,-0.0712,-0.002,0.1765,0.0168,-5.5861,-0.1934
57.044556856155396,-0.0712,-0.0033,0.1772,0.1345,-5.5869,-0.1304
57.04467296600342,-0.0713,-0.0036,0.1793,0.2629,-5.5876,0.0302
57.044787883758545,-0.0713,-0.0022,0.1817,0.179,-5.5883,0.1547
57.04490280151367,-0.0712,-0.0,0.1833,0.0595,-5.589,0.2142
57.045027017593384,-0.0712,0.0021,0.1832,-0.0626,-5.5897,0.1955
57.04514670372009,-0.0711,0.0033,0.1823,-0.1822,-5.5904,0.0934
57.04527187347412,-0.0711,0.0033,0.1796,-0.225,-5.5911,-0.056
57.045400857925415,-0.0711,0.0017,0.1769,-0.0594,-5.5918,-0.1182
57.045522928237915,-0.0711,0.0001,0.1782,0.1976,-5.5925,-0.0065
57.18515491485596,-0.0711,-0.0,0.1807,0.1358,-5.5933,0.083
57.18533396720886,-0.0711,0.0008,0.181,-0.0393,-5.594,0.0622
57.18547201156616,-0.0711,0.0012,0.1801,-0.0447,-5.5947,0.0313
57.1855947971344,-0.0711,0.0011,0.1801,0.0071,-5.5954,0.0334
57.185712814331055,-0.071,0.0011,0.18,-0.0246,-5.5961,0.0145
57.18583083152771,-0.071,0.0009,0.1794,0.0011,-5.5968,0.0073
57.18594479560852,-0.071,0.0007,0.18,0.0527,-5.5975,0.0374
57.18606090545654,-0.071,0.0009,0.1805,-0.0078,-5.5982,0.032
57.1861789226532,-0.071,0.0009,0.1798,-0.0433,-5.5989,-0.0015
57.186296701431274,-0.071,0.0006,0.1794,-0.0163,-5.5997,-0.0209
57.18641471862793,-0.071,0.0002,0.1791,-0.0185,-5.6004,-0.0437
57.1865336894989,-0.071,-0.0003,0.1789,-0.0227,-5.6011,-0.0715
57.1866569519043,-0.0711,-0.0009,0.1784,-0.0215,-5.6018,-0.1025
57.186774015426636,-0.0711,-0.0016,0.1785,0.0436,-5.6025,-0.0916
57.329689741134644,-0.0711,-0.002,0.1791,0.0517,-5.6032,-0.0713
57.3298659324646,-0.0711,-0.0021,0.1794,0.1447,-5.6039,0.0109
57.32999396324158,-0.0711,-0.0014,0.1814,0.1454,-5.6046,0.1084
57.33011198043823,-0.0711,0.0001,0.1823,0.0208,-5.6053,0.1326
57.33024191856384,-0.0711,0.0014,0.1819,-0.0503,-5.606,0.1085
57.33036780357361,-0.071,0.002,0.1818,-0.0303,-5.6068,0.0967
57.33048701286316,-0.071,0.0024,0.1809,-0.1398,-5.6075,0.0078
57.33060598373413,-0.071,0.0017,0.1788,-0.0927,-5.6082,-0.066
57.33072304725647,-0.071,0.0006,0.1784,0.0814,-5.6089,-0.0308
57.3308379650116,-0.071,0.0001,0.18,0.0901,-5.6096,0.0208
57.33095192909241,-0.071,0.0003,0.1805,0.0199,-5.6103,0.0303
57.33108878135681,-0.071,0.0005,0.1806,0.0595,-5.611,0.066
57.33123993873596,-0.071,0.001,0.1817,0.0327,-5.6117,0.0923
57.331361055374146,-0.071,0.0016,0.1815,-0.0262,-5.6124,0.0794
57.47579073905945,-0.0709,0.0019,0.1809,-0.0066,-5.6131,0.0751
57.475966930389404,-0.0709,0.0021,0.1817,-0.0056,-5.6139,0.0769
57.47609496116638,-0.0709,0.0022,0.1808,-0.1425,-5.6146,-0.0162
57.4762167930603,-0.0709,0.0014,0.1793,-0.053,-5.6153,-0.0623
57.476332902908325,-0.0709,0.0004,0.1789,0.0075,-5.616,-0.0731
57.4764609336853,-0.0709,-0.0005,0.1791,0.0388,-5.6167,-0.063
57.47657895088196,-0.071,-0.0009,0.1797,0.0448,-5.6174,-0.0452
57.476696729660034,-0.071,-0.0011,0.18,0.0342,-5.6181,-0.0325
57.47681379318237,-0.071,-0.0011,0.1802,0.0557,-5.6188,-0.0045
57.47692894935608,-0.071,-0.0008,0.1807,0.0675,-5.6195,0.0347
57.47704792022705,-0.071,-0.0002,0.1813,0.0597,-5.6202,0.0735
57.47716975212097,-0.0709,0.0006,0.1819,0.0573,-5.621,0.1151
57.477295875549316,-0.0709,0.0015,0.1826,0.0334,-5.6217,0.1471
57.47743105888367,-0.0709,0.0025,0.1825,-0.043,-5.6224,0.129
57.47756886482239,-0.0708,0.003,0.1821,-0.1331,-5.6231,0.0499
57.62032198905945,-0.0708,0.0026,0.1797,-0.1482,-5.6238,-0.0563
57.62050199508667,-0.0708,0.0013,0.1793,0.021,-5.6245,-0.057
57.620638847351074,-0.0708,0.0003,0.1799,-0.0516,-5.6252,-0.1009
57.6207709312439,-0.0709,-0.0008,0.1782,-0.138,-5.6259,-0.2141
57.6208918094635,-0.0709,-0.0026,0.1768,0.0603,-5.6266,-0.2107
57.6210150718689,-0.071,-0.0039,0.1782,0.2584,-5.6273,-0.0697
57.621131896972656,-0.071,-0.0034,0.1817,0.2403,-5.628,0.0846
57.62124800682068,-0.071,-0.0016,0.184,0.0768,-5.6288,0.1505
57.62136387825012,-0.071,0.0004,0.1836,-0.1159,-5.6295,0.0904
57.621479749679565,-0.0709,0.0011,0.182,-0.0806,-5.6302,0.0422
57.621596813201904,-0.0709,0.0012,0.1813,-0.0671,-5.6309,-0.0026
57.62171483039856,-0.0709,0.0008,0.18,-0.0602,-5.6316,-0.0525
57.62182879447937,-0.0709,0.0001,0.1797,0.058,-5.6323,-0.029
57.621946811676025,-0.0709,-0.0002,0.1809,0.0352,-5.633,-0.0121
57.765207052230835,-0.0709,-0.0003,0.1807,-0.0225,-5.6337,-0.0338
57.765380859375,-0.071,-0.0005,0.1809,0.0667,-5.6344,0.0032
57.765519857406616,-0.071,-0.0003,0.1818,0.0515,-5.6351,0.0368
57.76564383506775,-0.0709,0.0001,0.1819,0.0068,-5.6358,0.0423
57.765758991241455,-0.0709,0.0005,0.1819,0.0463,-5.6366,0.0733
57.76588678359985,-0.0709,0.0011,0.1824,0.03,-5.6373,0.0975
57.76600885391235,-0.0709,0.0017,0.1826,-0.0155,-5.638,0.0939
57.766127824783325,-0.0708,0.0021,0.1824,0.0012,-5.6387,0.0997
57.76625299453735,-0.0708,0.0024,0.1828,-0.0952,-5.6394,0.0466
57.76637101173401,-0.0708,0.0022,0.1807,-0.1461,-5.6401,-0.0553
57.766488790512085,-0.0708,0.001,0.1796,-0.0279,-5.6408,-0.0896
57.76662588119507,-0.0708,-0.0002,0.1799,0.0925,-5.6415,-0.0443
57.76675581932068,-0.0709,-0.0006,0.181,0.0683,-5.6422,-0.0076
57.76692199707031,-0.0709,-0.0005,0.1811,0.0203,-5.6429,-0.0011
57.7670578956604,-0.0709,-0.0003,0.1813,0.0172,-5.6436,0.0044
57.92151975631714,-0.0709,-0.0002,0.1812,-0.0033,-5.6443,-0.0037
57.921711683273315,-0.0709,-0.0002,0.1811,-0.0066,-5.6451,-0.0147
57.92185592651367,-0.0709,-0.0003,0.1809,-0.0093,-5.6458,-0.0295
57.92198085784912,-0.0709,-0.0005,0.1806,-0.0203,-5.6465,-0.0535
57.92210793495178,-0.0709,-0.0009,0.1806,-0.0141,-5.6472,-0.0739
57.92222881317139,-0.0709,-0.0013,0.1805,-0.0203,-5.6479,-0.0999
57.922353744506836,-0.0709,-0.0019,0.1803,-0.0079,-5.6486,-0.12
57.92247486114502,-0.071,-0.0025,0.1805,0.0541,-5.6493,-0.0986
57.922595739364624,-0.071,-0.0027,0.1807,0.1365,-5.65,-0.0235
57.922714710235596,-0.071,-0.0021,0.1829,0.1535,-5.6507,0.0794
57.922855854034424,-0.071,-0.0007,0.1839,-0.0083,-5.6514,0.0848
57.92298173904419,-0.071,0.0003,0.1828,-0.0747,-5.6522,0.0402
57.92310285568237,-0.071,0.0006,0.1823,-0.0085,-5.6529,0.0348
57.92322587966919,-0.071,0.0008,0.1825,-0.0101,-5.6536,0.0299
57.92335486412048,-0.0709,0.0008,0.1817,-0.0141,-5.6543,0.0168
57.92346906661987,-0.0709,0.0007,0.1819,0.009,-5.655,0.0197
57.93943500518799,-0.0709,0.0007,0.1819,-0.0483,-5.6557,-0.0149
58.08892583847046,-0.0709,0.0004,0.1812,-0.0489,-5.6564,-0.0551
58.08912372589111,-0.071,-0.0003,0.181,-0.0205,-5.6571,-0.0792
58.089272022247314,-0.071,-0.001,0.1809,0.0186,-5.6578,-0.0793
58.08940005302429,-0.071,-0.0015,0.1809,0.023,-5.6585,-0.0768
58.089523792266846,-0.071,-0.0018,0.1813,0.0302,-5.6592,-0.0675
58.08965873718262,-0.071,-0.0019,0.1814,0.0391,-5.66,-0.0515
58.08977675437927,-0.0711,-0.0018,0.1822,0.1382,-5.6607,0.0339
58.089892864227295,-0.0711,-0.0009,0.1839,0.0683,-5.6614,0.0869
58.09000873565674,-0.071,0.0002,0.1839,0.0134,-5.6621,0.1045
58.090126752853394,-0.071,0.0011,0.1841,0.0167,-5.6628,0.1266
58.090245723724365,-0.071,0.002,0.1842,-0.0347,-5.6635,0.1167
58.090359926223755,-0.0709,0.0026,0.1833,-0.1171,-5.6642,0.0472
58.09047985076904,-0.0709,0.0023,0.1814,-0.0968,-5.6649,-0.0231
58.09059500694275,-0.0709,0.0014,0.1815,0.0095,-5.6656,-0.0249
58.09071683883667,-0.0709,0.0007,0.1818,-0.0704,-5.6663,-0.0767
58.23781394958496,-0.0709,-0.0003,0.1799,-0.1188,-5.6671,-0.1742
58.237990856170654,-0.071,-0.0019,0.1791,0.0427,-5.6678,-0.1739
58.23811888694763,-0.0711,-0.003,0.1802,0.0724,-5.6685,-0.1474
58.23823881149292,-0.0711,-0.0035,0.1809,0.1942,-5.6692,-0.038
58.23835587501526,-0.0711,-0.0029,0.1834,0.1818,-5.6699,0.0815
58.23847484588623,-0.0711,-0.0012,0.1847,0.0565,-5.6706,0.1299
58.23858976364136,-0.071,0.0004,0.1844,-0.0326,-5.6713,0.1197
58.23870587348938,-0.071,0.0015,0.1838,-0.0315,-5.672,0.1063
58.238823890686035,-0.071,0.0021,0.1837,-0.0878,-5.6727,0.0562
58.238948822021484,-0.071,0.002,0.1819,-0.1402,-5.6734,-0.0405
58.23906397819519,-0.071,0.001,0.1805,0.0192,-5.6742,-0.045
58.239176988601685,-0.071,0.0003,0.1817,0.1451,-5.6749,0.0398
58.2392897605896,-0.071,0.0006,0.1828,0.0493,-5.6756,0.0707
58.23941493034363,-0.0709,0.0011,0.1828,0.0164,-5.6763,0.0806
58.23952794075012,-0.0709,0.0015,0.1832,0.015,-5.677,0.0926
58.38175582885742,-0.0709,0.002,0.183,-0.0245,-5.6777,0.0776
58.38193488121033,-0.0709,0.0021,0.1825,-0.0186,-5.6784,0.0625
58.38207268714905,-0.0708,0.0021,0.1819,-0.0912,-5.6791,-0.004
58.38219690322876,-0.0708,0.0014,0.1805,-0.0803,-5.6798,-0.0741
58.38231801986694,-0.0709,0.0003,0.1797,-0.0142,-5.6805,-0.1081
58.38244080543518,-0.0709,-0.0009,0.1803,0.0537,-5.6812,-0.095
58.382563829422,-0.0709,-0.0015,0.1807,0.0479,-5.682,-0.0831
58.38268280029297,-0.071,-0.0019,0.1806,0.0944,-5.6827,-0.0426
58.38279867172241,-0.071,-0.0017,0.1822,0.1643,-5.6834,0.0546
58.38291573524475,-0.071,-0.0007,0.1837,0.0501,-5.6841,0.0897
58.38303208351135,-0.0709,0.0004,0.1833,-0.0575,-5.6848,0.0527
58.38314700126648,-0.0709,0.0008,0.1826,-0.0266,-5.6855,0.031
58.38326287269592,-0.0709,0.0009,0.1828,-0.0028,-5.6862,0.026
58.38339185714722,-0.0709,0.0009,0.1825,-0.0417,-5.6869,-0.0064
58.399449825286865,-0.0709,0.0005,0.1819,0.0084,-5.6876,-0.011
58.39959979057312,-0.0709,0.0003,0.1823,0.0551,-5.6883,0.0169
58.54657196998596,-0.0709,0.0004,0.1831,0.0294,-5.689,0.0334
58.5467529296875,-0.0709,0.0006,0.1833,0.0259,-5.6898,0.0495
58.54688787460327,-0.0709,0.0009,0.1835,0.0493,-5.6905,0.0823
58.54700803756714,-0.0708,0.0014,0.1839,0.0417,-5.6912,0.1132
58.5471248626709,-0.0708,0.0021,0.1844,0.0038,-5.6919,0.1232
58.54724383354187,-0.0708,0.0027,0.1836,-0.0295,-5.6926,0.1065
58.547361850738525,-0.0707,0.0029,0.1828,-0.1317,-5.6933,0.0177
58.5474808216095,-0.0707,0.0022,0.1806,-0.1184,-5.694,-0.079
58.54759883880615,-0.0707,0.0008,0.1801,0.0675,-5.6947,-0.0598
58.547725677490234,-0.0708,-0.0,0.1817,0.1054,-5.6954,-0.0056
58.54784679412842,-0.0708,-0.0001,0.1821,0.026,-5.6961,0.0003
58.54796290397644,-0.0708,-0.0001,0.1825,0.0427,-5.6968,0.0195
58.54808187484741,-0.0708,0.0002,0.1831,0.0098,-5.6975,0.0219
58.548197746276855,-0.0708,0.0003,0.1828,-0.0197,-5.6983,0.0026
58.54831266403198,-0.0708,0.0002,0.1826,0.02,-5.699,0.0076
58.691730976104736,-0.0708,0.0002,0.1832,0.0194,-5.6997,0.0159
58.69190764427185,-0.0707,0.0003,0.183,-0.0057,-5.7004,0.0069
58.692041873931885,-0.0707,0.0003,0.1829,0.0,-5.7011,0.0006
58.6921648979187,-0.0707,0.0002,0.1829,-0.0044,-5.7018,-0.0089
58.69229006767273,-0.0707,0.0001,0.1829,-0.0028,-5.7025,-0.0176
58.69241380691528,-0.0708,-0.0001,0.1829,-0.0213,-5.7032,-0.0387
58.692533016204834,-0.0708,-0.0005,0.1828,0.0011,-5.7039,-0.0459
58.69265389442444,-0.0708,-0.0008,0.1828,-0.0102,-5.7046,-0.061
58.69277477264404,-0.0708,-0.0011,0.1826,-0.0067,-5.7053,-0.076
58.6928927898407,-0.0708,-0.0015,0.1824,0.0154,-5.706,-0.078
58.69301199913025,-0.0708,-0.0018,0.1828,0.034,-5.7067,-0.0656
58.693130016326904,-0.0709,-0.0019,0.1826,0.0175,-5.7075,-0.0659
58.69324803352356,-0.0709,-0.002,0.1835,0.1566,-5.7082,0.0305
58.693368673324585,-0.0709,-0.0011,0.1854,0.0751,-5.7089,0.088
58.693482875823975,-0.0709,0.0001,0.1853,0.0104,-5.7096,0.1032
58.83693480491638,-0.0708,0.0011,0.1853,0.0107,-5.7103,0.1197
58.83711004257202,-0.0708,0.0019,0.1851,-0.0518,-5.711,0.0948
58.83723592758179,-0.0708,0.0023,0.1839,-0.1248,-5.7117,0.0141
58.83735799789429,-0.0707,0.0017,0.1823,-0.0876,-5.7124,-0.0549
58.83747577667236,-0.0708,0.0007,0.1819,0.0383,-5.7131,-0.0462
58.83760380744934,-0.0708,0.0,0.183,0.0649,-5.7138,-0.0126
58.83772277832031,-0.0708,-0.0001,0.1833,0.0335,-5.7145,0.0022
58.837838649749756,-0.0708,-0.0001,0.1836,0.0552,-5.7152,0.0331
58.83795499801636,-0.0708,0.0003,0.1845,0.038,-5.7159,0.0598
58.8380708694458,-0.0708,0.0008,0.1844,-0.0247,-5.7167,0.0448
58.83818578720093,-0.0707,0.001,0.1839,0.0106,-5.7174,0.0492
58.83832788467407,-0.0707,0.0012,0.1844,0.0151,-5.7181,0.0603
58.838459730148315,-0.0707,0.0014,0.184,-0.0329,-5.7188,0.0374
58.838603019714355,-0.0707,0.0013,0.1836,-0.0077,-5.7195,0.0279
58.98375606536865,-0.0707,0.0012,0.1838,0.0046,-5.7202,0.0272
58.98393487930298,-0.0707,0.0011,0.1837,-0.0632,-5.7209,-0.0178
58.984073877334595,-0.0707,0.0006,0.183,-0.0431,-5.7216,-0.0558
58.98420572280884,-0.0707,-0.0001,0.1828,-0.0178,-5.7223,-0.0793
58.98433780670166,-0.0707,-0.0009,0.1825,-0.0547,-5.723,-0.1294
58.984463691711426,-0.0708,-0.0019,0.1816,-0.0347,-5.7237,-0.1736
58.98458170890808,-0.0708,-0.003,0.1815,0.0648,-5.7244,-0.1552
58.98470091819763,-0.0709,-0.0036,0.1834,0.2325,-5.7251,-0.0155
58.98481583595276,-0.0709,-0.0027,0.1855,0.1625,-5.7259,0.0945
58.9849328994751,-0.0708,-0.001,0.1869,0.0751,-5.7266,0.159
58.985048055648804,-0.0708,0.0009,0.187,-0.0381,-5.7273,0.1518
58.98516297340393,-0.0707,0.0021,0.1859,-0.0616,-5.728,0.1223
58.98529100418091,-0.0707,0.0027,0.1848,-0.1669,-5.7287,0.0169
58.985411643981934,-0.0707,0.002,0.1825,-0.1197,-5.7294,-0.0748
58.98553276062012,-0.0707,0.0007,0.1822,-0.0566,-5.7301,-0.1288
59.141955852508545,-0.0708,-0.0008,0.1812,-0.0387,-5.7308,-0.1798
59.14213681221008,-0.0708,-0.0023,0.1814,0.0806,-5.7315,-0.1534
59.14226579666138,-0.0709,-0.0031,0.1822,0.189,-5.7322,-0.0515
59.14238381385803,-0.0709,-0.0027,0.1854,0.1899,-5.7329,0.0737
59.142512798309326,-0.0709,-0.0012,0.1862,0.0372,-5.7336,0.1065
59.14263081550598,-0.0708,0.0002,0.1867,0.0803,-5.7343,0.1718
59.14274978637695,-0.0708,0.0018,0.188,-0.0111,-5.7351,0.188
59.14286470413208,-0.0707,0.0031,0.1872,-0.1621,-5.7358,0.1014
59.14298391342163,-0.0707,0.0032,0.1848,-0.18,-5.7365,-0.0134
59.143101930618286,-0.0707,0.0021,0.1834,-0.1093,-5.7372,-0.0936
59.1432318687439,-0.0707,0.0006,0.1824,0.0116,-5.7379,-0.1041
59.14336585998535,-0.0707,-0.0006,0.1832,0.0994,-5.7386,-0.0533
59.143497943878174,-0.0708,-0.001,0.1839,0.0556,-5.7393,-0.0259
59.14363169670105,-0.0708,-0.0009,0.184,0.0412,-5.74,-0.0072
59.14374780654907,-0.0708,-0.0007,0.1847,0.0681,-5.7407,0.0338
59.14388585090637,-0.0708,-0.0002,0.1853,0.01,-5.7414,0.0418
59.28909492492676,-0.0708,0.0003,0.1851,0.0416,-5.7421,0.0687
59.28925681114197,-0.0707,0.0009,0.1856,0.0969,-5.7428,0.1353
59.28938579559326,-0.0707,0.0019,0.1864,0.0593,-5.7435,0.1837
59.28951382637024,-0.0706,0.0031,0.1868,-0.0303,-5.7442,0.1778
59.28963565826416,-0.0706,0.0039,0.1854,-0.1891,-5.745,0.0596
59.28975582122803,-0.0706,0.0033,0.1828,-0.1925,-5.7457,-0.0795
59.289874792099,-0.0706,0.0016,0.1808,-0.1072,-5.7464,-0.1792
59.29000496864319,-0.0706,-0.0007,0.1805,0.074,-5.7471,-0.1659
59.29012489318848,-0.0707,-0.0021,0.1814,0.1764,-5.7478,-0.0811
59.290241956710815,-0.0707,-0.0022,0.1835,0.2307,-5.7485,0.0538
59.29037594795227,-0.0707,-0.001,0.1853,0.0617,-5.7492,0.0926
59.29049491882324,-0.0707,0.0002,0.1858,0.0737,-5.7499,0.1435
59.29060888290405,-0.0706,0.0015,0.1869,0.0391,-5.7506,0.1812
59.29072570800781,-0.0706,0.0028,0.1865,-0.0894,-5.7513,0.1334
59.434059858322144,-0.0705,0.0033,0.1848,-0.1819,-5.752,0.0138
59.43423366546631,-0.0705,0.0024,0.1832,-0.1148,-5.7527,-0.0745
59.434361696243286,-0.0705,0.001,0.182,-0.0731,-5.7534,-0.1457
59.434484004974365,-0.0706,-0.0007,0.1815,0.038,-5.7541,-0.1499
59.43460392951965,-0.0706,-0.002,0.1825,0.0894,-5.7548,-0.1145
59.43473196029663,-0.0707,-0.0025,0.183,0.1583,-5.7555,-0.0316
59.434852838516235,-0.0707,-0.0021,0.1853,0.1895,-5.7563,0.0878
59.434974908828735,-0.0707,-0.0006,0.1867,-0.0524,-5.757,0.0618
59.43509387969971,-0.0706,0.0002,0.1848,-0.1449,-5.7577,-0.0371
59.43521308898926,-0.0706,-0.0002,0.1838,0.0072,-5.7584,-0.045
59.43533492088318,-0.0707,-0.0006,0.1842,0.0262,-5.7591,-0.0387
59.43545889854431,-0.0707,-0.0008,0.1844,0.0533,-5.7598,-0.0136
59.43557381629944,-0.0707,-0.0007,0.1849,0.068,-5.7605,0.0245
59.43569588661194,-0.0707,-0.0002,0.1855,0.0501,-5.7612,0.0554
59.43582272529602,-0.0707,0.0004,0.1861,0.0322,-5.7619,0.0791
59.58160376548767,-0.0706,0.001,0.1863,-0.0054,-5.7626,0.0807
59.581790924072266,-0.0706,0.0015,0.1861,-0.0201,-5.7633,0.0713
59.58192777633667,-0.0706,0.0018,0.1857,-0.0056,-5.764,0.0685
59.582056760787964,-0.0706,0.0019,0.186,-0.0726,-5.7647,0.0246
59.58217692375183,-0.0705,0.0016,0.1841,-0.1308,-5.7654,-0.0713
59.58229684829712,-0.0706,0.0004,0.1834,-0.0121,-5.7661,-0.0958
59.582414865493774,-0.0706,-0.0007,0.1834,0.0164,-5.7668,-0.1034
59.582533836364746,-0.0706,-0.0015,0.1836,0.0652,-5.7676,-0.0786
59.58265686035156,-0.0707,-0.0018,0.1844,0.0588,-5.7683,-0.0524
59.582772970199585,-0.0707,-0.0018,0.1854,0.1345,-5.769,0.0298
59.58289408683777,-0.0707,-0.0009,0.1871,0.0992,-5.7697,0.1014
59.58301091194153,-0.0706,0.0003,0.1878,0.0122,-5.7704,0.1225
59.58313488960266,-0.0706,0.0014,0.1875,-0.0442,-5.7711,0.1056
59.58325672149658,-0.0706,0.002,0.1871,-0.0257,-5.7718,0.0984
59.599421977996826,-0.0705,0.0024,0.186,-0.143,-5.7725,0.0074
59.599570751190186,-0.0705,0.0017,0.184,-0.0943,-5.7732,-0.0667
59.74575090408325,-0.0705,0.0006,0.1839,0.0732,-5.7739,-0.0348
59.74592876434326,-0.0706,0.0001,0.1853,0.1009,-5.7746,0.0247
59.746057987213135,-0.0705,0.0003,0.1857,0.03,-5.7753,0.0412
59.746176958084106,-0.0705,0.0006,0.186,0.0436,-5.776,0.0688
59.74629282951355,-0.0705,0.0011,0.1865,0.0167,-5.7767,0.083
59.74641466140747,-0.0705,0.0016,0.1864,-0.0242,-5.7774,0.0701
59.746532678604126,-0.0705,0.0018,0.1858,-0.0199,-5.7781,0.0554
59.74665069580078,-0.0704,0.0018,0.1862,-0.0102,-5.7788,0.05
59.74677085876465,-0.0704,0.0017,0.1854,-0.1057,-5.7795,-0.0234
59.74689197540283,-0.0704,0.001,0.1842,-0.0787,-5.7803,-0.0885
59.74701166152954,-0.0705,-0.0002,0.1834,-0.0403,-5.781,-0.1356
59.74713683128357,-0.0705,-0.0014,0.1832,0.0324,-5.7817,-0.1377
59.74725675582886,-0.0706,-0.0024,0.184,0.0588,-5.7824,-0.118
59.747381925582886,-0.0706,-0.0028,0.1851,0.1848,-5.7831,-0.0094
59.74749779701233,-0.0706,-0.002,0.1872,0.1383,-5.7838,0.0843
59.89231204986572,-0.0706,-0.0006,0.1878,0.08,-5.7845,0.1458
59.892488956451416,-0.0705,0.001,0.189,0.0789,-5.7852,0.2158
59.892616987228394,-0.0705,0.0028,0.1893,-0.0638,-5.7859,0.1968
59.89274287223816,-0.0704,0.0039,0.1875,-0.2259,-5.7866,0.0605
59.89286780357361,-0.0704,0.0033,0.1843,-0.2217,-5.7873,-0.0963
59.89299297332764,-0.0704,0.0014,0.1822,-0.0231,-5.788,-0.1414
59.893112659454346,-0.0704,-0.0004,0.1834,0.1599,-5.7887,-0.0605
59.89323282241821,-0.0705,-0.0009,0.1849,0.0749,-5.7894,-0.0246
59.89336085319519,-0.0705,-0.0009,0.1852,0.0769,-5.7901,0.0146
59.89348602294922,-0.0705,-0.0005,0.1863,0.1255,-5.7908,0.0937
59.89360570907593,-0.0704,0.0006,0.1875,0.0055,-5.7915,0.1043
59.89372181892395,-0.0704,0.0014,0.1867,-0.0355,-5.7922,0.0829
59.89384388923645,-0.0704,0.0018,0.1867,0.0383,-5.7929,0.109
59.893980741500854,-0.0703,0.0023,0.1875,-0.0193,-5.7936,0.1041
59.89412879943848,-0.0703,0.0026,0.1861,-0.151,-5.7943,0.0037
60.04021501541138,-0.0703,0.0019,0.1846,-0.0419,-5.795,-0.0374
60.04041600227356,-0.0703,0.001,0.1847,0.0812,-5.7957,0.0015
60.0405387878418,-0.0703,0.0007,0.186,0.0696,-5.7965,0.0413
60.04066777229309,-0.0703,0.0009,0.1863,0.036,-5.7972,0.0616
60.04078388214111,-0.0703,0.0012,0.1868,0.0455,-5.7979,0.0916
60.04090070724487,-0.0703,0.0017,0.1869,-0.0061,-5.7986,0.0895
60.04101872444153,-0.0702,0.0021,0.1865,-0.0171,-5.7993,0.0773
60.041133880615234,-0.0702,0.0022,0.1862,0.0044,-5.8,0.0771
60.04125165939331,-0.0702,0.0023,0.1863,-0.0866,-5.8007,0.0183
60.041385889053345,-0.0702,0.0018,0.1847,-0.1136,-5.8014,-0.0699
60.04151177406311,-0.0702,0.0006,0.1837,-0.0307,-5.8021,-0.1124
60.04164099693298,-0.0702,-0.0007,0.1838,0.052,-5.8028,-0.1019
60.041759967803955,-0.0703,-0.0015,0.1845,0.0595,-5.8035,-0.082
60.0418918132782,-0.0703,-0.0018,0.1848,0.0894,-5.8042,-0.0414
60.19781684875488,-0.0703,-0.0017,0.1866,0.1503,-5.8049,0.0519
60.19799280166626,-0.0703,-0.0007,0.1881,0.048,-5.8056,0.09
60.19811773300171,-0.0703,0.0004,0.1877,-0.0658,-5.8063,0.0523
60.198240995407104,-0.0702,0.0008,0.1868,-0.0223,-5.807,0.0366
60.19835591316223,-0.0702,0.0009,0.1868,0.0088,-5.8077,0.0411
60.198481798172,-0.0702,0.001,0.1863,-0.0335,-5.8084,0.0145
60.19859981536865,-0.0702,0.0009,0.1861,-0.0067,-5.8091,0.0033
60.19871783256531,-0.0702,0.0006,0.186,-0.0179,-5.8098,-0.0164
60.19883489608765,-0.0702,0.0003,0.186,-0.0289,-5.8105,-0.0437
60.19895601272583,-0.0702,-0.0002,0.1858,-0.0297,-5.8112,-0.0729
60.19907283782959,-0.0703,-0.0009,0.1855,0.0068,-5.8119,-0.0815
60.19920778274536,-0.0703,-0.0014,0.1859,0.026,-5.8126,-0.0756
60.199344873428345,-0.0703,-0.0017,0.1859,0.0154,-5.8133,-0.0769
60.19948387145996,-0.0703,-0.002,0.186,0.0376,-5.814,-0.0633
60.19961071014404,-0.0703,-0.002,0.1864,0.1275,-5.8147,0.011
60.199750900268555,-0.0703,-0.0013,0.188,0.1052,-5.8154,0.0826
60.34485983848572,-0.0703,-0.0001,0.1884,0.0298,-5.8161,0.1095
60.345030784606934,-0.0703,0.001,0.1886,0.0172,-5.8168,0.1302
60.345157861709595,-0.0702,0.002,0.1887,-0.0399,-5.8175,0.1151
60.34528207778931,-0.0702,0.0025,0.1884,-0.1149,-5.8182,0.0492
60.345401763916016,-0.0702,0.0022,0.1863,-0.1185,-5.8189,-0.0341
60.34552502632141,-0.0702,0.0012,0.1856,0.048,-5.8196,-0.0156
60.34563994407654,-0.0702,0.0007,0.187,0.1249,-5.8203,0.0619
60.34575581550598,-0.0702,0.0011,0.1878,0.0363,-5.821,0.0883
60.34587073326111,-0.0702,0.0016,0.1879,0.0299,-5.8217,0.1113
60.345985889434814,-0.0701,0.0022,0.1885,0.0086,-5.8224,0.1254
60.34611678123474,-0.0701,0.0028,0.1883,-0.0321,-5.8231,0.112
60.34624481201172,-0.07,0.003,0.1878,-0.1056,-5.8238,0.047
60.3463716506958,-0.07,0.0026,0.1863,-0.1188,-5.8245,-0.0377
60.34652781486511,-0.07,0.0014,0.1849,0.0196,-5.8252,-0.0434
60.34664869308472,-0.0701,0.0006,0.1866,0.1571,-5.8259,0.0509
60.49175810813904,-0.07,0.0009,0.188,0.0411,-5.8266,0.0803
60.49197173118591,-0.07,0.0014,0.1876,-0.025,-5.8273,0.0647
60.49209499359131,-0.07,0.0016,0.1876,0.0167,-5.828,0.0758
60.49222183227539,-0.07,0.0019,0.1877,-0.0106,-5.8287,0.0698
60.49234080314636,-0.0699,0.002,0.1871,-0.0305,-5.8294,0.0467
60.49247193336487,-0.0699,0.0019,0.1865,-0.0489,-5.8301,0.0071
60.492591857910156,-0.0699,0.0014,0.1856,-0.0415,-5.8308,-0.0343
60.492717027664185,-0.0699,0.0006,0.1853,-0.0353,-5.8315,-0.0749
60.492849826812744,-0.07,-0.0003,0.1848,-0.0085,-5.8322,-0.1024
60.49298286437988,-0.07,-0.0012,0.1853,0.0475,-5.8329,-0.091
60.49311900138855,-0.07,-0.0017,0.1861,0.0344,-5.8336,-0.0826
60.49325180053711,-0.07,-0.002,0.1858,0.0652,-5.8343,-0.0568
60.49339699745178,-0.0701,-0.002,0.1874,0.1391,-5.835,0.0281
60.49352693557739,-0.0701,-0.0011,0.1885,0.0363,-5.8357,0.0544
60.49364686012268,-0.07,-0.0002,0.188,-0.0423,-5.8364,0.027
60.63795566558838,-0.07,0.0001,0.1877,0.0074,-5.8371,0.0297
60.63812184333801,-0.07,0.0004,0.1878,-0.0067,-5.8378,0.0242
60.63824987411499,-0.07,0.0005,0.1875,-0.0341,-5.8385,-0.0016
60.63837170600891,-0.07,0.0003,0.187,-0.0167,-5.8392,-0.0197
60.63848805427551,-0.07,0.0,0.1871,0.0339,-5.8399,-0.0047
60.638609886169434,-0.07,-0.0,0.1875,0.0122,-5.8406,-0.0012
60.63873100280762,-0.07,-0.0,0.1874,-0.0008,-5.8413,-0.007
60.63884687423706,-0.07,-0.0001,0.1874,0.0248,-5.842,0.0038
60.6389639377594,-0.07,-0.0,0.1876,0.011,-5.8427,0.0065
60.639075756073,-0.07,0.0,0.1877,0.0067,-5.8434,0.0071
60.63919377326965,-0.07,0.0001,0.1874,-0.0087,-5.8441,-0.0043
60.63930797576904,-0.07,0.0,0.1875,0.0074,-5.8448,-0.0049
60.639431953430176,-0.07,-0.0,0.1874,-0.0036,-5.8455,-0.0137
60.63955092430115,-0.07,-0.0002,0.1873,0.0106,-5.8462,-0.0141
60.7848539352417,-0.07,-0.0002,0.1874,0.0011,-5.8469,-0.0199
60.7850399017334,-0.07,-0.0004,0.1871,-0.0105,-5.8476,-0.0355
60.785178899765015,-0.07,-0.0006,0.1871,0.0055,-5.8483,-0.0412
60.78531289100647,-0.0701,-0.0008,0.1872,-0.0077,-5.849,-0.0554
60.785435914993286,-0.0701,-0.0011,0.1869,0.0048,-5.8497,-0.0637
60.7855589389801,-0.0701,-0.0014,0.1872,0.0393,-5.8504,-0.0477
60.78567886352539,-0.0701,-0.0014,0.1878,0.0231,-5.8512,-0.0385
60.785796880722046,-0.0701,-0.0014,0.1877,0.0096,-5.8519,-0.0386
60.78591275215149,-0.0701,-0.0013,0.1875,0.0909,-5.8526,0.0119
60.786027908325195,-0.0701,-0.0008,0.1892,0.1094,-5.8533,0.0868
60.78614282608032,-0.0701,0.0003,0.1894,-0.0135,-5.854,0.0842
60.78625679016113,-0.0701,0.001,0.1889,0.0302,-5.8547,0.1068
60.78637099266052,-0.07,0.0017,0.1901,0.0608,-5.8554,0.1579
60.7864990234375,-0.07,0.0028,0.19,-0.049,-5.8561,0.1382
60.78661608695984,-0.07,0.0033,0.1885,-0.1063,-5.8568,0.0708
60.93118095397949,-0.0699,0.003,0.1877,-0.0351,-5.8575,0.0436
60.931357860565186,-0.0699,0.0025,0.1869,-0.0964,-5.8582,-0.0299
60.93148589134216,-0.0699,0.0015,0.1858,0.0028,-5.8589,-0.0477
60.93160581588745,-0.0699,0.0006,0.1868,0.0898,-5.8596,-0.0025
60.93172097206116,-0.0699,0.0004,0.1875,0.0315,-5.8603,0.0092
60.931851863861084,-0.0699,0.0003,0.1874,0.0412,-5.861,0.0268
60.93196892738342,-0.0699,0.0005,0.1881,0.074,-5.8617,0.07
60.93208193778992,-0.0699,0.001,0.1889,0.032,-5.8624,0.092
60.93220400810242,-0.0699,0.0016,0.1888,-0.0037,-5.863,0.091
60.9323308467865,-0.0698,0.002,0.1889,0.0255,-5.8637,0.1094
60.932445764541626,-0.0698,0.0025,0.1889,0.0223,-5.8644,0.1261
60.93258285522461,-0.0698,0.003,0.1887,-0.1029,-5.8651,0.0605
60.93269991874695,-0.0697,0.0027,0.1878,-0.0839,-5.8658,0.0001
60.93284606933594,-0.0697,0.0019,0.1871,-0.0908,-5.8665,-0.0702
61.07790780067444,-0.0698,0.0006,0.1859,-0.0778,-5.8672,-0.1417
61.07808303833008,-0.0698,-0.0009,0.1854,0.0564,-5.8679,-0.1315
61.078208923339844,-0.0699,-0.0019,0.1864,0.0898,-5.8686,-0.0931
61.07833290100098,-0.0699,-0.0023,0.1868,0.1081,-5.8693,-0.0407
61.07845592498779,-0.0699,-0.002,0.1886,0.1967,-5.87,0.0819
61.078574657440186,-0.0699,-0.0006,0.1903,0.0259,-5.8707,0.107
61.07869100570679,-0.0698,0.0006,0.1892,-0.0683,-5.8714,0.0639
61.078810691833496,-0.0698,0.0011,0.1887,0.0282,-5.8721,0.0803
61.07892298698425,-0.0698,0.0015,0.1897,0.0162,-5.8728,0.0963
61.079038858413696,-0.0698,0.002,0.1888,-0.0748,-5.8735,0.0472
61.07915377616882,-0.0697,0.0019,0.1879,-0.0279,-5.8742,0.0216
61.079269886016846,-0.0697,0.0015,0.188,-0.0024,-5.8749,0.0127
61.0793879032135,-0.0697,0.0012,0.1876,-0.0695,-5.8756,-0.0425
61.07950472831726,-0.0698,0.0004,0.1864,-0.057,-5.8763,-0.0989
61.0796217918396,-0.0698,-0.0007,0.1863,0.0648,-5.877,-0.0786
61.22361493110657,-0.0698,-0.0012,0.1873,0.0545,-5.8777,-0.0581
61.22378897666931,-0.0698,-0.0014,0.1875,0.0362,-5.8784,-0.0486
61.2239248752594,-0.0698,-0.0015,0.1879,0.0712,-5.8791,-0.0134
61.22404599189758,-0.0698,-0.0012,0.1887,0.072,-5.8798,0.0277
61.224175691604614,-0.0698,-0.0005,0.1896,0.1078,-5.8805,0.0987
61.224294900894165,-0.0698,0.0006,0.1904,0.0679,-5.8812,0.1507
61.22440791130066,-0.0698,0.0019,0.191,0.0624,-5.8819,0.2038
61.22452187538147,-0.0697,0.0033,0.1918,0.0166,-5.8826,0.2339
61.22463798522949,-0.0696,0.0046,0.1913,-0.1734,-5.8833,0.138
61.22475790977478,-0.0696,0.0046,0.1887,-0.2463,-5.884,-0.0235
61.22487688064575,-0.0696,0.003,0.1865,-0.1753,-5.8847,-0.156
61.22499489784241,-0.0696,0.0006,0.1844,-0.0285,-5.8854,-0.2104
61.22511267662048,-0.0697,-0.0017,0.1854,0.1792,-5.8861,-0.125
61.22523379325867,-0.0697,-0.0024,0.1877,0.2708,-5.8868,0.0353
61.225353956222534,-0.0697,-0.0013,0.1906,0.1854,-5.8875,0.1617
61.381162881851196,-0.0697,0.0006,0.1913,0.1041,-5.8882,0.242
61.38133502006531,-0.0696,0.0028,0.1925,0.0439,-5.8889,0.2931
61.381474018096924,-0.0695,0.0048,0.1924,-0.2143,-5.8896,0.1775
61.381603717803955,-0.0694,0.0051,0.1883,-0.3597,-5.8903,-0.0613
61.38172388076782,-0.0695,0.003,0.1843,-0.1681,-5.8909,-0.2063
61.38184189796448,-0.0695,0.0001,0.1838,0.17,-5.8916,-0.1385
61.38195872306824,-0.0696,-0.0013,0.1865,0.2962,-5.8923,0.0297
61.38207387924194,-0.0696,-0.0006,0.1903,0.212,-5.893,0.1704
61.382189989089966,-0.0695,0.0012,0.1912,-0.0539,-5.8937,0.1465
61.38230586051941,-0.0695,0.0023,0.1901,-0.0775,-5.8944,0.1002
61.3824257850647,-0.0694,0.0026,0.189,-0.1076,-5.8951,0.0271
61.3825409412384,-0.0694,0.0021,0.1874,-0.0342,-5.8958,-0.0105
61.38265895843506,-0.0694,0.0013,0.1878,-0.0054,-5.8965,-0.0277
61.382776737213135,-0.0694,0.0007,0.1871,-0.0591,-5.8972,-0.0851
61.38289403915405,-0.0695,-0.0004,0.1869,0.0856,-5.8979,-0.0511
61.52750372886658,-0.0695,-0.0007,0.1886,0.093,-5.8986,-0.0002
61.52768898010254,-0.0695,-0.0005,0.1888,0.029,-5.8993,0.0099
61.527835845947266,-0.0695,-0.0003,0.189,0.0926,-5.9,0.0632
61.52797269821167,-0.0695,0.0004,0.1905,0.0926,-5.9007,0.1276
61.52810478210449,-0.0694,0.0015,0.191,0.0479,-5.9014,0.1672
61.52823495864868,-0.0694,0.0027,0.1916,0.0627,-5.9021,0.2211
61.52836608886719,-0.0693,0.0041,0.1928,-0.0642,-5.9028,0.2024
61.528496742248535,-0.0692,0.0048,0.1915,-0.2756,-5.9034,0.0379
61.52863001823425,-0.0692,0.0037,0.1877,-0.259,-5.9041,-0.1435
61.52876281738281,-0.0693,0.0012,0.1853,-0.0516,-5.9048,-0.2101
61.52888870239258,-0.0693,-0.0012,0.1858,0.1695,-5.9055,-0.132
61.52901768684387,-0.0694,-0.0021,0.1876,0.2804,-5.9062,0.0298
61.529157876968384,-0.0694,-0.0012,0.1918,0.25,-5.9069,0.2029
61.52930402755737,-0.0693,0.0011,0.1933,-0.0638,-5.9076,0.1853
61.52944898605347,-0.0692,0.0026,0.192,-0.175,-5.9083,0.0869
61.67625689506531,-0.0692,0.0027,0.1897,-0.1401,-5.909,-0.0056
61.67643904685974,-0.0692,0.0018,0.1891,-0.0639,-5.9097,-0.0539
61.67656397819519,-0.0692,0.0007,0.1879,0.0128,-5.9104,-0.0616
61.676681995391846,-0.0692,-0.0001,0.1887,0.1238,-5.9111,0.0075
61.67679572105408,-0.0692,0.0,0.1901,0.0689,-5.9118,0.0511
61.676918029785156,-0.0692,0.0005,0.1904,0.078,-5.9124,0.1026
61.67703175544739,-0.0692,0.0014,0.1915,0.1224,-5.9131,0.1909
61.67714476585388,-0.0691,0.0028,0.1928,0.0914,-5.9138,0.2698
61.67725896835327,-0.069,0.0046,0.1938,-0.0814,-5.9145,0.2452
61.6773738861084,-0.069,0.0056,0.1921,-0.3358,-5.9152,0.0444
61.67750096321106,-0.0689,0.0044,0.1874,-0.2721,-5.9159,-0.1503
61.67761993408203,-0.069,0.0016,0.1855,0.1613,-5.9166,-0.0797
61.67773103713989,-0.069,0.0003,0.1893,0.2726,-5.9173,0.0891
61.67785382270813,-0.069,0.0011,0.1909,0.0417,-5.918,0.1201
61.677992820739746,-0.069,0.0019,0.1903,-0.0417,-5.9187,0.0933
61.822837829589844,-0.0689,0.0023,0.1903,0.0449,-5.9194,0.1227
61.82301592826843,-0.0689,0.0028,0.1911,0.0276,-5.92,0.1469
61.82314682006836,-0.0688,0.0034,0.1905,-0.0548,-5.9207,0.1135
61.823269844055176,-0.0688,0.0035,0.1901,-0.0295,-5.9214,0.0936
61.82338881492615,-0.0688,0.0033,0.1898,-0.0588,-5.9221,0.052
61.82351088523865,-0.0688,0.0028,0.1885,-0.0052,-5.9228,0.0359
61.8236289024353,-0.0687,0.0023,0.1895,0.089,-5.9235,0.0871
61.823747873306274,-0.0687,0.0025,0.1903,-0.0198,-5.9242,0.0738
61.82386779785156,-0.0687,0.0025,0.1891,-0.0163,-5.9249,0.054
61.82398271560669,-0.0687,0.0023,0.1901,0.1212,-5.9255,0.1298
61.82409906387329,-0.0686,0.0028,0.1913,0.0206,-5.9262,0.1493
61.82421588897705,-0.0686,0.0034,0.191,-0.0955,-5.9269,0.092
61.82433485984802,-0.0685,0.0033,0.1899,-0.0822,-5.9276,0.0353
61.82445788383484,-0.0685,0.0027,0.1888,-0.1259,-5.9283,-0.058
61.82457900047302,-0.0686,0.0013,0.1869,-0.0427,-5.929,-0.1127
61.96915292739868,-0.0686,-0.0002,0.1872,0.169,-5.9297,-0.0288
61.96932673454285,-0.0686,-0.0004,0.1897,0.1631,-5.9303,0.0685
61.96944999694824,-0.0686,0.0004,0.1907,0.0921,-5.931,0.1274
61.96956491470337,-0.0685,0.0015,0.1918,0.1394,-5.9317,0.2258
61.969679832458496,-0.0685,0.0033,0.1936,0.0655,-5.9324,0.2897
61.96980571746826,-0.0684,0.0051,0.1936,-0.1877,-5.9331,0.1911
61.969929933547974,-0.0683,0.0054,0.1904,-0.336,-5.9338,-0.0261
61.97004795074463,-0.0683,0.0036,0.1866,-0.1269,-5.9344,-0.1367
61.970162868499756,-0.0684,0.0012,0.1868,0.0768,-5.9351,-0.1159
61.9702787399292,-0.0684,-0.0003,0.1877,0.1446,-5.9358,-0.0456
61.970393657684326,-0.0684,-0.0007,0.189,0.1583,-5.9365,0.0421
61.970519065856934,-0.0684,-0.0001,0.1907,0.1522,-5.9372,0.1381
61.97063708305359,-0.0684,0.0013,0.192,0.0701,-5.9379,0.1913
61.970755100250244,-0.0683,0.0028,0.1924,0.0004,-5.9385,0.2036
62.115397691726685,-0.0682,0.0039,0.1921,-0.1176,-5.9392,0.1373
62.11557078361511,-0.0682,0.0041,0.1902,-0.2055,-5.9399,0.0011
62.11570191383362,-0.0682,0.0029,0.1881,-0.1197,-5.9406,-0.096
62.115822076797485,-0.0682,0.0011,0.187,0.0757,-5.9413,-0.0759
62.11593794822693,-0.0682,0.0,0.1891,0.2027,-5.942,0.0406
62.11605882644653,-0.0682,0.0004,0.191,0.1269,-5.9426,0.1215
62.11617374420166,-0.0682,0.0015,0.1919,0.1164,-5.9433,0.2027
62.116288900375366,-0.0681,0.003,0.1935,0.1094,-5.944,0.2922
62.11640501022339,-0.068,0.005,0.1939,-0.1105,-5.9447,0.2434
62.11652088165283,-0.0679,0.0058,0.191,-0.2964,-5.9454,0.0538
62.116639852523804,-0.0679,0.0046,0.1874,-0.1048,-5.946,-0.0386
62.1167528629303,-0.0679,0.0029,0.1877,0.105,-5.9467,0.0056
62.116864919662476,-0.0679,0.0021,0.1889,0.1341,-5.9474,0.0769
62.11698389053345,-0.0679,0.0022,0.19,0.0853,-5.9481,0.124
62.11709785461426,-0.0679,0.0027,0.191,0.0793,-5.9488,0.175
62.26205277442932,-0.0678,0.0036,0.1922,0.0656,-5.9494,0.2259
62.26225686073303,-0.0677,0.0047,0.1918,-0.1588,-5.9501,0.1296
62.262383699417114,-0.0677,0.0046,0.189,-0.2295,-5.9508,-0.0328
62.26251578330994,-0.0677,0.0029,0.1875,-0.0696,-5.9515,-0.104
62.26263976097107,-0.0677,0.001,0.1871,0.0224,-5.9521,-0.1196
62.26275992393494,-0.0678,-0.0005,0.1879,0.1477,-5.9528,-0.0498
62.26287794113159,-0.0678,-0.0008,0.1898,0.1783,-5.9535,0.053
62.26300001144409,-0.0678,-0.0,0.1915,0.1333,-5.9542,0.1393
62.26311492919922,-0.0677,0.0013,0.1929,0.0553,-5.9549,0.186
62.263232946395874,-0.0677,0.0027,0.1935,-0.0239,-5.9555,0.1863
62.263351917266846,-0.0676,0.0037,0.1932,-0.1079,-5.9562,0.1312
62.26347064971924,-0.0676,0.0039,0.1915,-0.2138,-5.9569,-0.0051
62.263588666915894,-0.0676,0.0027,0.1891,-0.0762,-5.9576,-0.0703
62.26370668411255,-0.0676,0.0012,0.1889,0.0704,-5.9582,-0.0433
62.26382088661194,-0.0676,0.0004,0.1905,0.1501,-5.9589,0.0461
62.41930794715881,-0.0676,0.0007,0.1916,0.093,-5.9596,0.1062
62.41948390007019,-0.0676,0.0016,0.1925,0.12,-5.9603,0.1908
62.41962289810181,-0.0675,0.0029,0.1941,0.1518,-5.9609,0.3085
62.4197518825531,-0.0674,0.0051,0.1959,-0.0109,-5.9616,0.3348
62.41986894607544,-0.0673,0.0068,0.1948,-0.3141,-5.9623,0.1581
62.41999101638794,-0.0672,0.0063,0.1901,-0.4372,-5.963,-0.1319
62.420109033584595,-0.0673,0.0031,0.1845,-0.0808,-5.9636,-0.2336
62.42022490501404,-0.0674,-0.0001,0.1871,0.4833,-5.9643,0.0458
62.42033791542053,-0.0673,0.0004,0.1927,0.3157,-5.965,0.257
62.42045283317566,-0.0673,0.0028,0.194,-0.0151,-5.9657,0.2649
62.420567989349365,-0.0672,0.0045,0.193,-0.2106,-5.9663,0.1401
62.42068576812744,-0.0671,0.0045,0.1901,-0.2227,-5.967,-0.0135
62.42080783843994,-0.0671,0.003,0.1883,-0.0323,-5.9677,-0.0581
62.42092275619507,-0.0672,0.0016,0.1881,0.1013,-5.9683,-0.0186
62.421034812927246,-0.0672,0.0009,0.1898,0.1473,-5.969,0.0621
62.564868688583374,-0.0671,0.0012,0.191,0.0641,-5.9697,0.0977
62.56503701210022,-0.0671,0.0018,0.1914,0.0657,-5.9704,0.1377
62.56515979766846,-0.0671,0.0026,0.1922,0.0581,-5.971,0.1788
62.565279960632324,-0.067,0.0036,0.1919,-0.0941,-5.9717,0.1197
62.56539797782898,-0.067,0.0037,0.1904,-0.1067,-5.9724,0.0415
62.56552481651306,-0.067,0.003,0.1889,-0.0166,-5.973,0.0105
62.56563997268677,-0.0669,0.0022,0.1899,0.1185,-5.9737,0.0737
62.56575679779053,-0.0669,0.0022,0.1907,-0.0056,-5.9744,0.0623
62.56587076187134,-0.0669,0.0022,0.1896,0.002,-5.975,0.0474
62.56598496437073,-0.0669,0.002,0.1906,0.1676,-5.9757,0.1467
62.56610584259033,-0.0668,0.0028,0.1925,0.0645,-5.9764,0.1935
62.56624364852905,-0.0668,0.0039,0.193,-0.0764,-5.977,0.1528
62.56639385223389,-0.0667,0.0042,0.1918,-0.2089,-5.9777,0.0184
62.56653165817261,-0.0667,0.0031,0.1894,-0.2114,-5.9784,-0.1363
62.56665277481079,-0.0668,0.0009,0.1873,0.0553,-5.979,-0.135
62.71186184883118,-0.0668,-0.0007,0.1894,0.2476,-5.9797,0.0042
62.71203398704529,-0.0668,-0.0005,0.1914,0.1848,-5.9804,0.1173
62.712156772613525,-0.0668,0.0008,0.1932,0.1812,-5.9811,0.2421
62.712273836135864,-0.0667,0.0029,0.1952,0.0806,-5.9817,0.3176
62.71238970756531,-0.0666,0.0052,0.1957,-0.1734,-5.9824,0.2334
62.71251082420349,-0.0665,0.0059,0.1921,-0.3973,-5.983,-0.021
62.71263384819031,-0.0665,0.0039,0.1867,-0.2578,-5.9837,-0.2255
62.71274995803833,-0.0666,0.0005,0.1859,0.2027,-5.9844,-0.1404
62.71286487579346,-0.0666,-0.001,0.1894,0.3642,-5.985,0.0731
62.71297788619995,-0.0666,0.0,0.1933,0.1974,-5.9857,0.2073
62.71309280395508,-0.0665,0.002,0.1937,-0.1488,-5.9864,0.1214
62.713207960128784,-0.0665,0.0026,0.1913,-0.1705,-5.987,0.0047
62.71333384513855,-0.0665,0.0019,0.1898,-0.0205,-5.9877,-0.0264
62.713446855545044,-0.0665,0.0011,0.1902,0.1,-5.9884,0.0226
62.71355986595154,-0.0665,0.001,0.1912,0.0799,-5.989,0.0661
62.85799980163574,-0.0665,0.0013,0.1917,0.062,-5.9897,0.1011
62.858179807662964,-0.0665,0.0019,0.1925,0.0961,-5.9904,0.1646
62.85831594467163,-0.0664,0.0029,0.1937,0.0195,-5.991,0.1878
62.85843586921692,-0.0663,0.0039,0.194,-0.1259,-5.9917,0.1191
62.858558893203735,-0.0663,0.0039,0.1919,-0.2233,-5.9924,-0.0275
62.8586790561676,-0.0663,0.0025,0.1899,-0.1597,-5.993,-0.1483
62.85879874229431,-0.0664,0.0003,0.1883,-0.0071,-5.9937,-0.1835
62.85891675949097,-0.0664,-0.0016,0.1891,0.1238,-5.9943,-0.1297
62.85903477668762,-0.0665,-0.0024,0.1903,0.1786,-5.995,-0.0329
62.859150648117065,-0.0665,-0.002,0.1929,0.1415,-5.9957,0.0589
62.859267711639404,-0.0665,-0.0008,0.193,0.014,-5.9963,0.0699
62.859381914138794,-0.0664,0.0001,0.1933,0.1214,-5.997,0.1528
62.85949492454529,-0.0664,0.0016,0.195,0.0421,-5.9977,0.1975
62.85961079597473,-0.0663,0.003,0.1941,-0.1211,-5.9983,0.1311
63.005146741867065,-0.0663,0.0034,0.192,-0.195,-5.999,0.0016
63.005321979522705,-0.0663,0.0024,0.19,-0.1041,-5.9997,-0.0842
63.00544881820679,-0.0663,0.0009,0.189,-0.0586,-6.0003,-0.1488
63.00557279586792,-0.0663,-0.0009,0.1888,0.042,-6.001,-0.1513
63.00569295883179,-0.0664,-0.0021,0.1897,0.0589,-6.0016,-0.1372
63.00582194328308,-0.0664,-0.0028,0.1903,0.1546,-6.0023,-0.0577
63.005937814712524,-0.0665,-0.0025,0.1928,0.1635,-6.003,0.046
63.006062030792236,-0.0664,-0.0013,0.1935,0.0579,-6.0036,0.087
63.006179094314575,-0.0664,-0.0001,0.194,0.0664,-6.0043,0.1376
63.00629496574402,-0.0664,0.0013,0.1947,-0.0225,-6.005,0.1363
63.00641989707947,-0.0663,0.0022,0.1936,-0.069,-6.0056,0.098
63.0065598487854,-0.0663,0.0025,0.1927,-0.1252,-6.0063,0.0169
63.00669884681702,-0.0663,0.0019,0.1907,-0.0808,-6.007,-0.0508
63.006813764572144,-0.0663,0.0009,0.1907,0.0928,-6.0076,-0.0069
63.00693607330322,-0.0663,0.0005,0.1922,0.0785,-6.0083,0.0383
63.153403759002686,-0.0663,0.0007,0.1925,0.0227,-6.0089,0.049
63.15359282493591,-0.0663,0.001,0.1927,0.0771,-6.0096,0.0966
63.153724908828735,-0.0662,0.0016,0.1938,0.031,-6.0103,0.1223
63.1538507938385,-0.0662,0.0023,0.1934,-0.0419,-6.0109,0.0985
63.15398192405701,-0.0662,0.0026,0.1928,-0.0071,-6.0116,0.0929
63.154104709625244,-0.0661,0.0027,0.1923,-0.1285,-6.0123,0.0053
63.15422487258911,-0.0661,0.002,0.1902,-0.0992,-6.0129,-0.0792
63.15434169769287,-0.0662,0.0006,0.1898,0.089,-6.0136,-0.0455
63.15446186065674,-0.0662,-0.0,0.1912,0.0842,-6.0142,-0.0056
63.154592990875244,-0.0662,-0.0001,0.1915,0.0219,-6.0149,-0.0043
63.1547110080719,-0.0662,-0.0001,0.1918,0.0792,-6.0156,0.0363
63.15482783317566,-0.0662,0.0003,0.1929,0.0424,-6.0162,0.0609
63.154944896698,-0.0662,0.0008,0.1926,-0.0255,-6.0169,0.0398
63.15505886077881,-0.0661,0.0009,0.1924,0.0068,-6.0176,0.038
63.155173778533936,-0.0661,0.001,0.1926,0.0134,-6.0182,0.0419
63.30060696601868,-0.0661,0.0011,0.1923,-0.0223,-6.0189,0.0208
63.30078196525574,-0.0661,0.001,0.1921,-0.0001,-6.0195,0.0121
63.300912857055664,-0.0661,0.0008,0.1921,-0.0066,-6.0202,-0.0007
63.30103278160095,-0.0661,0.0006,0.1919,0.0071,-6.0209,-0.0066
63.301148891448975,-0.0661,0.0003,0.1924,0.0338,-6.0215,0.0076
63.301273822784424,-0.0661,0.0003,0.1926,0.0082,-6.0222,0.0065
63.30138897895813,-0.0661,0.0003,0.1923,0.0215,-6.0228,0.012
63.30150294303894,-0.0661,0.0003,0.1928,0.048,-6.0235,0.0381
63.301615715026855,-0.0661,0.0006,0.1932,0.0127,-6.0242,0.0442
63.301729917526245,-0.0661,0.0008,0.1933,0.0267,-6.0248,0.0599
63.30185389518738,-0.0661,0.0012,0.1937,0.038,-6.0255,0.0858
63.30198383331299,-0.066,0.0017,0.1944,0.0296,-6.0261,0.1122
63.302103996276855,-0.066,0.0023,0.1943,-0.0178,-6.0268,0.1074
63.30225467681885,-0.066,0.0026,0.1945,-0.0718,-6.0275,0.0689
63.44741606712341,-0.0659,0.0025,0.1929,-0.1485,-6.0281,-0.0308
63.44760584831238,-0.0659,0.0015,0.1914,-0.0838,-6.0288,-0.1
63.44775080680847,-0.066,0.0,0.1908,0.0603,-6.0294,-0.0817
63.44787883758545,-0.066,-0.0008,0.192,0.1177,-6.0301,-0.0184
63.4480037689209,-0.066,-0.0007,0.1927,0.0211,-6.0308,-0.0124
63.44811987876892,-0.066,-0.0006,0.1926,0.0471,-6.0314,0.0093
63.448237895965576,-0.066,-0.0003,0.1937,0.1109,-6.0321,0.0805
63.44835090637207,-0.066,0.0005,0.1946,0.0689,-6.0327,0.1314
63.4484658241272,-0.0659,0.0017,0.195,0.0079,-6.0334,0.146
63.448580741882324,-0.0659,0.0026,0.1947,-0.0346,-6.0341,0.1313
63.44869780540466,-0.0659,0.0031,0.1951,-0.1035,-6.0347,0.0751
63.448814868927,-0.0658,0.0029,0.1926,-0.1958,-6.0354,-0.0586
63.44893288612366,-0.0658,0.0015,0.1912,-0.0098,-6.036,-0.0829
63.44905090332031,-0.0659,0.0002,0.192,-0.0346,-6.0367,-0.1188
63.44918084144592,-0.0659,-0.001,0.1904,-0.1313,-6.0374,-0.2299
63.60667085647583,-0.066,-0.0029,0.1894,0.1112,-6.038,-0.1924
63.606852769851685,-0.066,-0.0039,0.1921,0.2886,-6.0387,-0.0216
63.60698080062866,-0.0661,-0.003,0.1951,0.2176,-6.0393,0.1246
63.60709881782532,-0.066,-0.0009,0.1966,0.0118,-6.04,0.1499
63.607221841812134,-0.066,0.0009,0.1952,-0.1211,-6.0407,0.0805
63.607341051101685,-0.0659,0.0014,0.1944,-0.082,-6.0413,0.0308
63.60745978355408,-0.0659,0.0013,0.1933,-0.1116,-6.042,-0.0458
63.607576847076416,-0.0659,0.0004,0.1919,-0.0012,-6.0426,-0.0622
63.60769486427307,-0.066,-0.0003,0.193,0.1069,-6.0433,-0.0012
63.60781002044678,-0.066,-0.0002,0.1936,0.03,-6.044,0.0143
63.607924938201904,-0.066,-0.0,0.1934,0.0408,-6.0446,0.0355
63.60804200172424,-0.0659,0.0003,0.1945,0.0866,-6.0453,0.0942
63.60815477371216,-0.0659,0.0012,0.1956,0.0591,-6.0459,0.1432
63.60826897621155,-0.0659,0.0022,0.1958,-0.0142,-6.0466,0.1469
63.60839295387268,-0.0658,0.003,0.1953,-0.0214,-6.0472,0.1429
63.60852098464966,-0.0658,0.0035,0.1945,-0.1825,-6.0479,0.0291
63.75370383262634,-0.0658,0.0027,0.192,-0.1552,-6.0486,-0.0854
63.75388693809509,-0.0658,0.0011,0.1903,-0.0988,-6.0492,-0.1769
63.75402498245239,-0.0659,-0.001,0.1895,0.0264,-6.0499,-0.1951
63.754151821136475,-0.0659,-0.0026,0.1904,0.1314,-6.0505,-0.1398
63.75427770614624,-0.066,-0.0032,0.1926,0.2604,-6.0512,0.0138
63.7544047832489,-0.066,-0.0021,0.1951,0.1846,-6.0519,0.1369
63.754530906677246,-0.0659,-0.0001,0.1967,0.0571,-6.0525,0.1899
63.754655838012695,-0.0659,0.0018,0.1962,-0.0827,-6.0532,0.1503
63.75478196144104,-0.0658,0.0027,0.1953,-0.15,-6.0538,0.0615
63.75490188598633,-0.0658,0.0025,0.1927,-0.1714,-6.0545,-0.0604
63.7550208568573,-0.0658,0.0012,0.1915,-0.0227,-6.0552,-0.0954
63.7551429271698,-0.0658,-0.0001,0.1911,-0.0346,-6.0558,-0.1424
63.75526189804077,-0.0659,-0.0015,0.1907,0.0407,-6.0565,-0.1443
63.75538086891174,-0.0659,-0.0024,0.1918,0.1124,-6.0571,-0.0927
63.755502700805664,-0.066,-0.0026,0.1936,0.2011,-6.0578,0.0284
63.90192794799805,-0.0659,-0.0016,0.196,0.093,-6.0584,0.0974
63.902116775512695,-0.0659,-0.0001,0.1958,-0.1257,-6.0591,0.0245
63.902251958847046,-0.0659,0.0001,0.1937,-0.0743,-6.0598,-0.03
63.90237474441528,-0.0659,-0.0002,0.1933,0.0607,-6.0604,-0.0009
63.902498960494995,-0.0659,-0.0001,0.1943,0.0508,-6.0611,0.0294
63.902620792388916,-0.0659,0.0002,0.1941,-0.0195,-6.0617,0.0128
63.90273880958557,-0.0659,0.0003,0.1941,0.0403,-6.0624,0.0344
63.902854919433594,-0.0659,0.0005,0.1947,0.0194,-6.0631,0.0473
63.90297174453735,-0.0659,0.0008,0.1947,-0.0333,-6.0637,0.0263
63.90308880805969,-0.0659,0.0008,0.194,-0.0242,-6.0644,0.0057
63.90322685241699,-0.0659,0.0006,0.1941,0.0044,-6.065,0.0041
63.903353691101074,-0.0659,0.0005,0.1939,-0.0173,-6.0657,-0.0135
63.90350675582886,-0.0659,0.0002,0.1935,0.0126,-6.0664,-0.0147
63.90362906455994,-0.0659,0.0,0.194,0.0392,-6.067,0.0047
63.903764963150024,-0.0659,0.0,0.1943,0.0099,-6.0677,0.0067
63.91940784454346,-0.0659,0.0001,0.1945,0.0034,-6.0683,0.0061
64.06622004508972,-0.0659,0.0001,0.1945,-0.0006,-6.069,0.0024
64.06639885902405,-0.0659,0.0001,0.1944,-0.0106,-6.0696,-0.0082
64.06653094291687,-0.0659,-0.0,0.1944,-0.0034,-6.0703,-0.0145
64.06665396690369,-0.0659,-0.0001,0.1943,-0.0121,-6.071,-0.0274
64.06677603721619,-0.0659,-0.0004,0.194,-0.005,-6.0716,-0.0378
64.0669150352478,-0.0659,-0.0006,0.194,-0.0058,-6.0723,-0.049
64.06703782081604,-0.0659,-0.0009,0.1939,-0.0118,-6.0729,-0.0653
64.06716799736023,-0.0659,-0.0013,0.1938,0.0,-6.0736,-0.0755
64.06729292869568,-0.066,-0.0016,0.1939,0.0355,-6.0743,-0.0623
64.06744480133057,-0.066,-0.0017,0.1941,0.037,-6.0749,-0.0466
64.06756091117859,-0.066,-0.0017,0.194,0.1013,-6.0756,0.0097
64.06768369674683,-0.066,-0.0011,0.1963,0.1545,-6.0762,0.1174
64.06781792640686,-0.066,0.0004,0.1974,0.0318,-6.0769,0.1542
64.0679349899292,-0.0659,0.0018,0.1974,0.0198,-6.0776,0.1841
64.06805086135864,-0.0658,0.003,0.1985,-0.0234,-6.0782,0.1943
64.21446585655212,-0.0658,0.004,0.1969,-0.2256,-6.0789,0.0629
64.21464085578918,-0.0658,0.0034,0.1942,-0.1839,-6.0795,-0.0614
64.21476602554321,-0.0658,0.0018,0.1924,0.0087,-6.0802,-0.075
64.21488571166992,-0.0658,0.0005,0.194,0.182,-6.0808,0.0338
64.21500372886658,-0.0658,0.0007,0.1959,0.0527,-6.0815,0.0729
64.21512794494629,-0.0658,0.0012,0.1953,-0.0704,-6.0822,0.0283
64.21524286270142,-0.0658,0.0011,0.1949,0.0172,-6.0828,0.0373
64.21535587310791,-0.0657,0.0011,0.1953,0.0019,-6.0835,0.0392
64.21547174453735,-0.0657,0.0012,0.1949,-0.0465,-6.0841,0.0069
64.21558880805969,-0.0657,0.0009,0.1941,-0.0138,-6.0848,-0.0108
64.21570181846619,-0.0657,0.0005,0.1945,0.0543,-6.0855,0.0181
64.21581482887268,-0.0657,0.0005,0.1949,0.0134,-6.0861,0.0235
64.21592974662781,-0.0657,0.0006,0.1946,-0.0048,-6.0868,0.0144
64.21604180335999,-0.0657,0.0006,0.1947,0.0104,-6.0874,0.0163
64.21615982055664,-0.0657,0.0006,0.1946,-0.0202,-6.0881,-0.0027
64.3613669872284,-0.0657,0.0004,0.1942,-0.0113,-6.0887,-0.019
64.36155891418457,-0.0657,0.0001,0.1941,-0.0097,-6.0894,-0.0356
64.36169385910034,-0.0657,-0.0003,0.1938,-0.0175,-6.0901,-0.0595
64.36181879043579,-0.0658,-0.0008,0.1935,-0.0135,-6.0907,-0.084
64.36195182800293,-0.0658,-0.0014,0.1932,-0.0073,-6.0914,-0.1069
64.36207485198975,-0.0658,-0.002,0.1933,0.0393,-6.092,-0.0994
64.36219382286072,-0.0658,-0.0024,0.1931,0.046,-6.0927,-0.0895
64.36231279373169,-0.0659,-0.0025,0.1943,0.1509,-6.0933,-0.0037
64.36242771148682,-0.0659,-0.0018,0.1955,0.0615,-6.094,0.0337
64.36254692077637,-0.0659,-0.0009,0.1955,-0.0217,-6.0947,0.0176
64.36266493797302,-0.0659,-0.0005,0.1951,-0.0105,-6.0953,0.006
64.36278486251831,-0.0659,-0.0003,0.1951,-0.0101,-6.096,-0.0052
64.36290407180786,-0.0659,-0.0002,0.1951,-0.0158,-6.0966,-0.0205
64.36303186416626,-0.0659,-0.0004,0.1946,-0.0145,-6.0973,-0.039
64.37937784194946,-0.0659,-0.0006,0.1947,0.0436,-6.098,-0.0193
64.3795108795166,-0.0659,-0.0006,0.1953,0.0184,-6.0986,-0.012
64.52770400047302,-0.0659,-0.0006,0.1951,-0.0038,-6.0993,-0.0202
64.52788186073303,-0.0659,-0.0006,0.1951,0.029,-6.0999,-0.0076
64.52801370620728,-0.0659,-0.0005,0.1954,0.0226,-6.1006,0.0033
64.52813267707825,-0.0659,-0.0003,0.1954,0.01,-6.1012,0.0056
64.5282506942749,-0.0659,-0.0002,0.1954,0.0128,-6.1019,0.0098
64.52838397026062,-0.0659,-0.0,0.1954,0.0044,-6.1026,0.0082
64.52850294113159,-0.0659,0.0001,0.1952,0.0143,-6.1032,0.0119
64.52861785888672,-0.0659,0.0002,0.1956,0.0028,-6.1039,0.0106
64.52873802185059,-0.0659,0.0002,0.1952,-0.0029,-6.1045,0.003
64.5288519859314,-0.0659,0.0002,0.1952,0.0151,-6.1052,0.007
64.52897000312805,-0.0659,0.0002,0.1953,-0.0028,-6.1059,-0.0005
64.52912378311157,-0.0659,0.0001,0.1951,0.0042,-6.1065,-0.005
64.52926993370056,-0.0659,0.0,0.1951,0.0058,-6.1072,-0.0083
64.5293939113617,-0.0659,-0.0001,0.1953,0.0214,-6.1078,-0.0006
64.5295159816742,-0.0659,-0.0,0.1954,0.0158,-6.1085,0.0045
64.68613195419312,-0.0659,0.0,0.1955,0.0127,-6.1092,0.0077
64.68634796142578,-0.0659,0.0001,0.1957,0.0198,-6.1098,0.0169
64.68650078773499,-0.0659,0.0002,0.1959,0.0176,-6.1105,0.0266
64.68661975860596,-0.0659,0.0004,0.1961,0.0212,-6.1111,0.0394
64.68673896789551,-0.0659,0.0007,0.1962,0.0114,-6.1118,0.0465
64.68685698509216,-0.0658,0.0009,0.1961,-0.0105,-6.1124,0.0393
64.68697381019592,-0.0658,0.001,0.1963,-0.0038,-6.1131,0.0373
64.68708777427673,-0.0658,0.0011,0.196,0.0024,-6.1138,0.0372
64.68720197677612,-0.0658,0.0011,0.1961,0.0171,-6.1144,0.0475
64.68731999397278,-0.0658,0.0012,0.1956,-0.0912,-6.1151,-0.0161
64.68743777275085,-0.0658,0.0007,0.1944,-0.0333,-6.1157,-0.0514
64.68755292892456,-0.0658,0.0,0.1946,0.0397,-6.1164,-0.0382
64.68767380714417,-0.0658,-0.0004,0.1948,-0.0265,-6.1171,-0.0673
64.68779492378235,-0.0658,-0.0009,0.1942,-0.0431,-6.1177,-0.1117
64.687912940979,-0.0659,-0.0017,0.1938,0.0547,-6.1184,-0.0966
64.68803095817566,-0.0659,-0.0022,0.1947,0.0684,-6.119,-0.0663
64.83502388000488,-0.0659,-0.0022,0.1953,0.0862,-6.1197,-0.0208
64.83520793914795,-0.0659,-0.0017,0.1958,0.0603,-6.1203,0.0121
64.83534169197083,-0.0659,-0.0011,0.1963,0.0211,-6.121,0.0231
64.83546495437622,-0.0659,-0.0005,0.1961,0.004,-6.1217,0.0218
64.83558487892151,-0.0659,-0.0002,0.1962,0.0339,-6.1223,0.0408
64.83569884300232,-0.0659,0.0003,0.1965,0.008,-6.123,0.0451
64.83581590652466,-0.0659,0.0006,0.1962,-0.0179,-6.1236,0.0307
64.83592867851257,-0.0659,0.0007,0.1962,0.0206,-6.1243,0.0411
64.83604288101196,-0.0659,0.0009,0.1967,0.006,-6.125,0.0456
64.83615779876709,-0.0659,0.0011,0.1963,-0.0082,-6.1256,0.0385
64.83627486228943,-0.0658,0.0011,0.196,0.0031,-6.1263,0.036
64.83638787269592,-0.0658,0.0011,0.1962,0.0062,-6.1269,0.0368
64.83650302886963,-0.0658,0.0012,0.1961,-0.0036,-6.1276,0.0308
64.83661699295044,-0.0658,0.0011,0.1959,-0.0026,-6.1283,0.0237
64.83672976493835,-0.0658,0.001,0.1959,0.0024,-6.1289,0.0195
64.98261976242065,-0.0658,0.0009,0.1957,0.0028,-6.1296,0.0141
64.98281073570251,-0.0658,0.0008,0.1959,0.0251,-6.1302,0.0244
64.98295187950134,-0.0658,0.0008,0.196,-0.0133,-6.1309,0.0103
64.98307991027832,-0.0658,0.0006,0.1956,-0.0261,-6.1315,-0.0151
64.98319983482361,-0.0658,0.0003,0.1955,0.0051,-6.1322,-0.0213
64.98332166671753,-0.0658,0.0,0.1957,0.0043,-6.1329,-0.0273
64.98344588279724,-0.0658,-0.0003,0.1955,-0.0197,-6.1335,-0.0502
64.98356890678406,-0.0658,-0.0007,0.195,-0.0123,-6.1342,-0.0728
64.98369097709656,-0.0658,-0.0012,0.1952,0.0405,-6.1348,-0.0602
64.98381185531616,-0.0659,-0.0014,0.1957,0.0399,-6.1355,-0.0444
64.98393177986145,-0.0659,-0.0014,0.1958,0.0188,-6.1361,-0.0415
64.98405289649963,-0.0659,-0.0014,0.196,0.0328,-6.1368,-0.0287
64.98416876792908,-0.0659,-0.0013,0.1958,0.0808,-6.1375,0.0138
64.98428583145142,-0.0659,-0.0007,0.1973,0.1088,-6.1381,0.0852
64.98440074920654,-0.0659,0.0003,0.1976,0.0144,-6.1388,0.0982
65.1317207813263,-0.0658,0.0012,0.1972,0.0326,-6.1394,0.1208
65.13189196586609,-0.0658,0.002,0.1985,0.0645,-6.1401,0.1734
65.13201785087585,-0.0657,0.0031,0.1992,-0.0499,-6.1408,0.1577
65.13213801383972,-0.0657,0.0037,0.1974,-0.1324,-6.1414,0.0765
65.13225603103638,-0.0657,0.0033,0.1964,-0.108,-6.1421,0.0029
65.1323766708374,-0.0657,0.0024,0.1948,-0.079,-6.1427,-0.0641
65.13249468803406,-0.0657,0.001,0.1942,0.072,-6.1434,-0.0384
65.13260889053345,-0.0657,0.0003,0.1956,0.0962,-6.144,0.0123
65.13272500038147,-0.0657,0.0004,0.1963,0.0344,-6.1447,0.0276
65.13283777236938,-0.0657,0.0005,0.1964,0.0564,-6.1454,0.058
65.13295269012451,-0.0657,0.0009,0.197,0.0343,-6.146,0.0785
65.13306593894958,-0.0656,0.0014,0.197,0.0016,-6.1467,0.0782
65.1331787109375,-0.0656,0.0018,0.1969,0.0075,-6.1473,0.0813
65.13329887390137,-0.0656,0.002,0.1971,0.0098,-6.148,0.087
65.2797040939331,-0.0656,0.0023,0.1969,-0.0997,-6.1486,0.0207
65.27988195419312,-0.0655,0.0018,0.1953,-0.0866,-6.1493,-0.0493
65.28001689910889,-0.0656,0.0008,0.1948,-0.0251,-6.1499,-0.0841
65.28014087677002,-0.0656,-0.0003,0.1947,0.0356,-6.1506,-0.0811
65.28026580810547,-0.0656,-0.001,0.1953,0.0828,-6.1513,-0.0439
65.28038883209229,-0.0656,-0.0011,0.196,0.0465,-6.1519,-0.0251
65.28050565719604,-0.0656,-0.001,0.1962,0.0696,-6.1526,0.0095
65.28062272071838,-0.0656,-0.0006,0.1973,0.1056,-6.1532,0.0758
65.28073692321777,-0.0656,0.0003,0.1983,0.0652,-6.1539,0.1236
65.28085088729858,-0.0656,0.0014,0.1988,0.0302,-6.1545,0.1531
65.28097581863403,-0.0655,0.0025,0.1989,-0.0107,-6.1552,0.1573
65.28109574317932,-0.0655,0.0033,0.1989,-0.1077,-6.1558,0.0995
65.28122282028198,-0.0654,0.0033,0.1965,-0.1678,-6.1565,-0.0152
65.28134179115295,-0.0654,0.0021,0.1952,-0.0804,-6.1572,-0.083
65.28146481513977,-0.0655,0.0007,0.194,-0.0699,-6.1578,-0.1543
65.42838501930237,-0.0655,-0.001,0.1934,0.0567,-6.1585,-0.1488
65.42856884002686,-0.0656,-0.0022,0.1948,0.1234,-6.1591,-0.0916
65.42869782447815,-0.0656,-0.0024,0.196,0.2132,-6.1598,0.0325
65.42881989479065,-0.0656,-0.0014,0.1991,0.1378,-6.1604,0.1305
65.42893695831299,-0.0655,0.0003,0.1993,-0.0823,-6.1611,0.0885
65.42907691001892,-0.0655,0.0011,0.1977,-0.0584,-6.1617,0.0506
65.42920970916748,-0.0655,0.0013,0.1977,-0.0202,-6.1624,0.0374
65.42932891845703,-0.0655,0.0012,0.1971,-0.0895,-6.1631,-0.0248
65.429447889328,-0.0655,0.0006,0.1957,-0.0217,-6.1637,-0.0537
65.42957091331482,-0.0655,-0.0001,0.1967,0.1085,-6.1644,0.0077
65.42969393730164,-0.0655,0.0,0.1977,0.0223,-6.165,0.0209
65.42982387542725,-0.0655,0.0002,0.1974,-0.0518,-6.1657,-0.0161
65.4299738407135,-0.0655,-0.0,0.1968,-0.0313,-6.1663,-0.0445
65.43010568618774,-0.0655,-0.0004,0.197,-0.0097,-6.167,-0.0582
65.43026399612427,-0.0655,-0.0009,0.197,-0.0371,-6.1676,-0.0901
65.57774472236633,-0.0656,-0.0015,0.1962,-0.0117,-6.1683,-0.1116
65.57791590690613,-0.0656,-0.0021,0.1964,0.0783,-6.169,-0.0737
65.5780417919159,-0.0656,-0.0022,0.1975,0.0692,-6.1696,-0.0347
65.5781638622284,-0.0656,-0.0019,0.1982,0.1661,-6.1703,0.0721
65.57828092575073,-0.0656,-0.0006,0.2005,0.1539,-6.1709,0.1884
65.57840299606323,-0.0656,0.0014,0.2017,0.0336,-6.1716,0.2366
65.57853388786316,-0.0655,0.0033,0.2018,-0.0778,-6.1722,0.2147
65.57865071296692,-0.0654,0.0044,0.2001,-0.2741,-6.1729,0.0542
65.57877492904663,-0.0654,0.0036,0.1965,-0.2535,-6.1735,-0.1194
65.57889294624329,-0.0654,0.0014,0.1941,-0.11,-6.1742,-0.2187
65.57901096343994,-0.0655,-0.0012,0.1934,0.0816,-6.1748,-0.2009
65.57915496826172,-0.0656,-0.0028,0.1947,0.2517,-6.1755,-0.0651
65.57928276062012,-0.0656,-0.0026,0.1982,0.2921,-6.1762,0.1214
65.57940578460693,-0.0655,-0.0006,0.2009,0.1683,-6.1768,0.2486
65.57952094078064,-0.0655,0.002,0.2019,-0.0411,-6.1775,0.2495
65.74071502685547,-0.0654,0.0038,0.2011,-0.238,-6.1781,0.118
65.74089193344116,-0.0653,0.0038,0.1972,-0.2763,-6.1788,-0.066
65.74101877212524,-0.0654,0.002,0.1949,-0.001,-6.1794,-0.0896
65.74113893508911,-0.0654,0.0005,0.1959,-0.0041,-6.1801,-0.1094
65.7412588596344,-0.0654,-0.0007,0.195,-0.0203,-6.1807,-0.1472
65.74139189720154,-0.0655,-0.0019,0.1955,0.1478,-6.1814,-0.0738
65.7415087223053,-0.0655,-0.0021,0.1977,0.1927,-6.1821,0.0444
65.74162292480469,-0.0655,-0.001,0.1997,0.1265,-6.1827,0.1343
65.74173784255981,-0.0654,0.0006,0.2004,0.0174,-6.1834,0.1598
65.74185180664062,-0.0654,0.002,0.1997,-0.0489,-6.184,0.1382
65.74198889732361,-0.0654,0.0027,0.1991,-0.1129,-6.1847,0.0716
65.74212384223938,-0.0653,0.0026,0.1975,-0.1163,-6.1853,-0.0094
65.74224305152893,-0.0653,0.0017,0.1967,-0.0778,-6.186,-0.0716
65.74235796928406,-0.0654,0.0005,0.1956,0.007,-6.1866,-0.0877
65.74248695373535,-0.0654,-0.0005,0.1967,0.1114,-6.1873,-0.0296
65.7426187992096,-0.0654,-0.0006,0.1975,0.0624,-6.1879,0.0025
65.8801839351654,-0.0654,-0.0004,0.1978,0.0667,-6.1886,0.0397
65.8803379535675,-0.0654,0.0001,0.1988,0.0885,-6.1892,0.0981
65.88045883178711,-0.0653,0.001,0.1999,0.0707,-6.1899,0.1535
65.88057684898376,-0.0653,0.0022,0.2002,-0.0197,-6.1905,0.1529
65.8806939125061,-0.0652,0.003,0.2001,-0.0952,-6.1912,0.1037
65.88081288337708,-0.0652,0.0031,0.1985,-0.1873,-6.1919,-0.0168
65.88093590736389,-0.0652,0.002,0.1967,-0.1287,-6.1925,-0.1133
65.88106393814087,-0.0653,0.0003,0.1952,-0.0493,-6.1932,-0.1701
65.88118505477905,-0.0653,-0.0014,0.195,0.0817,-6.1938,-0.1452
65.88130569458008,-0.0654,-0.0024,0.1957,0.1521,-6.1945,-0.0709
65.88142585754395,-0.0654,-0.0024,0.1979,0.257,-6.1951,0.0875
65.88154292106628,-0.0654,-0.0008,0.2011,0.0898,-6.1958,0.1612
65.88165974617004,-0.0653,0.001,0.2001,-0.1646,-6.1964,0.0642
65.88177466392517,-0.0653,0.0013,0.198,-0.0722,-6.1971,0.0122
66.02721881866455,-0.0653,0.001,0.1979,-0.0089,-6.1977,-0.0003
66.02737474441528,-0.0653,0.0007,0.1974,0.0123,-6.1984,-0.0026
66.02750086784363,-0.0653,0.0005,0.1979,0.0837,-6.199,0.0445
66.02761793136597,-0.0653,0.0008,0.1988,0.0541,-6.1997,0.0786
66.02773594856262,-0.0652,0.0013,0.199,0.0336,-6.2003,0.1011
66.02785205841064,-0.0652,0.0019,0.1993,0.0242,-6.201,0.1201
66.02797889709473,-0.0652,0.0025,0.2,-0.0133,-6.2016,0.1202
66.0280978679657,-0.0651,0.0029,0.1986,-0.199,-6.2023,-0.0095
66.02821588516235,-0.0651,0.002,0.1964,-0.1028,-6.2029,-0.0939
66.02833390235901,-0.0652,0.0005,0.196,-0.0077,-6.2036,-0.1209
66.02845096588135,-0.0652,-0.0009,0.1957,0.0126,-6.2043,-0.1373
66.02856874465942,-0.0652,-0.0019,0.1961,0.1098,-6.2049,-0.0891
66.02868676185608,-0.0653,-0.0022,0.197,0.1362,-6.2056,-0.0177
66.02881288528442,-0.0653,-0.0017,0.1986,0.175,-6.2062,0.0904
66.0289318561554,-0.0652,-0.0003,0.2005,0.0958,-6.2069,0.1615
66.18416094779968,-0.0652,0.0013,0.2008,-0.0206,-6.2075,0.1602
66.18437671661377,-0.0651,0.0025,0.2008,0.0047,-6.2082,0.1765
66.18450284004211,-0.0651,0.0035,0.2004,-0.1081,-6.2088,0.117
66.18462371826172,-0.0651,0.0036,0.1986,-0.0922,-6.2095,0.0554
66.18474078178406,-0.065,0.003,0.1977,-0.0345,-6.2101,0.0242
66.18485975265503,-0.065,0.0024,0.1981,-0.0435,-6.2108,-0.0112
66.18497586250305,-0.065,0.0015,0.1973,0.0198,-6.2114,-0.0118
66.18509006500244,-0.065,0.001,0.1984,0.1164,-6.2121,0.0574
66.18520283699036,-0.065,0.0012,0.1994,0.0294,-6.2127,0.0775
66.18531680107117,-0.065,0.0016,0.1992,0.0138,-6.2134,0.086
66.18543004989624,-0.065,0.002,0.1996,0.0403,-6.214,0.1148
66.18554496765137,-0.0649,0.0025,0.1998,-0.0009,-6.2147,0.1188
66.18566083908081,-0.0649,0.0029,0.199,-0.1573,-6.2153,0.0158
66.18578672409058,-0.0649,0.0022,0.1967,-0.0674,-6.216,-0.0457
66.18590188026428,-0.0649,0.0011,0.1968,0.0523,-6.2166,-0.0299
66.18603086471558,-0.0649,0.0005,0.1975,-0.0346,-6.2173,-0.0659
66.33318781852722,-0.0649,-0.0003,0.1966,-0.0955,-6.2179,-0.1484
66.33337497711182,-0.065,-0.0017,0.1957,0.0264,-6.2186,-0.1601
66.33350777626038,-0.065,-0.0027,0.1968,0.1298,-6.2192,-0.098
66.33363389968872,-0.0651,-0.0029,0.1983,0.2113,-6.2199,0.0278
66.33375263214111,-0.065,-0.0017,0.2014,0.1702,-6.2205,0.1498
66.33386898040771,-0.065,0.0002,0.202,-0.0772,-6.2212,0.117
66.33398485183716,-0.065,0.0013,0.2002,-0.0626,-6.2218,0.0816
66.33410406112671,-0.0649,0.0017,0.2,-0.0602,-6.2225,0.0461
66.33422088623047,-0.0649,0.0017,0.1986,-0.0832,-6.2231,-0.0145
66.33434176445007,-0.0649,0.001,0.1982,0.0785,-6.2238,0.0263
66.33446383476257,-0.0649,0.001,0.1996,0.1014,-6.2244,0.0919
66.33459401130676,-0.0649,0.0016,0.2001,0.0469,-6.2251,0.1261
66.33471369743347,-0.0648,0.0023,0.2003,0.0725,-6.2257,0.1783
66.33485889434814,-0.0648,0.0034,0.2015,0.0416,-6.2264,0.2199
66.33498072624207,-0.0647,0.0045,0.2012,-0.1809,-6.227,0.1164
66.48052406311035,-0.0647,0.0043,0.1984,-0.319,-6.2276,-0.0966
66.48069095611572,-0.0647,0.0021,0.1936,-0.1604,-6.2283,-0.243
66.48081874847412,-0.0648,-0.0009,0.194,0.3397,-6.2289,-0.0656
66.4809410572052,-0.0648,-0.0013,0.1986,0.2716,-6.2296,0.1
66.48105788230896,-0.0648,0.0001,0.2001,0.0011,-6.2302,0.1026
66.48117780685425,-0.0647,0.0011,0.1991,-0.1445,-6.2309,0.0042
66.48129773139954,-0.0647,0.0008,0.1978,-0.005,-6.2315,-0.0137
66.48141479492188,-0.0647,0.0004,0.1988,0.03,-6.2322,-0.0023
66.48153376579285,-0.0647,0.0003,0.1981,-0.092,-6.2328,-0.075
66.48165082931519,-0.0648,-0.0005,0.1969,0.0275,-6.2335,-0.0795
66.48176884651184,-0.0648,-0.0012,0.1984,0.1037,-6.2341,-0.0249
66.48188591003418,-0.0648,-0.0011,0.1989,0.0234,-6.2348,-0.0184
66.4820008277893,-0.0648,-0.0009,0.199,0.0648,-6.2354,0.0152
66.48212575912476,-0.0648,-0.0005,0.2,0.0965,-6.2361,0.077
66.62731885910034,-0.0648,0.0004,0.2008,0.0572,-6.2367,0.1198
66.62749695777893,-0.0647,0.0015,0.2013,0.0729,-6.2374,0.1763
66.62763595581055,-0.0647,0.0027,0.2023,0.0451,-6.238,0.223
66.6277687549591,-0.0646,0.0041,0.2023,-0.1533,-6.2387,0.142
66.62789678573608,-0.0646,0.0042,0.1994,-0.2999,-6.2393,-0.0546
66.62803196907043,-0.0646,0.0024,0.1958,-0.1241,-6.2399,-0.1648
66.62815380096436,-0.0646,0.0001,0.1959,0.02,-6.2406,-0.1824
66.62827897071838,-0.0647,-0.0017,0.196,0.0852,-6.2412,-0.1586
66.62839794158936,-0.0647,-0.0027,0.1971,0.2448,-6.2419,-0.0243
66.62851405143738,-0.0648,-0.0022,0.2012,0.2225,-6.2425,0.1252
66.62863683700562,-0.0647,-0.0003,0.202,0.031,-6.2432,0.1574
66.62875390052795,-0.0647,0.0013,0.2027,0.1451,-6.2438,0.2696
66.62886691093445,-0.0646,0.0036,0.2049,0.0004,-6.2445,0.3054
66.62898302078247,-0.0645,0.0055,0.2029,-0.3162,-6.2451,0.1233
66.62911367416382,-0.0644,0.005,0.1991,-0.2961,-6.2458,-0.0735
66.77588295936584,-0.0645,0.0028,0.1968,-0.0329,-6.2464,-0.1181
66.77608275413513,-0.0645,0.0008,0.1976,-0.0036,-6.2471,-0.1396
66.77620887756348,-0.0645,-0.0008,0.1966,0.0222,-6.2477,-0.1533
66.77633690834045,-0.0646,-0.002,0.1975,0.1986,-6.2483,-0.0471
66.77645373344421,-0.0646,-0.0019,0.2004,0.2207,-6.249,0.0937
66.77657079696655,-0.0646,-0.0004,0.2024,0.0755,-6.2496,0.156
66.77668786048889,-0.0645,0.0012,0.2019,-0.0808,-6.2503,0.1146
66.7768030166626,-0.0645,0.002,0.2007,-0.0692,-6.2509,0.0723
66.77691793441772,-0.0645,0.0021,0.1999,-0.0652,-6.2516,0.027
66.77703881263733,-0.0645,0.0017,0.1996,0.0066,-6.2522,0.0259
66.77716779708862,-0.0645,0.0015,0.2,-0.0191,-6.2529,0.0106
66.77730202674866,-0.0644,0.0011,0.1991,-0.0774,-6.2535,-0.0494
66.77743673324585,-0.0645,0.0003,0.1985,0.0652,-6.2542,-0.022
66.7775628566742,-0.0645,0.0,0.2001,0.1038,-6.2548,0.0416
66.77769804000854,-0.0645,0.0004,0.2005,-0.0018,-6.2554,0.04
66.94043493270874,-0.0644,0.0007,0.2005,0.0288,-6.2561,0.0578
66.94060897827148,-0.0644,0.001,0.2011,0.0377,-6.2567,0.086
66.94073796272278,-0.0644,0.0016,0.2012,-0.001,-6.2574,0.0899
66.94085788726807,-0.0644,0.002,0.2018,-0.021,-6.258,0.0853
66.94097781181335,-0.0643,0.0022,0.2006,-0.1472,-6.2587,-0.0096
66.94110369682312,-0.0643,0.0015,0.199,-0.0141,-6.2593,-0.0302
66.94122076034546,-0.0644,0.0007,0.1998,0.0572,-6.2599,0.0
66.94133877754211,-0.0644,0.0005,0.1999,0.0191,-6.2606,0.0062
66.94145369529724,-0.0644,0.0004,0.2004,0.0834,-6.2612,0.0578
66.94156885147095,-0.0643,0.0009,0.2017,0.0854,-6.2619,0.1197
66.94168376922607,-0.0643,0.0018,0.2021,0.0517,-6.2625,0.1636
66.94179773330688,-0.0642,0.0028,0.2026,0.0488,-6.2632,0.2097
66.94191479682922,-0.0642,0.004,0.2038,-0.0542,-6.2638,0.1985
66.94203186035156,-0.0641,0.0048,0.2023,-0.2508,-6.2644,0.0499
66.94215178489685,-0.0641,0.0038,0.199,-0.152,-6.2651,-0.0594
66.94226670265198,-0.0641,0.0021,0.199,0.0531,-6.2657,-0.0376
67.08269381523132,-0.0641,0.0011,0.199,-0.0147,-6.2664,-0.0602
67.0828447341919,-0.0641,0.0002,0.1987,0.0347,-6.267,-0.0539
67.08296871185303,-0.0642,-0.0004,0.1996,0.0713,-6.2677,-0.0181
67.08308672904968,-0.0642,-0.0005,0.2001,0.0431,-6.2683,0.0026
67.08320307731628,-0.0642,-0.0003,0.2002,0.0592,-6.2689,0.0345
67.0833158493042,-0.0642,0.0001,0.2008,0.0687,-6.2696,0.0771
67.0834288597107,-0.0641,0.0008,0.2014,0.0392,-6.2702,0.1052
67.08354783058167,-0.0641,0.0016,0.2014,0.0067,-6.2709,0.1126
67.08366107940674,-0.0641,0.0022,0.2014,0.019,-6.2715,0.1283
67.08377599716187,-0.064,0.0028,0.2016,-0.0735,-6.2721,0.0861
67.08389186859131,-0.064,0.0028,0.1998,-0.1287,-6.2728,-0.0045
67.08400893211365,-0.064,0.0019,0.199,-0.0473,-6.2734,-0.0494
67.08412480354309,-0.064,0.0009,0.1989,-0.0498,-6.2741,-0.097
67.08424377441406,-0.064,-0.0003,0.1979,-0.0161,-6.2747,-0.1316
67.08435988426208,-0.0641,-0.0015,0.1983,0.0826,-6.2753,-0.0998
67.24335885047913,-0.0641,-0.002,0.1996,0.0676,-6.276,-0.0691
67.24360394477844,-0.0641,-0.0021,0.2,0.1379,-6.2766,0.0099
67.24374198913574,-0.0641,-0.0014,0.202,0.1499,-6.2773,0.1113
67.24386787414551,-0.0641,0.0001,0.2031,-0.007,-6.2779,0.1199
67.2439877986908,-0.0641,0.0013,0.2019,-0.0457,-6.2785,0.0953
67.24410390853882,-0.064,0.0018,0.202,0.0251,-6.2792,0.1175
67.24422764778137,-0.064,0.0024,0.2019,-0.0968,-6.2798,0.0606
67.24434566497803,-0.064,0.0023,0.2,-0.0844,-6.2805,-0.0027
67.24446105957031,-0.064,0.0016,0.1998,0.0048,-6.2811,-0.0099
67.24458599090576,-0.064,0.001,0.1999,-0.0807,-6.2817,-0.0723
67.24472379684448,-0.064,-0.0,0.1985,-0.0491,-6.2824,-0.1252
67.24486088752747,-0.064,-0.0012,0.1987,0.08,-6.283,-0.0939
67.2450098991394,-0.0641,-0.0018,0.1995,0.0481,-6.2837,-0.078
67.24513292312622,-0.0641,-0.002,0.1995,0.0187,-6.2843,-0.0814
67.24525690078735,-0.0641,-0.0022,0.2007,0.1794,-6.285,0.0271
67.24538898468018,-0.0641,-0.0013,0.203,0.1198,-6.2856,0.1142
67.39592790603638,-0.0641,0.0002,0.2033,-0.0245,-6.2862,0.111
67.39611172676086,-0.064,0.0012,0.2023,-0.0281,-6.2869,0.0989
67.39623880386353,-0.064,0.0018,0.2029,-0.0086,-6.2875,0.1037
67.39635992050171,-0.064,0.0023,0.202,-0.1277,-6.2882,0.0254
67.396479845047,-0.064,0.0019,0.2004,-0.0612,-6.2888,-0.022
67.39659905433655,-0.064,0.0011,0.2006,0.0223,-6.2894,-0.0146
67.39671874046326,-0.064,0.0006,0.2004,-0.0922,-6.2901,-0.0828
67.39683890342712,-0.064,-0.0004,0.1985,-0.0858,-6.2907,-0.1615
67.39695692062378,-0.0641,-0.0018,0.1986,0.0761,-6.2914,-0.1357
67.39707374572754,-0.0641,-0.0026,0.1999,0.0673,-6.292,-0.1073
67.39719295501709,-0.0641,-0.0029,0.1999,0.1673,-6.2926,-0.0144
67.39730787277222,-0.0641,-0.0022,0.2031,0.2216,-6.2933,0.1366
67.3974359035492,-0.0641,-0.0002,0.2045,-0.0691,-6.2939,0.1107
67.39755177497864,-0.0641,0.001,0.2025,-0.1097,-6.2946,0.0451
67.3976788520813,-0.064,0.0011,0.2022,-0.0362,-6.2952,0.0252
67.54808592796326,-0.064,0.001,0.2012,-0.1257,-6.2958,-0.06
67.54826498031616,-0.0641,0.0001,0.1993,-0.0299,-6.2965,-0.0975
67.54840397834778,-0.0641,-0.0009,0.2002,0.1136,-6.2971,-0.0367
67.54853391647339,-0.0641,-0.001,0.2012,0.036,-6.2978,-0.0195
67.54865789413452,-0.0641,-0.0009,0.201,0.029,-6.2984,-0.0085
67.5487790107727,-0.0641,-0.0007,0.2017,0.0752,-6.299,0.0377
67.54889798164368,-0.0641,-0.0001,0.2027,0.0589,-6.2997,0.0806
67.54901504516602,-0.0641,0.0007,0.2029,-0.0041,-6.3003,0.0851
67.54913091659546,-0.064,0.0013,0.2024,-0.0091,-6.301,0.083
67.54924392700195,-0.064,0.0017,0.2022,0.0031,-6.3016,0.0872
67.5493597984314,-0.064,0.0021,0.2027,-0.0864,-6.3022,0.0374
67.54948091506958,-0.064,0.0018,0.2008,-0.144,-6.3029,-0.0636
67.54959893226624,-0.064,0.0006,0.1993,-0.0526,-6.3035,-0.1172
67.54972076416016,-0.064,-0.0007,0.1993,0.0608,-6.3042,-0.0982
67.54983878135681,-0.0641,-0.0014,0.2004,0.0946,-6.3048,-0.0506
67.69932270050049,-0.0641,-0.0015,0.2009,0.1305,-6.3054,0.0236
67.69950199127197,-0.0641,-0.0008,0.2029,0.1493,-6.3061,0.1248
67.6996238231659,-0.064,0.0006,0.2045,0.0421,-6.3067,0.1687
67.6997458934784,-0.064,0.0021,0.2041,-0.0595,-6.3074,0.1448
67.69986295700073,-0.0639,0.0029,0.2039,-0.1144,-6.308,0.085
67.69999098777771,-0.0639,0.0028,0.2013,-0.2031,-6.3086,-0.0515
67.70011067390442,-0.0639,0.0015,0.1998,-0.0346,-6.3093,-0.0904
67.70022869110107,-0.0639,0.0002,0.1997,-0.0527,-6.3099,-0.1433
67.70034885406494,-0.064,-0.0013,0.1982,-0.0246,-6.3106,-0.1896
67.7004668712616,-0.0641,-0.0027,0.1991,0.1415,-6.3112,-0.1232
67.70059084892273,-0.0641,-0.0031,0.2014,0.2477,-6.3118,0.0282
67.70073175430298,-0.0641,-0.0019,0.2036,0.1583,-6.3125,0.1378
67.70085787773132,-0.064,0.0,0.2047,0.1192,-6.3131,0.2313
67.70103073120117,-0.064,0.0023,0.2057,-0.0067,-6.3138,0.2517
67.70115184783936,-0.0639,0.004,0.2046,-0.24,-6.3144,0.1145
67.85000967979431,-0.0638,0.0039,0.2006,-0.3068,-6.315,-0.0946
67.85021185874939,-0.0639,0.0018,0.1981,-0.0287,-6.3157,-0.1432
67.85036182403564,-0.0639,-0.0001,0.1991,-0.0008,-6.3163,-0.1679
67.85048484802246,-0.064,-0.0017,0.198,0.0435,-6.317,-0.1734
67.85060787200928,-0.064,-0.0029,0.1993,0.2572,-6.3176,-0.032
67.85072588920593,-0.064,-0.0023,0.2026,0.2208,-6.3182,0.1094
67.85084271430969,-0.064,-0.0006,0.2042,0.1419,-6.3189,0.2121
67.85095691680908,-0.0639,0.0017,0.2054,0.0218,-6.3195,0.2471
67.85107398033142,-0.0639,0.0036,0.2055,-0.1449,-6.3202,0.1767
67.85119271278381,-0.0638,0.0042,0.2027,-0.2835,-6.3208,-0.0034
67.851313829422,-0.0638,0.0029,0.1994,-0.1169,-6.3214,-0.1
67.85143184661865,-0.0638,0.0011,0.1995,-0.0206,-6.3221,-0.1353
67.85155200958252,-0.0639,-0.0006,0.1988,0.0139,-6.3227,-0.1544
67.85167002677917,-0.0639,-0.0019,0.1995,0.1229,-6.3234,-0.0994
67.85178804397583,-0.064,-0.0023,0.201,0.198,-6.324,0.0145
68.01590394973755,-0.064,-0.0015,0.2037,0.2117,-6.3246,0.1575
68.01607084274292,-0.0639,0.0005,0.2054,0.0152,-6.3253,0.1862
68.01621389389038,-0.0638,0.0022,0.2039,-0.0908,-6.3259,0.1372
68.01634097099304,-0.0638,0.0029,0.2033,-0.1091,-6.3265,0.0718
68.01646184921265,-0.0638,0.0027,0.2016,-0.1096,-6.3272,-0.0059
68.01658391952515,-0.0638,0.0018,0.2005,-0.0703,-6.3278,-0.0668
68.0167019367218,-0.0638,0.0006,0.1999,0.0548,-6.3285,-0.052
68.01681995391846,-0.0638,-0.0001,0.2012,0.0964,-6.3291,-0.0017
68.01693797111511,-0.0638,-0.0001,0.2019,0.0318,-6.3297,0.0118
68.01705074310303,-0.0638,0.0001,0.2023,0.0849,-6.3304,0.062
68.0171639919281,-0.0638,0.0007,0.2033,0.0986,-6.331,0.1288
68.01727676391602,-0.0638,0.0017,0.2042,0.0464,-6.3317,0.1687
68.01739382743835,-0.0637,0.0028,0.2042,-0.0089,-6.3323,0.1737
68.01750874519348,-0.0636,0.0037,0.2042,-0.1237,-6.3329,0.105
68.01762890815735,-0.0636,0.0036,0.2019,-0.2383,-6.3336,-0.0545
68.01774573326111,-0.0636,0.002,0.199,-0.1688,-6.3342,-0.1913
68.01786494255066,-0.0637,-0.0005,0.1978,0.0954,-6.3348,-0.1675
68.16937184333801,-0.0637,-0.002,0.199,0.2223,-6.3355,-0.0539
68.1695568561554,-0.0638,-0.0019,0.2016,0.2656,-6.3361,0.106
68.16968584060669,-0.0637,-0.0003,0.2043,0.0178,-6.3367,0.1257
68.1698088645935,-0.0637,0.001,0.2028,-0.1741,-6.3374,0.0116
68.16993379592896,-0.0637,0.0008,0.2013,-0.029,-6.338,-0.0201
68.17006182670593,-0.0637,0.0004,0.2018,-0.0009,-6.3387,-0.0301
68.17018580436707,-0.0637,-0.0,0.2009,-0.0351,-6.3393,-0.069
68.17030382156372,-0.0637,-0.0007,0.2012,0.0765,-6.3399,-0.0346
68.17042303085327,-0.0637,-0.0008,0.2024,0.0544,-6.3406,-0.0063
68.17054104804993,-0.0637,-0.0006,0.2024,0.001,-6.3412,-0.0125
68.17065691947937,-0.0637,-0.0006,0.2026,0.0669,-6.3418,0.0254
68.17078971862793,-0.0637,-0.0001,0.2038,0.0691,-6.3425,0.0736
68.17093992233276,-0.0637,0.0006,0.204,0.0275,-6.3431,0.0964
68.17105388641357,-0.0637,0.0014,0.2043,0.052,-6.3438,0.1377
68.17117166519165,-0.0636,0.0023,0.2049,0.0343,-6.3444,0.1727
68.32125782966614,-0.0636,0.0033,0.2056,-0.0706,-6.345,0.1453
68.32143378257751,-0.0635,0.0037,0.2041,-0.1942,-6.3457,0.0275
68.32156991958618,-0.0635,0.0029,0.2018,-0.1911,-6.3463,-0.1054
68.32169389724731,-0.0636,0.001,0.1996,-0.0085,-6.3469,-0.1375
68.3218138217926,-0.0636,-0.0007,0.2007,0.1509,-6.3476,-0.0599
68.32193875312805,-0.0636,-0.001,0.2022,0.0565,-6.3482,-0.033
68.32206273078918,-0.0636,-0.0011,0.2022,0.085,-6.3488,0.0119
68.32217907905579,-0.0636,-0.0006,0.2038,0.1546,-6.3495,0.1138
68.32229280471802,-0.0636,0.0007,0.2054,0.0304,-6.3501,0.1469
68.32240891456604,-0.0635,0.0019,0.2045,-0.0575,-6.3507,0.118
68.32252287864685,-0.0635,0.0025,0.2041,0.0087,-6.3514,0.129
68.32264685630798,-0.0635,0.003,0.204,-0.142,-6.352,0.0422
68.3227698802948,-0.0634,0.0025,0.2017,-0.1061,-6.3527,-0.0387
68.3228988647461,-0.0635,0.0014,0.2015,-0.0094,-6.3533,-0.0591
68.32303476333618,-0.0635,0.0004,0.2012,-0.039,-6.3539,-0.1018
68.33938670158386,-0.0635,-0.0007,0.201,0.034,-6.3546,-0.099
68.33952784538269,-0.0635,-0.0015,0.2017,0.0388,-6.3552,-0.0891
68.49208807945251,-0.0636,-0.0019,0.202,0.0258,-6.3558,-0.0862
68.49226784706116,-0.0636,-0.0022,0.2024,0.1145,-6.3565,-0.0231
68.49240279197693,-0.0636,-0.0017,0.204,0.0958,-6.3571,0.0392
68.49252891540527,-0.0636,-0.0008,0.2044,0.0071,-6.3577,0.048
68.49265193939209,-0.0636,-0.0001,0.2039,-0.015,-6.3584,0.0391
68.49278378486633,-0.0636,0.0003,0.2039,-0.0057,-6.359,0.0362
68.4929027557373,-0.0636,0.0006,0.204,-0.0106,-6.3596,0.0307
68.49302196502686,-0.0635,0.0007,0.2038,-0.0262,-6.3603,0.0136
68.49314403533936,-0.0635,0.0006,0.2035,0.0035,-6.3609,0.014
68.4932689666748,-0.0635,0.0006,0.204,0.0411,-6.3616,0.0415
68.49338889122009,-0.0635,0.0008,0.2042,0.0063,-6.3622,0.0486
68.49350786209106,-0.0635,0.001,0.204,-0.0119,-6.3628,0.0419
68.49363994598389,-0.0635,0.0011,0.2037,-0.0103,-6.3635,0.0344
68.49375796318054,-0.0635,0.0011,0.2035,-0.007,-6.3641,0.0273
68.4938759803772,-0.0635,0.0011,0.2035,-0.0041,-6.3647,0.0216
68.49400687217712,-0.0635,0.0009,0.2033,-0.0074,-6.3654,0.0126
68.64434289932251,-0.0635,0.0008,0.2031,-0.0126,-6.366,-0.0018
68.64451503753662,-0.0635,0.0005,0.2027,-0.0182,-6.3666,-0.0224
68.64463996887207,-0.0635,0.0002,0.2026,-0.0143,-6.3673,-0.0423
68.64476275444031,-0.0635,-0.0003,0.2025,-0.0016,-6.3679,-0.0549
68.64488482475281,-0.0635,-0.0007,0.2022,-0.0209,-6.3685,-0.0822
68.645015001297,-0.0635,-0.0013,0.2019,-0.0177,-6.3692,-0.1108
68.6451346874237,-0.0636,-0.002,0.2017,0.0146,-6.3698,-0.1202
68.64525389671326,-0.0636,-0.0026,0.2022,0.0366,-6.3704,-0.1122
68.64537191390991,-0.0636,-0.0029,0.2029,0.1189,-6.3711,-0.0465
68.64548683166504,-0.0637,-0.0025,0.2046,0.0748,-6.3717,0.0027
68.64562201499939,-0.0637,-0.0017,0.2046,0.0344,-6.3724,0.0266
68.64574694633484,-0.0636,-0.0009,0.2051,0.1101,-6.373,0.1029
68.64587593078613,-0.0636,0.0003,0.2065,0.0515,-6.3736,0.1527
68.64600801467896,-0.0636,0.0017,0.2062,-0.0504,-6.3743,0.1348
68.6461329460144,-0.0635,0.0025,0.2056,-0.0022,-6.3749,0.1445
68.79555201530457,-0.0635,0.0032,0.2054,-0.1216,-6.3755,0.0757
68.79575800895691,-0.0634,0.003,0.2031,-0.1225,-6.3762,-0.0102
68.79588294029236,-0.0635,0.002,0.2026,-0.0157,-6.3768,-0.0317
68.79601097106934,-0.0635,0.0011,0.2027,0.0151,-6.3774,-0.0334
68.79613089561462,-0.0635,0.0004,0.203,0.0379,-6.3781,-0.0183
68.7962498664856,-0.0635,0.0001,0.2032,0.0104,-6.3787,-0.0198
68.79636979103088,-0.0635,-0.0001,0.2031,0.0104,-6.3793,-0.0229
68.79648876190186,-0.0635,-0.0003,0.2034,0.0453,-6.38,-0.001
68.7966058254242,-0.0635,-0.0002,0.2037,0.0267,-6.3806,0.0103
68.79672193527222,-0.0635,-0.0001,0.2037,0.0148,-6.3812,0.0139
68.79683494567871,-0.0635,0.0001,0.2038,0.0409,-6.3819,0.0356
68.79696202278137,-0.0635,0.0004,0.2043,0.0326,-6.3825,0.0553
68.79707598686218,-0.0635,0.0008,0.2045,0.0256,-6.3831,0.0723
68.7971887588501,-0.0634,0.0013,0.2046,0.0102,-6.3838,0.0803
68.79730296134949,-0.0634,0.0017,0.2046,0.0002,-6.3844,0.0818
68.94616389274597,-0.0634,0.002,0.2046,0.0087,-6.385,0.0885
68.94635009765625,-0.0633,0.0022,0.2048,-0.0687,-6.3857,0.0472
68.9464819431305,-0.0633,0.002,0.2031,-0.1251,-6.3863,-0.0435
68.9466028213501,-0.0633,0.001,0.2023,-0.0267,-6.3869,-0.077
68.94672679901123,-0.0634,-0.0001,0.2021,0.0036,-6.3876,-0.0932
68.94685101509094,-0.0634,-0.0009,0.2021,0.0687,-6.3882,-0.0679
68.94697284698486,-0.0634,-0.0013,0.203,0.0469,-6.3888,-0.0506
68.94709300994873,-0.0634,-0.0014,0.2033,0.0535,-6.3895,-0.0272
68.9472119808197,-0.0635,-0.0013,0.2043,0.0773,-6.3901,0.0183
68.94732785224915,-0.0634,-0.0007,0.2049,0.0421,-6.3908,0.0461
68.94744873046875,-0.0634,-0.0,0.2049,-0.0082,-6.3914,0.0417
68.9475667476654,-0.0634,0.0004,0.2046,-0.0032,-6.392,0.038
68.94768571853638,-0.0634,0.0006,0.2047,0.0112,-6.3927,0.0446
68.94780278205872,-0.0634,0.0009,0.2046,-0.0205,-6.3933,0.03
68.94791865348816,-0.0634,0.0009,0.2044,0.0067,-6.3939,0.0317
69.09899187088013,-0.0634,0.0009,0.2046,0.0012,-6.3946,0.0309
69.09918475151062,-0.0634,0.001,0.2045,-0.0095,-6.3952,0.0221
69.09931373596191,-0.0634,0.0009,0.2042,-0.0078,-6.3958,0.0126
69.09944295883179,-0.0633,0.0007,0.2043,0.0164,-6.3965,0.0188
69.09957885742188,-0.0633,0.0007,0.2043,-0.0242,-6.3971,-0.0014
69.09970307350159,-0.0633,0.0005,0.2039,-0.0242,-6.3977,-0.0245
69.09981989860535,-0.0634,0.0001,0.2037,0.0011,-6.3984,-0.033
69.09994077682495,-0.0634,-0.0003,0.2036,-0.0109,-6.399,-0.0504
69.10006093978882,-0.0634,-0.0007,0.2031,-0.0331,-6.3996,-0.0865
69.10017991065979,-0.0634,-0.0013,0.2027,0.009,-6.4003,-0.0987
69.10030674934387,-0.0634,-0.0019,0.2031,0.0553,-6.4009,-0.0784
69.10046100616455,-0.0635,-0.0021,0.2035,0.0079,-6.4015,-0.0866
69.10060000419617,-0.0635,-0.0023,0.2037,0.1361,-6.4022,-0.0103
69.10072183609009,-0.0635,-0.0017,0.2054,0.0761,-6.4028,0.0396
69.10083985328674,-0.0635,-0.0008,0.2053,-0.0221,-6.4034,0.0252
69.2593400478363,-0.0635,-0.0003,0.2046,0.0076,-6.4041,0.026
69.25955080986023,-0.0635,0.0,0.2051,0.0135,-6.4047,0.0339
69.25969195365906,-0.0635,0.0003,0.2047,-0.0317,-6.4053,0.0101
69.25981903076172,-0.0635,0.0003,0.2043,-0.0033,-6.406,0.0015
69.25993704795837,-0.0635,0.0003,0.2044,0.0082,-6.4066,0.001
69.26005601882935,-0.0634,0.0002,0.2043,-0.0126,-6.4072,-0.014
69.26017379760742,-0.0635,-0.0,0.2044,0.0377,-6.4079,0.0039
69.26028800010681,-0.0635,0.0,0.2049,0.0216,-6.4085,0.015
69.26040601730347,-0.0634,0.0002,0.2048,-0.0041,-6.4091,0.0082
69.26051878929138,-0.0634,0.0002,0.2047,0.0231,-6.4098,0.0183
69.26063370704651,-0.0634,0.0003,0.2052,0.0318,-6.4104,0.0375
69.26075077056885,-0.0634,0.0006,0.2053,-0.0018,-6.411,0.0356
69.26086688041687,-0.0634,0.0008,0.2051,0.008,-6.4117,0.0386
69.26099991798401,-0.0634,0.0009,0.2051,0.0054,-6.4123,0.0401
69.26112103462219,-0.0634,0.001,0.2051,0.0094,-6.4129,0.0444
69.26127576828003,-0.0634,0.0012,0.2052,-0.0061,-6.4136,0.039
69.40839385986328,-0.0634,0.0012,0.2051,0.0051,-6.4142,0.0402
69.4086127281189,-0.0634,0.0012,0.2049,-0.0675,-6.4148,-0.0072
69.40875291824341,-0.0634,0.0008,0.2041,-0.0246,-6.4155,-0.0333
69.4088728427887,-0.0634,0.0002,0.2042,0.0167,-6.4161,-0.0323
69.40900301933289,-0.0634,-0.0002,0.2043,-0.0345,-6.4168,-0.064
69.40913081169128,-0.0634,-0.0007,0.2038,-0.0447,-6.4174,-0.1065
69.40925168991089,-0.0634,-0.0016,0.2032,-0.0025,-6.418,-0.1269
69.40937089920044,-0.0635,-0.0023,0.2036,0.0649,-6.4187,-0.1013
69.40948987007141,-0.0635,-0.0026,0.2042,0.118,-6.4193,-0.0377
69.4096167087555,-0.0635,-0.0022,0.2058,0.0853,-6.4199,0.0165
69.40974378585815,-0.0635,-0.0014,0.2061,-0.0149,-6.4206,0.0083
69.40987277030945,-0.0635,-0.0009,0.2054,-0.0395,-6.4212,-0.0205
69.4100239276886,-0.0635,-0.0008,0.2052,-0.0044,-6.4218,-0.0279
69.410160779953,-0.0635,-0.0008,0.205,-0.0266,-6.4225,-0.0513
69.41030693054199,-0.0635,-0.0011,0.2044,-0.0291,-6.4231,-0.081
69.55784797668457,-0.0636,-0.0016,0.2043,0.0306,-6.4237,-0.0731
69.55803084373474,-0.0636,-0.0018,0.2048,0.0347,-6.4244,-0.0596
69.55816292762756,-0.0636,-0.0018,0.2047,0.0076,-6.425,-0.0643
69.55829501152039,-0.0636,-0.0019,0.2048,0.0316,-6.4256,-0.0532
69.55841779708862,-0.0636,-0.0019,0.205,0.0741,-6.4263,-0.0128
69.5585367679596,-0.0637,-0.0014,0.206,0.0801,-6.4269,0.0386
69.55865478515625,-0.0636,-0.0006,0.2063,0.017,-6.4276,0.0514
69.55876874923706,-0.0636,0.0001,0.2064,0.0399,-6.4282,0.0804
69.55888676643372,-0.0636,0.0008,0.2072,0.0302,-6.4288,0.1091
69.55901002883911,-0.0636,0.0016,0.2071,-0.0301,-6.4295,0.0988
69.55912399291992,-0.0635,0.0021,0.2068,0.0107,-6.4301,0.1128
69.55923986434937,-0.0635,0.0026,0.2068,-0.0704,-6.4307,0.0742
69.55935478210449,-0.0635,0.0025,0.2056,-0.066,-6.4314,0.0301
69.55947065353394,-0.0635,0.0021,0.2055,-0.0223,-6.432,0.0129
69.55958867073059,-0.0635,0.0016,0.2053,-0.0672,-6.4326,-0.0353
69.70753788948059,-0.0635,0.0008,0.2043,-0.0201,-6.4333,-0.0611
69.70772385597229,-0.0635,-0.0001,0.2048,0.0639,-6.4339,-0.0293
69.70785689353943,-0.0635,-0.0003,0.2052,-0.0052,-6.4345,-0.0398
69.70797896385193,-0.0635,-0.0006,0.2046,0.0079,-6.4352,-0.0467
69.70809888839722,-0.0635,-0.0009,0.205,0.0583,-6.4358,-0.0183
69.70823287963867,-0.0635,-0.0008,0.2057,0.02,-6.4364,-0.01
69.70835399627686,-0.0635,-0.0007,0.2053,0.0043,-6.4371,-0.0146
69.70847797393799,-0.0635,-0.0006,0.2055,0.0447,-6.4377,0.0088
69.70860385894775,-0.0635,-0.0003,0.2059,-0.0013,-6.4384,0.005
69.70875287055969,-0.0635,-0.0002,0.2057,-0.0102,-6.439,-0.0063
69.70888090133667,-0.0635,-0.0002,0.2057,0.0212,-6.4396,0.0026
69.70904088020325,-0.0635,-0.0001,0.2057,0.0092,-6.4403,0.0039
69.7091748714447,-0.0635,-0.0,0.2057,0.0086,-6.4409,0.0048
69.70930886268616,-0.0635,0.0,0.2056,0.0204,-6.4415,0.0124
69.70942687988281,-0.0635,0.0001,0.206,0.032,-6.4422,0.0303
69.85704398155212,-0.0635,0.0004,0.2062,0.0074,-6.4428,0.0336
69.85722184181213,-0.0635,0.0006,0.2061,0.0271,-6.4434,0.0492
69.85735297203064,-0.0635,0.0009,0.2063,0.0318,-6.4441,0.0691
69.85747385025024,-0.0635,0.0013,0.2065,0.0088,-6.4447,0.0759
69.85758996009827,-0.0634,0.0017,0.2065,0.0042,-6.4453,0.0797
69.8577139377594,-0.0634,0.0019,0.2066,0.0011,-6.446,0.082
69.85783290863037,-0.0634,0.0022,0.2068,-0.0704,-6.4466,0.0395
69.8579568862915,-0.0634,0.0019,0.2051,-0.0807,-6.4472,-0.0214
69.85807776451111,-0.0634,0.0011,0.205,0.0167,-6.4479,-0.0212
69.85819482803345,-0.0634,0.0006,0.2052,0.0114,-6.4485,-0.0237
69.85831189155579,-0.0634,0.0002,0.205,0.0088,-6.4491,-0.0293
69.85842990875244,-0.0634,-0.0002,0.205,0.0071,-6.4498,-0.0364
69.85854887962341,-0.0634,-0.0005,0.2053,0.0312,-6.4504,-0.0262
69.85867691040039,-0.0634,-0.0006,0.2055,0.0267,-6.451,-0.0179
69.85879588127136,-0.0634,-0.0006,0.2055,0.0143,-6.4517,-0.0173
70.00865888595581,-0.0634,-0.0006,0.2057,0.0335,-6.4523,-0.003
70.00884199142456,-0.0634,-0.0004,0.206,0.0306,-6.4529,0.0114
70.00897097587585,-0.0634,-0.0002,0.2062,-0.0041,-6.4536,0.0047
70.00908994674683,-0.0634,-0.0001,0.2061,0.0068,-6.4542,0.0046
70.00920867919922,-0.0634,-0.0,0.2063,0.0242,-6.4548,0.0166
70.00933289527893,-0.0634,0.0001,0.2063,-0.0026,-6.4555,0.0112
70.00945091247559,-0.0634,0.0002,0.2062,-0.0005,-6.4561,0.0067
70.00956988334656,-0.0634,0.0002,0.206,-0.0053,-6.4568,-0.0028
70.00968790054321,-0.0634,0.0001,0.206,0.0039,-6.4574,-0.0061
70.0098078250885,-0.0634,0.0,0.2059,-0.0056,-6.458,-0.0164
70.00992679595947,-0.0634,-0.0001,0.2058,0.0024,-6.4587,-0.0231
70.01004791259766,-0.0634,-0.0003,0.2058,-0.0115,-6.4593,-0.0392
70.0101706981659,-0.0635,-0.0006,0.2055,-0.0034,-6.4599,-0.0522
70.0102949142456,-0.0635,-0.0009,0.2056,0.0002,-6.4606,-0.0623
70.01042079925537,-0.0635,-0.0013,0.2056,-0.0005,-6.4612,-0.0731
70.16190981864929,-0.0635,-0.0016,0.2055,0.0344,-6.4618,-0.0626
70.16211581230164,-0.0635,-0.0017,0.2061,0.0282,-6.4625,-0.0522
70.16225671768188,-0.0636,-0.0017,0.2057,0.0645,-6.4631,-0.0211
70.16237998008728,-0.0636,-0.0014,0.2073,0.1237,-6.4637,0.0594
70.16250586509705,-0.0635,-0.0004,0.2079,0.0055,-6.4644,0.0687
70.16262602806091,-0.0635,0.0004,0.2076,0.0162,-6.465,0.0831
70.16274094581604,-0.0635,0.0011,0.2084,0.0299,-6.4656,0.1124
70.16285991668701,-0.0635,0.0019,0.2082,-0.0389,-6.4663,0.0959
70.16297888755798,-0.0634,0.0022,0.2078,-0.0683,-6.4669,0.0578
70.16310787200928,-0.0634,0.0021,0.2066,-0.0722,-6.4675,0.0087
70.16323685646057,-0.0634,0.0016,0.2061,-0.0155,-6.4682,-0.0082
70.16339778900146,-0.0634,0.001,0.2063,0.052,-6.4688,0.0192
70.16354775428772,-0.0634,0.0009,0.2066,0.0156,-6.4694,0.0254
70.16369795799255,-0.0634,0.0009,0.2066,-0.0282,-6.4701,0.0033
70.16382193565369,-0.0634,0.0006,0.2064,-0.0337,-6.4707,-0.0245
70.1639506816864,-0.0634,0.0002,0.2061,-0.039,-6.4713,-0.058
70.31341171264648,-0.0634,-0.0004,0.2056,-0.0378,-6.472,-0.0951
70.31359887123108,-0.0634,-0.0012,0.2049,-0.0382,-6.4726,-0.1382
70.3137309551239,-0.0635,-0.0022,0.2043,0.0344,-6.4733,-0.1392
70.31385397911072,-0.0635,-0.0029,0.2041,0.0877,-6.4739,-0.1077
70.31398177146912,-0.0636,-0.0031,0.2058,0.1627,-6.4745,-0.0161
70.3141028881073,-0.0636,-0.0023,0.2072,0.052,-6.4752,0.0143
70.3142237663269,-0.0636,-0.0015,0.2072,0.0524,-6.4758,0.0451
70.3143539428711,-0.0636,-0.0006,0.2081,0.0516,-6.4764,0.0827
70.31447076797485,-0.0635,0.0004,0.2081,-0.0258,-6.4771,0.0703
70.31458568572998,-0.0635,0.001,0.2076,0.0111,-6.4777,0.0785
70.31470799446106,-0.0635,0.0014,0.2078,0.0136,-6.4783,0.0906
70.3148238658905,-0.0635,0.0019,0.2077,-0.0221,-6.479,0.0786
70.31494784355164,-0.0634,0.0021,0.2071,-0.0658,-6.4796,0.0341
70.31507182121277,-0.0634,0.0018,0.2063,-0.0279,-6.4802,0.0078
70.31520676612854,-0.0634,0.0013,0.2063,0.0035,-6.4809,0.0016
70.47622489929199,-0.0634,0.0009,0.2063,0.0188,-6.4815,0.0048
70.47640490531921,-0.0634,0.0007,0.2065,0.0294,-6.4821,0.0163
70.47652888298035,-0.0634,0.0007,0.2067,0.0096,-6.4828,0.0165
70.47664880752563,-0.0634,0.0006,0.2068,-0.0016,-6.4834,0.0093
70.47676682472229,-0.0634,0.0005,0.2067,-0.0026,-6.484,0.0011
70.47689390182495,-0.0634,0.0004,0.2066,-0.0067,-6.4847,-0.0109
70.47701382637024,-0.0634,0.0002,0.2065,-0.0086,-6.4853,-0.025
70.47713375091553,-0.0634,-0.0001,0.2063,-0.0113,-6.4859,-0.0428
70.4772539138794,-0.0634,-0.0005,0.2062,-0.0185,-6.4866,-0.0666
70.47737383842468,-0.0634,-0.001,0.2057,-0.0103,-6.4872,-0.0887
70.47750496864319,-0.0635,-0.0016,0.2058,0.0332,-6.4878,-0.0827
70.47762203216553,-0.0635,-0.0019,0.2063,0.0283,-6.4885,-0.0769
70.47774982452393,-0.0635,-0.0021,0.2054,0.0172,-6.4891,-0.0848
70.47787690162659,-0.0636,-0.0023,0.2064,0.1537,-6.4898,0.0021
70.47800087928772,-0.0635,-0.0016,0.2078,0.0537,-6.4904,0.0349
70.47812676429749,-0.0635,-0.0008,0.2076,-0.0153,-6.491,0.0223
70.62519383430481,-0.0635,-0.0003,0.2075,0.018,-6.4917,0.0307
70.62536787986755,-0.0635,0.0001,0.2078,0.0,-6.4923,0.0295
70.62549686431885,-0.0635,0.0003,0.2074,-0.023,-6.4929,0.0103
70.62561774253845,-0.0635,0.0003,0.2072,0.0002,-6.4936,0.0051
70.62573885917664,-0.0635,0.0003,0.2073,-0.0064,-6.4942,-0.004
70.62585496902466,-0.0635,0.0002,0.2071,0.0186,-6.4948,0.0015
70.6259708404541,-0.0635,0.0001,0.2074,0.0352,-6.4955,0.0196
70.62608575820923,-0.0635,0.0003,0.2076,0.0116,-6.4961,0.0239
70.6261990070343,-0.0635,0.0004,0.2076,0.0123,-6.4967,0.0285
70.62631177902222,-0.0635,0.0006,0.2079,0.0267,-6.4974,0.0442
70.62642669677734,-0.0635,0.0008,0.2081,-0.0021,-6.498,0.0428
70.62654280662537,-0.0635,0.001,0.2081,0.0011,-6.4986,0.0434
70.6266598701477,-0.0634,0.0011,0.2081,0.0087,-6.4993,0.0492
70.62677788734436,-0.0634,0.0013,0.2082,-0.0012,-6.4999,0.0494
70.6268937587738,-0.0634,0.0014,0.2087,-0.0526,-6.5005,0.0196
70.77471280097961,-0.0634,0.0011,0.2072,-0.1071,-6.5012,-0.0563
70.77489185333252,-0.0634,0.0003,0.2065,-0.0042,-6.5018,-0.0712
70.77502679824829,-0.0634,-0.0005,0.2065,-0.033,-6.5024,-0.1059
70.77515482902527,-0.0635,-0.0014,0.2059,-0.047,-6.5031,-0.1545
70.77528285980225,-0.0635,-0.0025,0.2058,0.0605,-6.5037,-0.1353
70.77540683746338,-0.0636,-0.0031,0.207,0.1862,-6.5044,-0.0265
70.77552485466003,-0.0636,-0.0024,0.209,0.1112,-6.505,0.0484
70.7756416797638,-0.0636,-0.0012,0.2094,0.0593,-6.5056,0.0935
70.77575969696045,-0.0635,0.0001,0.2102,0.0641,-6.5063,0.1481
70.77587890625,-0.0635,0.0015,0.2105,-0.0266,-6.5069,0.1466
70.77599692344666,-0.0634,0.0025,0.2097,-0.0406,-6.5075,0.131
70.77614092826843,-0.0634,0.003,0.2094,-0.104,-6.5082,0.0723
70.77626895904541,-0.0634,0.0028,0.2076,-0.1088,-6.5088,-0.0022
70.77642703056335,-0.0634,0.0019,0.2065,-0.0874,-6.5094,-0.0713
70.77657580375671,-0.0634,0.0007,0.2057,-0.0165,-6.5101,-0.1019
70.92573690414429,-0.0634,-0.0005,0.2065,0.0728,-6.5107,-0.07
70.92600083351135,-0.0635,-0.0011,0.207,0.028,-6.5113,-0.0636
70.9261429309845,-0.0635,-0.0014,0.2072,0.036,-6.512,-0.051
70.92626571655273,-0.0635,-0.0014,0.2078,0.1,-6.5126,0.0072
70.92638492584229,-0.0635,-0.0009,0.2092,0.0901,-6.5132,0.0689
70.92649984359741,-0.0635,0.0,0.2097,0.0404,-6.5139,0.1024
70.92661499977112,-0.0634,0.001,0.21,0.0248,-6.5145,0.1291
70.92673993110657,-0.0634,0.002,0.2102,-0.0143,-6.5151,0.1324
70.9268569946289,-0.0633,0.0027,0.2107,-0.0648,-6.5158,0.1063
70.92700386047363,-0.0633,0.0029,0.2089,-0.17,-6.5164,-0.0006
70.92712879180908,-0.0633,0.002,0.2072,-0.0858,-6.517,-0.0657
70.92725777626038,-0.0633,0.0008,0.207,-0.0866,-6.5177,-0.1336
70.92739081382751,-0.0634,-0.0008,0.2053,-0.0739,-6.5183,-0.207
70.92752575874329,-0.0634,-0.0025,0.2049,0.0773,-6.5189,-0.1868
70.92766380310059,-0.0635,-0.0036,0.2058,0.2284,-6.5196,-0.0634
71.07590389251709,-0.0635,-0.0031,0.2092,0.2536,-6.5202,0.1013
71.07611584663391,-0.0635,-0.0012,0.2116,0.0731,-6.5208,0.1672
71.07624077796936,-0.0634,0.0008,0.2111,-0.1027,-6.5215,0.117
71.0763750076294,-0.0634,0.0017,0.2101,-0.0695,-6.5221,0.0819
71.07650089263916,-0.0634,0.002,0.2092,-0.1416,-6.5228,-0.0063
71.07662105560303,-0.0634,0.0013,0.2069,-0.0596,-6.5234,-0.0586
71.07673692703247,-0.0634,0.0004,0.2075,0.118,-6.524,0.0075
71.0768518447876,-0.0634,0.0003,0.2088,0.0581,-6.5247,0.0444
71.07697200775146,-0.0634,0.0007,0.2086,0.022,-6.5253,0.0562
71.07708692550659,-0.0634,0.001,0.2092,0.0821,-6.5259,0.1111
71.07720184326172,-0.0633,0.0018,0.21,0.0122,-6.5266,0.127
71.07733678817749,-0.0633,0.0025,0.2095,-0.0469,-6.5272,0.1016
71.07747197151184,-0.0633,0.0027,0.2092,-0.1055,-6.5278,0.0362
71.07761478424072,-0.0632,0.0023,0.2073,-0.1818,-6.5285,-0.0929
71.07776308059692,-0.0633,0.0007,0.2054,-0.0249,-6.5291,-0.1351
71.2312228679657,-0.0633,-0.0008,0.2059,0.1546,-6.5297,-0.059
71.23140978813171,-0.0633,-0.0012,0.2072,0.088,-6.5303,-0.0167
71.23155403137207,-0.0633,-0.001,0.2077,0.095,-6.531,0.0335
71.23167777061462,-0.0633,-0.0004,0.2093,0.1181,-6.5316,0.1105
71.23179697990417,-0.0633,0.0008,0.2103,0.0,-6.5322,0.1191
71.23191690444946,-0.0633,0.0017,0.2093,-0.0361,-6.5329,0.0977
71.23204302787781,-0.0632,0.0022,0.2092,0.0192,-6.5335,0.1116
71.23216104507446,-0.0632,0.0026,0.2094,-0.128,-6.5341,0.0317
71.23228073120117,-0.0632,0.0021,0.2069,-0.1626,-6.5348,-0.0889
71.23240804672241,-0.0632,0.0006,0.2056,0.0404,-6.5354,-0.0885
71.2325267791748,-0.0632,-0.0004,0.2074,0.155,-6.536,-0.0025
71.23265194892883,-0.0632,-0.0003,0.2087,0.0609,-6.5367,0.032
71.23280191421509,-0.0632,0.0001,0.2088,0.0204,-6.5373,0.0415
71.2329409122467,-0.0632,0.0005,0.2091,0.0067,-6.5379,0.0446
71.2330858707428,-0.0632,0.0008,0.2091,-0.0333,-6.5386,0.0212
71.38394904136658,-0.0632,0.0007,0.2086,-0.023,-6.5392,0.0009
71.38417100906372,-0.0632,0.0005,0.2083,-0.0078,-6.5398,-0.0121
71.38430190086365,-0.0632,0.0003,0.208,-0.0061,-6.5405,-0.0261
71.38442897796631,-0.0632,-0.0001,0.2081,0.0303,-6.5411,-0.0165
71.38455176353455,-0.0632,-0.0002,0.2084,0.0226,-6.5417,-0.0099
71.38467574119568,-0.0632,-0.0002,0.2085,-0.0008,-6.5424,-0.018
71.38480377197266,-0.0632,-0.0003,0.2086,0.0162,-6.543,-0.0147
71.38493180274963,-0.0632,-0.0004,0.2088,0.0094,-6.5436,-0.0141
71.38506174087524,-0.0632,-0.0004,0.209,0.0176,-6.5443,-0.0073
71.38518190383911,-0.0632,-0.0004,0.209,0.0198,-6.5449,0.0009
71.38529992103577,-0.0632,-0.0002,0.2091,0.0262,-6.5455,0.0143
71.38541793823242,-0.0632,-0.0,0.2089,0.0224,-6.5462,0.0238
71.38553285598755,-0.0632,0.0002,0.2092,0.036,-6.5468,0.044
71.38564872741699,-0.0632,0.0006,0.2095,0.0222,-6.5474,0.0578
71.38576292991638,-0.0632,0.001,0.2096,0.0228,-6.5481,0.0729
71.38587689399719,-0.0632,0.0014,0.21,0.0287,-6.5487,0.0947
71.54522895812988,-0.0631,0.0019,0.2101,-0.0135,-6.5493,0.0897
71.54542684555054,-0.0631,0.0022,0.2097,-0.0166,-6.5499,0.0802
71.54556083679199,-0.0631,0.0023,0.2089,-0.1474,-6.5506,-0.0198
71.54568481445312,-0.0631,0.0014,0.2069,-0.1231,-6.5512,-0.1192
71.54581785202026,-0.0631,-0.0002,0.2059,-0.0362,-6.5518,-0.1706
71.54593777656555,-0.0632,-0.0018,0.2062,0.0946,-6.5525,-0.1367
71.54606890678406,-0.0632,-0.0026,0.2073,0.1987,-6.5531,-0.0282
71.5461859703064,-0.0632,-0.0021,0.21,0.1742,-6.5537,0.084
71.54630184173584,-0.0632,-0.0006,0.2105,0.0178,-6.5544,0.0996
71.54641485214233,-0.0632,0.0005,0.2105,0.0844,-6.555,0.1588
71.54654479026794,-0.0631,0.0019,0.2122,0.0437,-6.5556,0.2047
71.54667067527771,-0.063,0.0033,0.2121,-0.1546,-6.5563,0.1224
71.54681086540222,-0.063,0.0035,0.2094,-0.2495,-6.5569,-0.0408
71.546954870224,-0.063,0.0021,0.2071,-0.1508,-6.5575,-0.1577
71.54708981513977,-0.0631,-0.0001,0.2058,0.0335,-6.5582,-0.1662
71.54722094535828,-0.0631,-0.0017,0.2071,0.1522,-6.5588,-0.0898
71.69540190696716,-0.0632,-0.0021,0.2085,0.1848,-6.5594,0.0178
71.69557094573975,-0.0631,-0.0013,0.2111,0.139,-6.56,0.1144
71.69571089744568,-0.0631,0.0002,0.2116,-0.0616,-6.5607,0.0855
71.69583582878113,-0.0631,0.001,0.2099,-0.0763,-6.5613,0.0353
71.69595789909363,-0.0631,0.001,0.2095,0.0092,-6.5619,0.0379
71.69607591629028,-0.0631,0.0011,0.2097,-0.0544,-6.5626,0.0004
71.69619584083557,-0.0631,0.0008,0.2084,-0.09,-6.5632,-0.0696
71.69631576538086,-0.0631,-0.0001,0.2074,-0.005,-6.5638,-0.0927
71.69643592834473,-0.0631,-0.001,0.2081,0.08,-6.5645,-0.0568
71.69655299186707,-0.0631,-0.0013,0.2088,0.032,-6.5651,-0.0467
71.69670867919922,-0.0631,-0.0013,0.2089,0.0336,-6.5657,-0.0354
71.6968367099762,-0.0632,-0.0013,0.2096,0.0687,-6.5664,0.0033
71.69695281982422,-0.0632,-0.0009,0.2104,0.0515,-6.567,0.0369
71.69707584381104,-0.0631,-0.0002,0.2108,0.0393,-6.5676,0.0661
71.6972017288208,-0.0631,0.0005,0.2111,-0.013,-6.5682,0.0637
71.84527587890625,-0.0631,0.001,0.2106,-0.0322,-6.5689,0.0455
71.8454647064209,-0.0631,0.0011,0.2104,0.0104,-6.5695,0.0537
71.84559369087219,-0.0631,0.0013,0.2109,-0.0259,-6.5701,0.0414
71.84572076797485,-0.0631,0.0013,0.21,-0.0859,-6.5708,-0.0159
71.84584379196167,-0.0631,0.0008,0.2094,-0.0381,-6.5714,-0.0472
71.84596395492554,-0.0631,0.0001,0.2092,-0.0393,-6.572,-0.0816
71.84608483314514,-0.0631,-0.0007,0.2083,-0.0343,-6.5727,-0.1193
71.8462028503418,-0.0631,-0.0017,0.2082,0.0492,-6.5733,-0.1052
71.84632182121277,-0.0632,-0.0022,0.2089,0.0561,-6.5739,-0.082
71.84643769264221,-0.0632,-0.0023,0.2099,0.1597,-6.5746,0.0156
71.84657001495361,-0.0632,-0.0015,0.2116,0.1102,-6.5752,0.0936
71.84671878814697,-0.0632,-0.0001,0.212,-0.0313,-6.5758,0.0838
71.84685492515564,-0.0631,0.0007,0.211,-0.0654,-6.5765,0.0449
71.84700179100037,-0.0631,0.0009,0.2106,-0.0115,-6.5771,0.0379
71.84711766242981,-0.0631,0.001,0.2105,-0.0345,-6.5777,0.0155
71.99844980239868,-0.0631,0.0009,0.2098,-0.0727,-6.5783,-0.037
71.99863076210022,-0.0631,0.0003,0.2091,-0.045,-6.579,-0.0773
71.99876284599304,-0.0631,-0.0006,0.2086,-0.0265,-6.5796,-0.1099
71.99888467788696,-0.0632,-0.0015,0.2084,0.0188,-6.5802,-0.1152
71.99901270866394,-0.0632,-0.0022,0.2088,0.0437,-6.5809,-0.1022
71.99913477897644,-0.0633,-0.0025,0.2087,0.1022,-6.5815,-0.0522
71.9992527961731,-0.0633,-0.0023,0.2105,0.1922,-6.5821,0.0686
71.99936890602112,-0.0632,-0.0009,0.2122,0.0504,-6.5828,0.1105
71.99948692321777,-0.0632,0.0004,0.2117,-0.1025,-6.5834,0.0512
71.99960398674011,-0.0632,0.0008,0.2106,-0.0466,-6.584,0.0199
71.9997570514679,-0.0632,0.0008,0.2107,0.0067,-6.5847,0.0237
71.9999008178711,-0.0632,0.0008,0.2106,-0.0255,-6.5853,0.0059
72.00002408027649,-0.0632,0.0006,0.2099,-0.0591,-6.5859,-0.0389
72.0001757144928,-0.0632,0.0,0.2094,-0.0463,-6.5866,-0.0797
72.00031089782715,-0.0632,-0.0008,0.2089,0.006,-6.5872,-0.0905
72.15152883529663,-0.0632,-0.0014,0.2093,0.0431,-6.5878,-0.0749
72.15170788764954,-0.0633,-0.0017,0.2097,0.0238,-6.5885,-0.07
72.15184688568115,-0.0633,-0.0019,0.2098,0.0314,-6.5891,-0.0595
72.15197491645813,-0.0633,-0.0019,0.21,0.1156,-6.5897,0.0067
72.1520938873291,-0.0633,-0.0013,0.212,0.1351,-6.5904,0.1003
72.15221190452576,-0.0633,0.0001,0.2125,0.0279,-6.591,0.1289
72.15233087539673,-0.0632,0.0013,0.2126,-0.0001,-6.5916,0.1405
72.15244793891907,-0.0632,0.0023,0.2126,-0.0411,-6.5923,0.1261
72.15256690979004,-0.0631,0.0028,0.2116,-0.159,-6.5929,0.0291
72.15269184112549,-0.0631,0.0023,0.2089,-0.1156,-6.5935,-0.0596
72.15280890464783,-0.0632,0.001,0.2088,0.007,-6.5942,-0.0709
72.15293002128601,-0.0632,0.0,0.2089,-0.1036,-6.5948,-0.1541
72.15305185317993,-0.0632,-0.0015,0.2069,-0.0542,-6.5954,-0.2209
72.15317177772522,-0.0633,-0.0032,0.2077,0.1329,-6.596,-0.1624
72.15328979492188,-0.0634,-0.0038,0.2101,0.2383,-6.5967,-0.0189
72.3044867515564,-0.0634,-0.0029,0.2122,0.1846,-6.5973,0.1058
72.30466890335083,-0.0633,-0.001,0.2137,0.0375,-6.5979,0.1469
72.30480289459229,-0.0633,0.0008,0.2129,-0.0993,-6.5986,0.0949
72.30492782592773,-0.0632,0.0015,0.2123,-0.0481,-6.5992,0.0721
72.30505394935608,-0.0632,0.0017,0.2116,-0.1173,-6.5998,-0.0007
72.30517768859863,-0.0632,0.0012,0.2096,-0.0768,-6.6005,-0.0623
72.3052978515625,-0.0632,0.0002,0.2097,0.0876,-6.6011,-0.0172
72.30541491508484,-0.0633,-0.0,0.2111,0.0472,-6.6017,0.0116
72.30552792549133,-0.0632,0.0001,0.2108,0.0124,-6.6024,0.0153
72.30565404891968,-0.0632,0.0002,0.2113,0.0789,-6.603,0.066
72.3057758808136,-0.0632,0.0008,0.2125,0.0556,-6.6036,0.1104
72.30591583251953,-0.0632,0.0016,0.2127,0.0,-6.6043,0.1202
72.3060417175293,-0.0631,0.0023,0.2122,-0.0133,-6.6049,0.1186
72.30618596076965,-0.0631,0.0028,0.2125,-0.0155,-6.6055,0.1178
72.30632281303406,-0.0631,0.0031,0.2112,-0.1716,-6.6062,0.0071
72.3064477443695,-0.0631,0.0022,0.2091,-0.0993,-6.6068,-0.0732
72.45510077476501,-0.0631,0.0009,0.2087,-0.0563,-6.6074,-0.1292
72.45528602600098,-0.0631,-0.0007,0.2076,-0.0832,-6.6081,-0.212
72.4554398059845,-0.0632,-0.0025,0.207,0.0605,-6.6087,-0.2071
72.45557403564453,-0.0633,-0.0038,0.2082,0.2407,-6.6093,-0.0784
72.45569586753845,-0.0633,-0.0034,0.2116,0.2544,-6.61,0.0838
72.45581483840942,-0.0633,-0.0016,0.214,0.0808,-6.6106,0.1515
72.45593285560608,-0.0632,0.0004,0.2135,-0.1211,-6.6112,0.0864
72.45605683326721,-0.0632,0.0011,0.2118,-0.0828,-6.6119,0.0341
72.4561779499054,-0.0632,0.0011,0.2112,-0.0686,-6.6125,-0.0132
72.45629477500916,-0.0632,0.0006,0.2097,-0.0734,-6.6131,-0.0747
72.45641493797302,-0.0632,-0.0003,0.2093,0.0559,-6.6137,-0.0562
72.45653295516968,-0.0632,-0.0007,0.2105,0.0468,-6.6144,-0.0352
72.45665693283081,-0.0632,-0.0009,0.2104,0.011,-6.615,-0.0386
72.45678377151489,-0.0633,-0.001,0.2106,0.0709,-6.6156,-0.0017
72.45692086219788,-0.0633,-0.0007,0.2116,0.0571,-6.6163,0.033
72.60641098022461,-0.0632,-0.0002,0.2117,0.0128,-6.6169,0.0403
72.60658669471741,-0.0632,0.0003,0.2117,0.0048,-6.6175,0.0423
72.60671472549438,-0.0632,0.0006,0.2118,0.0023,-6.6182,0.0438
72.60683393478394,-0.0632,0.0008,0.2116,-0.007,-6.6188,0.0379
72.60694980621338,-0.0632,0.001,0.2113,-0.0004,-6.6194,0.0337
72.60707974433899,-0.0632,0.001,0.2114,0.0047,-6.6201,0.0338
72.60719776153564,-0.0632,0.001,0.2115,-0.0118,-6.6207,0.0234
72.60731387138367,-0.0632,0.001,0.2112,-0.0271,-6.6213,0.001
72.60743284225464,-0.0632,0.0007,0.211,-0.0227,-6.622,-0.0205
72.60755181312561,-0.0632,0.0003,0.2108,-0.0215,-6.6226,-0.0428
72.60768103599548,-0.0632,-0.0002,0.2105,-0.0338,-6.6232,-0.0759
72.60781168937683,-0.0632,-0.0009,0.2099,-0.0397,-6.6239,-0.1176
72.60796070098877,-0.0632,-0.0018,0.2094,-0.0263,-6.6245,-0.1551
72.60810279846191,-0.0633,-0.0028,0.2092,0.0323,-6.6251,-0.1571
72.6082558631897,-0.0633,-0.0035,0.2103,0.2038,-6.6258,-0.0403
72.76984691619873,-0.0634,-0.0028,0.213,0.1771,-6.6264,0.0781
72.77002692222595,-0.0633,-0.0012,0.2141,0.0993,-6.627,0.1554
72.77015280723572,-0.0633,0.0007,0.2147,-0.0036,-6.6277,0.1716
72.77027201652527,-0.0632,0.0021,0.214,-0.0883,-6.6283,0.1285
72.77040386199951,-0.0632,0.0028,0.2128,-0.1637,-6.6289,0.0286
72.7705328464508,-0.0632,0.0022,0.2106,-0.1175,-6.6296,-0.0577
72.7706527709961,-0.0632,0.001,0.2101,-0.0534,-6.6302,-0.107
72.77077388763428,-0.0632,-0.0004,0.2095,-0.0162,-6.6308,-0.1378
72.77089381217957,-0.0633,-0.0016,0.2097,0.0665,-6.6315,-0.1145
72.77101278305054,-0.0633,-0.0022,0.2105,0.0544,-6.6321,-0.0939
72.77113080024719,-0.0633,-0.0025,0.2114,0.1543,-6.6327,-0.0027
72.77126383781433,-0.0633,-0.0018,0.2135,0.1341,-6.6334,0.0912
72.77138781547546,-0.0633,-0.0003,0.2137,-0.057,-6.634,0.0636
72.77151203155518,-0.0633,0.0004,0.2125,-0.0554,-6.6346,0.0285
72.77162480354309,-0.0633,0.0005,0.2123,0.0147,-6.6353,0.0376
72.77176690101624,-0.0633,0.0007,0.2123,-0.0345,-6.6359,0.0149
72.92113089561462,-0.0633,0.0007,0.2116,0.0067,-6.6365,0.0139
72.92131090164185,-0.0633,0.0006,0.2123,0.0283,-6.6371,0.031
72.92145204544067,-0.0632,0.0007,0.2121,-0.0442,-6.6378,-0.0001
72.92158389091492,-0.0632,0.0005,0.2113,-0.0391,-6.6384,-0.0339
72.92170906066895,-0.0633,0.0,0.2113,-0.0075,-6.639,-0.0476
72.92183089256287,-0.0633,-0.0004,0.2111,0.0008,-6.6397,-0.0576
72.92195200920105,-0.0633,-0.0009,0.2112,0.0226,-6.6403,-0.0532
72.92207884788513,-0.0633,-0.0011,0.2114,0.0098,-6.6409,-0.0565
72.92220997810364,-0.0633,-0.0013,0.2112,0.0252,-6.6416,-0.0511
72.9223279953003,-0.0633,-0.0014,0.2116,0.0362,-6.6422,-0.0363
72.92244505882263,-0.0634,-0.0014,0.2119,0.0304,-6.6428,-0.0233
72.92256188392639,-0.0634,-0.0012,0.2116,0.0671,-6.6435,0.0116
72.922682762146,-0.0634,-0.0007,0.2131,0.1221,-6.6441,0.0932
72.92279481887817,-0.0633,0.0004,0.2136,0.0002,-6.6447,0.1003
72.92290997505188,-0.0633,0.0013,0.2133,0.0251,-6.6454,0.1213
72.93935585021973,-0.0633,0.0021,0.2143,0.0443,-6.646,0.1625
72.93949174880981,-0.0632,0.003,0.2147,-0.0755,-6.6466,0.1294
73.09151983261108,-0.0632,0.0034,0.2128,-0.1569,-6.6473,0.0305
73.09169578552246,-0.0632,0.0027,0.2116,-0.1016,-6.6479,-0.0422
73.09182572364807,-0.0632,0.0015,0.2104,-0.1179,-6.6485,-0.1349
73.09194993972778,-0.0632,-0.0003,0.2093,0.0158,-6.6492,-0.1503
73.09208297729492,-0.0633,-0.0017,0.2103,0.0916,-6.6498,-0.1105
73.09220671653748,-0.0633,-0.0022,0.2107,0.1326,-6.6504,-0.0421
73.09232306480408,-0.0633,-0.002,0.213,0.1898,-6.6511,0.08
73.09244084358215,-0.0633,-0.0006,0.2144,-0.0251,-6.6517,0.0741
73.09255766868591,-0.0633,0.0003,0.2126,-0.1422,-6.6523,-0.0198
73.09267497062683,-0.0633,0.0,0.2116,-0.0105,-6.653,-0.0367
73.09279990196228,-0.0633,-0.0003,0.2118,0.0186,-6.6536,-0.0335
73.09293007850647,-0.0633,-0.0006,0.2116,0.004,-6.6542,-0.0416
73.09305691719055,-0.0633,-0.0008,0.2116,0.0452,-6.6549,-0.0229
73.09317994117737,-0.0633,-0.0008,0.2123,0.0455,-6.6555,0.0005
73.09331488609314,-0.0633,-0.0005,0.2126,0.034,-6.6561,0.0187
73.24364376068115,-0.0633,-0.0002,0.2128,0.0363,-6.6568,0.04
73.24381995201111,-0.0633,0.0003,0.2133,0.0102,-6.6574,0.0483
73.2439489364624,-0.0633,0.0006,0.2129,-0.0122,-6.658,0.0391
73.24406504631042,-0.0633,0.0008,0.2128,0.0151,-6.6587,0.0469
73.24418091773987,-0.0632,0.001,0.2127,-0.0146,-6.6593,0.0345
73.24430894851685,-0.0632,0.0011,0.2122,-0.0122,-6.6599,0.0206
73.24442982673645,-0.0632,0.0009,0.2123,0.0068,-6.6606,0.0194
73.24454593658447,-0.0632,0.0009,0.2123,-0.0028,-6.6612,0.0118
73.2446677684784,-0.0632,0.0007,0.2121,-0.0098,-6.6618,-0.0023
73.24478483200073,-0.0632,0.0005,0.2121,-0.0046,-6.6625,-0.0132
73.2449038028717,-0.0632,0.0002,0.2121,0.0063,-6.6631,-0.0173
73.24504590034485,-0.0632,-0.0,0.2123,0.0308,-6.6637,-0.0049
73.24518871307373,-0.0632,-0.0001,0.2126,0.024,-6.6644,0.0055
73.24532508850098,-0.0632,0.0,0.2126,0.0171,-6.665,0.0115
73.2454469203949,-0.0632,0.0001,0.2127,0.0283,-6.6656,0.0249
73.24555993080139,-0.0632,0.0003,0.213,0.0319,-6.6663,0.043
73.39524388313293,-0.0632,0.0006,0.2132,0.0183,-6.6669,0.054
73.39542293548584,-0.0632,0.001,0.2133,0.0264,-6.6675,0.0711
73.39554572105408,-0.0632,0.0014,0.2138,0.0252,-6.6681,0.0912
73.39566683769226,-0.0631,0.0019,0.2137,-0.0278,-6.6688,0.0765
73.39578294754028,-0.0631,0.002,0.2133,-0.0016,-6.6694,0.0756
73.39591073989868,-0.0631,0.0022,0.2128,-0.1241,-6.67,-0.008
73.39602994918823,-0.0631,0.0014,0.2109,-0.0799,-6.6707,-0.0774
73.39614582061768,-0.0631,0.0003,0.2106,0.0124,-6.6713,-0.0901
73.39626288414001,-0.0631,-0.0007,0.2108,0.022,-6.6719,-0.0958
73.39638090133667,-0.0632,-0.0014,0.2112,0.0468,-6.6726,-0.0833
73.39649891853333,-0.0632,-0.0018,0.2115,0.0974,-6.6732,-0.0362
73.39661383628845,-0.0632,-0.0016,0.2131,0.123,-6.6738,0.0387
73.39673686027527,-0.0632,-0.0008,0.2139,0.0437,-6.6745,0.0682
73.39685773849487,-0.0632,0.0001,0.214,-0.0218,-6.6751,0.0563
73.39697790145874,-0.0632,0.0006,0.2138,-0.021,-6.6757,0.0439
73.54662704467773,-0.0631,0.0009,0.2136,-0.0127,-6.6764,0.0353
73.54679870605469,-0.0631,0.001,0.2132,-0.0259,-6.677,0.0153
73.54692506790161,-0.0631,0.0008,0.2127,-0.0183,-6.6776,-0.0031
73.54704189300537,-0.0631,0.0005,0.2128,0.0364,-6.6783,0.014
73.54715585708618,-0.0631,0.0005,0.2134,0.0199,-6.6789,0.0244
73.54727697372437,-0.0631,0.0006,0.2131,-0.0397,-6.6795,-0.0054
73.54739570617676,-0.0631,0.0004,0.2126,-0.0223,-6.6801,-0.0283
73.54751586914062,-0.0631,-0.0,0.2125,-0.0071,-6.6808,-0.042
73.54764485359192,-0.0631,-0.0004,0.2123,-0.0247,-6.6814,-0.0692
73.54778289794922,-0.0632,-0.001,0.2119,-0.0275,-6.682,-0.1018
73.54789876937866,-0.0632,-0.0017,0.2116,0.0056,-6.6827,-0.116
73.54802203178406,-0.0632,-0.0023,0.212,0.0493,-6.6833,-0.0995
73.54813885688782,-0.0633,-0.0026,0.2121,0.1402,-6.6839,-0.0235
73.54825973510742,-0.0633,-0.002,0.2147,0.163,-6.6846,0.0858
73.54837608337402,-0.0632,-0.0006,0.216,-0.0037,-6.6852,0.0975
73.69701600074768,-0.0632,0.0005,0.215,-0.0768,-6.6858,0.0555
73.69718766212463,-0.0632,0.0009,0.2144,-0.0127,-6.6865,0.0504
73.69731569290161,-0.0632,0.0011,0.2145,-0.0185,-6.6871,0.0424
73.69743776321411,-0.0632,0.0012,0.2137,-0.0675,-6.6877,-0.0027
73.69756078720093,-0.0632,0.0008,0.2128,-0.0471,-6.6884,-0.0418
73.69768285751343,-0.0632,0.0002,0.2124,-0.0151,-6.689,-0.0633
73.69781494140625,-0.0632,-0.0005,0.2125,0.0348,-6.6896,-0.0529
73.6979329586029,-0.0632,-0.0009,0.2128,0.0202,-6.6903,-0.05
73.6980516910553,-0.0632,-0.0011,0.2129,0.0248,-6.6909,-0.0439
73.69816875457764,-0.0632,-0.0012,0.2132,0.0368,-6.6915,-0.0281
73.69828677177429,-0.0633,-0.0011,0.2135,0.0304,-6.6922,-0.014
73.69842195510864,-0.0633,-0.0009,0.2136,0.0296,-6.6928,0.0001
73.69856095314026,-0.0633,-0.0006,0.2139,0.0226,-6.6934,0.0117
73.69871377944946,-0.0633,-0.0003,0.214,-0.0098,-6.6941,0.0031
73.69883894920349,-0.0633,-0.0002,0.2137,-0.0114,-6.6947,-0.0083
73.84764170646667,-0.0633,-0.0002,0.2136,0.0,-6.6953,-0.0136
73.84781694412231,-0.0633,-0.0003,0.2135,-0.0137,-6.6959,-0.0285
73.84794497489929,-0.0633,-0.0005,0.2133,-0.0153,-6.6966,-0.0463
73.8480658531189,-0.0633,-0.0008,0.2131,-0.007,-6.6972,-0.0603
73.8481867313385,-0.0633,-0.0011,0.213,-0.0134,-6.6978,-0.0795
73.84830689430237,-0.0633,-0.0016,0.2127,0.0036,-6.6985,-0.0906
73.84842586517334,-0.0634,-0.002,0.213,0.0392,-6.6991,-0.0768
73.84854388237,-0.0634,-0.0021,0.2132,0.0155,-6.6997,-0.0773
73.84865880012512,-0.0634,-0.0023,0.2139,0.1459,-6.7004,0.0115
73.84877490997314,-0.0634,-0.0015,0.2158,0.0877,-6.701,0.0764
73.8488917350769,-0.0634,-0.0003,0.2159,-0.0029,-6.7017,0.0841
73.8490059375763,-0.0634,0.0006,0.2157,-0.0101,-6.7023,0.0863
73.84912467002869,-0.0633,0.0013,0.2155,-0.0231,-6.7029,0.079
73.84924006462097,-0.0633,0.0017,0.2154,-0.0523,-6.7036,0.0522
73.84936380386353,-0.0633,0.0017,0.2144,-0.0886,-6.7042,-0.0051
74.00931668281555,-0.0633,0.0011,0.2138,-0.0271,-6.7048,-0.0273
74.00948405265808,-0.0633,0.0005,0.2135,0.017,-6.7054,-0.0238
74.00961780548096,-0.0633,0.0001,0.2137,0.0304,-6.7061,-0.0104
74.00973892211914,-0.0633,-0.0,0.2139,0.0034,-6.7067,-0.0135
74.00985789299011,-0.0633,-0.0001,0.2137,0.0183,-6.7073,-0.0085
74.00998187065125,-0.0633,-0.0002,0.2142,0.0517,-6.708,0.0214
74.01009678840637,-0.0633,0.0001,0.2145,0.0266,-6.7086,0.0373
74.01020884513855,-0.0633,0.0004,0.2145,0.0232,-6.7092,0.0509
74.01032185554504,-0.0633,0.0008,0.2148,0.0415,-6.7099,0.0783
74.0104329586029,-0.0633,0.0013,0.2152,0.0363,-6.7105,0.1061
74.01055479049683,-0.0632,0.002,0.2154,-0.0113,-6.7111,0.1047
74.01068186759949,-0.0632,0.0024,0.215,-0.0158,-6.7118,0.0973
74.0107970237732,-0.0632,0.0026,0.2147,-0.1176,-6.7124,0.0221
74.0109179019928,-0.0631,0.0021,0.2128,-0.1405,-6.713,-0.0818
74.01103472709656,-0.0632,0.0006,0.2115,-0.0414,-6.7137,-0.132
74.01116585731506,-0.0632,-0.0008,0.2119,0.1266,-6.7143,-0.0723
74.16106176376343,-0.0632,-0.0013,0.2132,0.0946,-6.7149,-0.0238
74.16123580932617,-0.0632,-0.0011,0.214,0.1006,-6.7156,0.0339
74.16136384010315,-0.0632,-0.0005,0.2151,0.0913,-6.7162,0.0937
74.16148400306702,-0.0632,0.0006,0.2157,-0.0133,-6.7168,0.0905
74.16160583496094,-0.0632,0.0013,0.215,-0.0306,-6.7175,0.0718
74.16173481941223,-0.0632,0.0016,0.2149,0.0038,-6.7181,0.0747
74.16185808181763,-0.0631,0.0019,0.2151,-0.0259,-6.7187,0.0596
74.16197681427002,-0.0631,0.0019,0.214,-0.1067,-6.7194,-0.0153
74.16211199760437,-0.0631,0.0012,0.213,-0.0435,-6.72,-0.0576
74.16224384307861,-0.0631,0.0003,0.2128,-0.0153,-6.7206,-0.0838
74.1623809337616,-0.0632,-0.0006,0.2124,0.0243,-6.7213,-0.0878
74.16250276565552,-0.0632,-0.0013,0.213,0.0713,-6.7219,-0.0578
74.1626238822937,-0.0632,-0.0015,0.2136,0.0322,-6.7225,-0.0487
74.16273880004883,-0.0632,-0.0015,0.2139,0.0982,-6.7231,0.005
74.16285681724548,-0.0632,-0.001,0.2154,0.1024,-6.7238,0.072
74.17937088012695,-0.0632,-0.0,0.2161,0.0412,-6.7244,0.1054
74.17951202392578,-0.0632,0.001,0.2162,-0.0056,-6.725,0.1096
74.33289980888367,-0.0631,0.0018,0.2158,-0.0241,-6.7257,0.0994
74.33309006690979,-0.0631,0.0022,0.2161,-0.0298,-6.7263,0.0879
74.33321976661682,-0.0631,0.0024,0.2151,-0.1361,-6.7269,0.0006
74.33335280418396,-0.0631,0.0017,0.2136,-0.0736,-6.7276,-0.0578
74.33347678184509,-0.0631,0.0006,0.2133,0.0529,-6.7282,-0.0373
74.33359694480896,-0.0631,0.0001,0.2142,0.0669,-6.7288,-0.002
74.33371782302856,-0.0631,0.0,0.2145,0.026,-6.7295,0.009
74.33383083343506,-0.0631,0.0001,0.2146,0.0441,-6.7301,0.0321
74.33395195007324,-0.0631,0.0004,0.2153,0.0553,-6.7307,0.0678
74.33408188819885,-0.0631,0.0009,0.2155,-0.019,-6.7314,0.0565
74.3342068195343,-0.063,0.0012,0.2149,-0.0115,-6.732,0.0464
74.33432698249817,-0.063,0.0013,0.215,0.0111,-6.7326,0.0515
74.33444285392761,-0.063,0.0014,0.2149,-0.0121,-6.7332,0.041
74.33458089828491,-0.063,0.0014,0.2146,-0.0101,-6.7339,0.029
74.33470892906189,-0.063,0.0013,0.2151,-0.0361,-6.7345,0.0034
74.33484482765198,-0.063,0.0009,0.2143,-0.077,-6.7351,-0.0544
74.4838798046112,-0.063,0.0001,0.2136,-0.0369,-6.7358,-0.0923
74.48407697677612,-0.063,-0.0008,0.2131,-0.0493,-6.7364,-0.1423
74.48422193527222,-0.0631,-0.002,0.2123,-0.0555,-6.737,-0.2028
74.48434567451477,-0.0632,-0.0034,0.2116,0.0575,-6.7377,-0.1966
74.48446583747864,-0.0632,-0.0043,0.2136,0.2813,-6.7383,-0.0323
74.48458480834961,-0.0632,-0.0033,0.2169,0.2355,-6.7389,0.1269
74.48470282554626,-0.0632,-0.0011,0.2185,-0.0363,-6.7396,0.1228
74.48481774330139,-0.0631,0.0004,0.2163,-0.1581,-6.7402,0.0253
74.48493576049805,-0.0631,0.0006,0.2152,-0.0458,-6.7408,-0.0073
74.48505187034607,-0.0631,0.0003,0.2151,-0.0742,-6.7414,-0.0594
74.48517179489136,-0.0632,-0.0004,0.2135,-0.0576,-6.7421,-0.1128
74.48528790473938,-0.0632,-0.0013,0.2138,0.0861,-6.7427,-0.0722
74.48540902137756,-0.0632,-0.0016,0.2149,0.0544,-6.7433,-0.0441
74.48553085327148,-0.0632,-0.0016,0.2151,0.0199,-6.744,-0.0373
74.48565077781677,-0.0632,-0.0015,0.2154,0.0573,-6.7446,-0.0046
74.63458895683289,-0.0632,-0.0011,0.216,0.0721,-6.7452,0.0426
74.63476300239563,-0.0632,-0.0003,0.2168,0.0703,-6.7459,0.0945
74.6348888874054,-0.0632,0.0007,0.2172,0.0521,-6.7465,0.1378
74.63500785827637,-0.0632,0.0018,0.2175,0.0665,-6.7471,0.1932
74.63512587547302,-0.0631,0.0032,0.2181,-0.0121,-6.7478,0.2033
74.63525199890137,-0.063,0.0042,0.2169,-0.2141,-6.7484,0.0747
74.63537001609802,-0.063,0.0037,0.2143,-0.2181,-6.749,-0.0758
74.635488986969,-0.063,0.0018,0.2118,-0.0225,-6.7497,-0.1187
74.63560390472412,-0.0631,0.0001,0.2131,0.2132,-6.7503,-0.0016
74.63572669029236,-0.0631,0.0001,0.2158,0.0936,-6.7509,0.0573
74.63584995269775,-0.063,0.0006,0.2151,-0.0832,-6.7516,-0.0027
74.63597679138184,-0.063,0.0004,0.2139,-0.0213,-6.7522,-0.0312
74.6361038684845,-0.0631,-0.0,0.2142,0.0028,-6.7528,-0.0428
74.63624978065491,-0.0631,-0.0004,0.2136,-0.0426,-6.7534,-0.0882
74.63640809059143,-0.0631,-0.0012,0.2132,0.031,-6.7541,-0.0898
74.78701090812683,-0.0631,-0.0017,0.2138,0.0692,-6.7547,-0.0627
74.78728294372559,-0.0632,-0.0018,0.2143,0.0344,-6.7553,-0.0546
74.78745889663696,-0.0632,-0.0018,0.2141,0.0519,-6.756,-0.0372
74.78759694099426,-0.0632,-0.0016,0.2154,0.1663,-6.7566,0.0634
74.78771567344666,-0.0632,-0.0005,0.217,0.0729,-6.7572,0.1154
74.787832736969,-0.0631,0.0008,0.2173,0.0291,-6.7579,0.1425
74.7879490852356,-0.0631,0.0019,0.2175,-0.0109,-6.7585,0.146
74.78806495666504,-0.063,0.0028,0.2175,-0.1236,-6.7591,0.0764
74.78818464279175,-0.063,0.0027,0.2149,-0.173,-6.7598,-0.0434
74.7883038520813,-0.063,0.0015,0.2138,-0.0358,-6.7604,-0.0832
74.78842186927795,-0.063,0.0002,0.2136,-0.0648,-6.761,-0.1448
74.78854393959045,-0.0631,-0.0013,0.2124,-0.0149,-6.7616,-0.1838
74.78866291046143,-0.0632,-0.0027,0.2129,0.1213,-6.7623,-0.132
74.78878092765808,-0.0632,-0.0032,0.2149,0.2232,-6.7629,-0.0003
74.78889799118042,-0.0632,-0.0022,0.2172,0.173,-6.7635,0.1156
74.93833804130554,-0.0632,-0.0004,0.2185,0.1212,-6.7642,0.2082
74.9385199546814,-0.0631,0.0017,0.2194,0.0059,-6.7648,0.2345
74.93864870071411,-0.063,0.0035,0.2198,-0.1215,-6.7654,0.182
74.93876886367798,-0.063,0.0042,0.2176,-0.2836,-6.7661,0.0095
74.9388918876648,-0.063,0.003,0.2137,-0.1497,-6.7667,-0.1056
74.93901109695435,-0.063,0.0011,0.2141,0.1318,-6.7673,-0.0367
74.93913292884827,-0.063,0.0004,0.2153,-0.0647,-6.768,-0.0869
74.93925285339355,-0.063,-0.0006,0.2128,-0.1256,-6.7686,-0.1953
74.9393720626831,-0.0631,-0.0023,0.2129,0.1413,-6.7692,-0.1316
74.93948793411255,-0.0631,-0.0029,0.2155,0.2257,-6.7698,0.0044
74.93960380554199,-0.0631,-0.002,0.2182,0.1474,-6.7705,0.1096
74.93972086906433,-0.0631,-0.0003,0.2188,-0.0399,-6.7711,0.0991
74.93983793258667,-0.0631,0.0007,0.2174,-0.0916,-6.7717,0.0457
74.93995189666748,-0.063,0.001,0.2171,-0.0077,-6.7724,0.0447
74.94007873535156,-0.063,0.0011,0.2169,-0.0474,-6.773,0.0163
75.08982872962952,-0.063,0.0009,0.2156,-0.0564,-6.7736,-0.0273
75.09000277519226,-0.063,0.0004,0.2153,0.066,-6.7743,0.0053
75.09013485908508,-0.063,0.0003,0.2167,0.0585,-6.7749,0.0428
75.09026980400085,-0.063,0.0006,0.2165,-0.0143,-6.7755,0.0317
75.0903868675232,-0.063,0.0008,0.2164,0.0356,-6.7762,0.0524
75.09050965309143,-0.063,0.001,0.2173,0.0104,-6.7768,0.0634
75.09062695503235,-0.063,0.0013,0.2168,-0.0379,-6.7774,0.0395
75.09074306488037,-0.063,0.0013,0.2163,-0.0101,-6.778,0.0299
75.0908567905426,-0.063,0.0012,0.2162,0.0062,-6.7787,0.0297
75.09097480773926,-0.0629,0.0011,0.2158,-0.0734,-6.7793,-0.0245
75.09109497070312,-0.063,0.0006,0.2146,-0.0469,-6.7799,-0.0711
75.09124088287354,-0.063,-0.0003,0.2152,0.0362,-6.7806,-0.0607
75.09138298034668,-0.063,-0.0008,0.2156,-0.0205,-6.7812,-0.0842
75.09152793884277,-0.063,-0.0014,0.2148,-0.0297,-6.7818,-0.1201
75.09167003631592,-0.0631,-0.0021,0.2149,0.0748,-6.7824,-0.0882
75.25372290611267,-0.0631,-0.0024,0.2158,0.1165,-6.7831,-0.0232
75.25390982627869,-0.0631,-0.0019,0.2173,0.0904,-6.7837,0.036
75.25405383110046,-0.0631,-0.001,0.2178,0.0262,-6.7843,0.0573
75.25417971611023,-0.0631,-0.0001,0.2176,-0.0146,-6.785,0.0516
75.2542986869812,-0.063,0.0004,0.2177,0.0055,-6.7856,0.06
75.25441980361938,-0.063,0.0009,0.2179,-0.0091,-6.7862,0.06
75.25453996658325,-0.063,0.0012,0.2177,-0.0175,-6.7869,0.0531
75.25466179847717,-0.063,0.0014,0.2174,-0.0117,-6.7875,0.0485
75.25477981567383,-0.063,0.0014,0.2172,-0.0286,-6.7881,0.0313
75.25489687919617,-0.063,0.0013,0.217,-0.0078,-6.7888,0.0256
75.25501489639282,-0.063,0.0012,0.2168,-0.0127,-6.7894,0.0155
75.2551338672638,-0.063,0.001,0.2165,-0.015,-6.79,0.001
75.25525188446045,-0.063,0.0007,0.2165,0.0284,-6.7906,0.0142
75.25537204742432,-0.0629,0.0006,0.2168,0.022,-6.7913,0.0256
75.25549268722534,-0.0629,0.0007,0.2167,-0.0037,-6.7919,0.0194
75.25561285018921,-0.0629,0.0007,0.2164,-0.0057,-6.7925,0.0098
75.2557578086853,-0.0629,0.0006,0.2163,-0.0138,-6.7932,-0.0063
75.40564775466919,-0.0629,0.0003,0.216,-0.0085,-6.7938,-0.0213
75.40584182739258,-0.0629,0.0,0.2158,-0.0123,-6.7944,-0.0403
75.40598487854004,-0.063,-0.0004,0.2157,-0.0162,-6.795,-0.0632
75.4061119556427,-0.063,-0.0009,0.2154,-0.0103,-6.7957,-0.0845
75.40623474121094,-0.063,-0.0014,0.2151,0.0012,-6.7963,-0.1012
75.4063549041748,-0.063,-0.002,0.2155,0.0409,-6.7969,-0.0904
75.40647482872009,-0.0631,-0.0023,0.2152,0.0836,-6.7976,-0.0542
75.40659403800964,-0.0631,-0.0021,0.2167,0.1419,-6.7982,0.0308
75.4067108631134,-0.0631,-0.0012,0.2175,0.0195,-6.7988,0.0425
75.40683794021606,-0.0631,-0.0004,0.2171,-0.0229,-6.7995,0.0241
75.40695595741272,-0.063,-0.0001,0.2172,0.0051,-6.8001,0.0247
75.40707182884216,-0.063,0.0002,0.217,-0.0177,-6.8007,0.0091
75.40719103813171,-0.063,0.0002,0.2165,-0.0146,-6.8014,-0.008
75.4073097705841,-0.063,0.0001,0.2164,-0.0064,-6.802,-0.0209
75.4074318408966,-0.063,-0.0001,0.2164,0.0208,-6.8026,-0.0161
75.55916595458984,-0.0631,-0.0003,0.2168,0.0282,-6.8032,-0.004
75.55934572219849,-0.0631,-0.0002,0.2169,0.0082,-6.8039,-0.0042
75.5594789981842,-0.0631,-0.0002,0.2169,0.0148,-6.8045,-0.0004
75.55960178375244,-0.0631,-0.0001,0.2171,0.0192,-6.8051,0.0075
75.55973196029663,-0.0631,-0.0,0.2172,0.0128,-6.8058,0.0121
75.5598509311676,-0.063,0.0001,0.2173,0.0119,-6.8064,0.0165
75.55996584892273,-0.063,0.0002,0.2173,0.0215,-6.807,0.0274
75.56007981300354,-0.063,0.0004,0.2174,0.0114,-6.8077,0.0326
75.56019186973572,-0.063,0.0006,0.2175,0.0011,-6.8083,0.0315
75.56030368804932,-0.063,0.0007,0.2175,0.0119,-6.8089,0.0375
75.56043291091919,-0.063,0.0009,0.2178,0.0118,-6.8095,0.0454
75.56056070327759,-0.063,0.0011,0.2177,-0.0127,-6.8102,0.0371
75.56070590019226,-0.063,0.0011,0.2177,0.0052,-6.8108,0.0397
75.5608377456665,-0.063,0.0012,0.2174,-0.054,-6.8114,0.002
75.56097483634949,-0.063,0.0008,0.2168,-0.003,-6.8121,-0.0071
75.71091198921204,-0.063,0.0005,0.217,0.0102,-6.8127,-0.0065
75.71109199523926,-0.063,0.0003,0.217,-0.0214,-6.8133,-0.0273
75.71122574806213,-0.063,-0.0001,0.2168,-0.0286,-6.814,-0.0544
75.71135091781616,-0.063,-0.0006,0.2165,-0.0095,-6.8146,-0.0715
75.71146988868713,-0.063,-0.0011,0.2162,0.0139,-6.8152,-0.0761
75.71159982681274,-0.063,-0.0015,0.2166,0.0479,-6.8158,-0.0567
75.71172404289246,-0.0631,-0.0016,0.2171,0.0186,-6.8165,-0.0529
75.71184468269348,-0.0631,-0.0016,0.2169,0.0824,-6.8171,-0.0092
75.71196269989014,-0.0631,-0.0012,0.219,0.1298,-6.8177,0.0801
75.71207690238953,-0.0631,-0.0001,0.2195,0.0054,-6.8184,0.0932
75.71219086647034,-0.063,0.0008,0.2193,0.018,-6.819,0.1134
75.71232485771179,-0.063,0.0017,0.2197,0.011,-6.8196,0.1329
75.71246981620789,-0.0629,0.0025,0.2196,-0.0429,-6.8203,0.1171
75.71258902549744,-0.0629,0.0029,0.2184,-0.1072,-6.8209,0.0515
75.71271085739136,-0.0629,0.0025,0.2177,-0.0562,-6.8215,0.0134
75.86414003372192,-0.0629,0.0019,0.2169,-0.1075,-6.8221,-0.0643
75.8643479347229,-0.0629,0.0007,0.215,-0.0702,-6.8228,-0.1327
75.86447381973267,-0.0629,-0.0008,0.2152,0.0897,-6.8234,-0.0974
75.86460900306702,-0.063,-0.0015,0.2163,0.058,-6.824,-0.0751
75.8647358417511,-0.063,-0.0018,0.2155,0.0326,-6.8247,-0.0756
75.86485505104065,-0.063,-0.002,0.2166,0.1698,-6.8253,0.0204
75.86497187614441,-0.063,-0.0012,0.2184,0.0888,-6.8259,0.0775
75.8650918006897,-0.063,-0.0001,0.2185,-0.0489,-6.8266,0.0468
75.8652069568634,-0.063,0.0004,0.2176,-0.0138,-6.8272,0.0327
75.86534881591797,-0.063,0.0006,0.2177,0.0231,-6.8278,0.0433
75.86548399925232,-0.063,0.0008,0.2176,-0.0362,-6.8284,0.0148
75.86561465263367,-0.063,0.0007,0.2169,-0.0175,-6.8291,-0.0074
75.86572790145874,-0.063,0.0004,0.217,0.0537,-6.8297,0.0174
75.86584496498108,-0.0629,0.0005,0.2177,0.0186,-6.8303,0.0244
75.86596775054932,-0.0629,0.0006,0.2175,-0.0255,-6.831,0.0014
75.86609482765198,-0.0629,0.0004,0.2172,-0.0071,-6.8316,-0.0121
76.01516079902649,-0.0629,0.0002,0.2172,0.0018,-6.8322,-0.0208
76.01535105705261,-0.0629,-0.0001,0.2171,-0.0171,-6.8328,-0.0423
76.01549696922302,-0.063,-0.0005,0.2168,-0.0155,-6.8335,-0.0655
76.01562285423279,-0.063,-0.001,0.2165,-0.0087,-6.8341,-0.0869
76.01574397087097,-0.063,-0.0015,0.2163,0.0264,-6.8347,-0.0877
76.01586771011353,-0.063,-0.0019,0.2167,0.0436,-6.8354,-0.0749
76.01598787307739,-0.0631,-0.0021,0.2165,0.0316,-6.836,-0.0711
76.01610493659973,-0.0631,-0.0021,0.2178,0.1635,-6.8366,0.0267
76.01622176170349,-0.0631,-0.0012,0.2195,0.0671,-6.8373,0.0747
76.01633977890015,-0.0631,-0.0001,0.2195,-0.0058,-6.8379,0.0763
76.01646089553833,-0.063,0.0006,0.2193,-0.0024,-6.8385,0.0794
76.01657700538635,-0.063,0.0012,0.2191,-0.0123,-6.8392,0.0747
76.0166928768158,-0.063,0.0016,0.2191,-0.0259,-6.8398,0.061
76.01681089401245,-0.063,0.0017,0.2186,-0.0616,-6.8404,0.021
76.01693177223206,-0.063,0.0014,0.2182,-0.0257,-6.841,0.0006
76.16687107086182,-0.063,0.001,0.2178,-0.0041,-6.8417,-0.0088
76.16707301139832,-0.063,0.0006,0.2177,0.0363,-6.8423,0.007
76.1672089099884,-0.063,0.0005,0.2182,0.0228,-6.8429,0.0176
76.16732597351074,-0.0629,0.0005,0.2182,0.0024,-6.8436,0.0147
76.16744589805603,-0.0629,0.0005,0.2183,0.0312,-6.8442,0.0304
76.16756391525269,-0.0629,0.0006,0.2186,0.0166,-6.8448,0.0395
76.16768002510071,-0.0629,0.0008,0.2185,-0.025,-6.8454,0.0205
76.16779589653015,-0.0629,0.0008,0.2184,-0.0133,-6.8461,0.008
76.16791486740112,-0.0629,0.0006,0.2181,-0.0117,-6.8467,-0.0058
76.16803669929504,-0.0629,0.0004,0.2179,-0.0099,-6.8473,-0.0197
76.16816473007202,-0.0629,0.0001,0.2179,-0.0053,-6.848,-0.0311
76.16830587387085,-0.0629,-0.0002,0.218,-0.004,-6.8486,-0.0416
76.16845107078552,-0.0629,-0.0006,0.2176,-0.001,-6.8492,-0.053
76.16860890388489,-0.063,-0.0009,0.2176,0.0396,-6.8499,-0.0384
76.16874074935913,-0.063,-0.001,0.2182,0.0408,-6.8505,-0.0194
76.3184859752655,-0.063,-0.0009,0.2182,0.0166,-6.8511,-0.0157
76.31866598129272,-0.063,-0.0008,0.2183,0.0404,-6.8517,0.0038
76.31880807876587,-0.063,-0.0005,0.2189,0.0381,-6.8524,0.0262
76.3189308643341,-0.063,-0.0001,0.2193,0.0338,-6.853,0.0487
76.31904888153076,-0.063,0.0004,0.2195,0.0204,-6.8536,0.0639
76.31916379928589,-0.0629,0.0009,0.2196,0.0039,-6.8543,0.0695
76.31928086280823,-0.0629,0.0013,0.2195,-0.0064,-6.8549,0.0677
76.31939506530762,-0.0629,0.0016,0.2198,0.0083,-6.8555,0.0782
76.31951093673706,-0.0629,0.0019,0.2194,-0.0882,-6.8561,0.0231
76.3196280002594,-0.0629,0.0015,0.2183,-0.0744,-6.8568,-0.0311
76.31974601745605,-0.0629,0.0008,0.2178,-0.0482,-6.8574,-0.0729
76.31986570358276,-0.0629,-0.0002,0.2171,-0.0183,-6.858,-0.1012
76.3199827671051,-0.0629,-0.0011,0.2173,0.0775,-6.8587,-0.0666
76.32009983062744,-0.0629,-0.0014,0.2185,0.0617,-6.8593,-0.034
76.32021594047546,-0.063,-0.0013,0.2189,0.106,-6.8599,0.0296
76.48368573188782,-0.063,-0.0006,0.2203,0.1158,-6.8605,0.1102
76.48386287689209,-0.0629,0.0006,0.2212,0.0423,-6.8612,0.1502
76.48400092124939,-0.0629,0.0019,0.221,-0.0247,-6.8618,0.1467
76.48412489891052,-0.0628,0.0028,0.2215,-0.0437,-6.8624,0.1346
76.48425793647766,-0.0628,0.0032,0.2201,-0.1941,-6.8631,0.0158
76.48437786102295,-0.0628,0.0024,0.218,-0.1275,-6.8637,-0.076
76.48449778556824,-0.0628,0.001,0.2167,-0.0878,-6.8643,-0.1527
76.48461484909058,-0.0628,-0.0008,0.2158,0.0227,-6.8649,-0.1654
76.48473286628723,-0.0629,-0.0022,0.2167,0.1046,-6.8656,-0.1195
76.48484992980957,-0.0629,-0.0027,0.2181,0.1962,-6.8662,-0.0052
76.4849648475647,-0.0629,-0.0019,0.2209,0.1902,-6.8668,0.1259
76.48509383201599,-0.0629,-0.0001,0.2213,-0.0414,-6.8675,0.1112
76.4852237701416,-0.0629,0.001,0.2201,0.0636,-6.8681,0.1558
76.48535799980164,-0.0628,0.0022,0.2224,0.1172,-6.8687,0.2523
76.48547792434692,-0.0627,0.004,0.2222,-0.1596,-6.8693,0.1696
76.48559188842773,-0.0627,0.0045,0.22,-0.2495,-6.87,0.0134
76.48571681976318,-0.0627,0.0033,0.2171,-0.1588,-6.8706,-0.1062
76.63907098770142,-0.0627,0.0012,0.2159,-0.0387,-6.8712,-0.158
76.63924884796143,-0.0628,-0.0007,0.216,0.0914,-6.8719,-0.1266
76.63937783241272,-0.0628,-0.0017,0.217,0.1057,-6.8725,-0.0792
76.63950085639954,-0.0628,-0.002,0.2182,0.1703,-6.8731,0.0182
76.63961791992188,-0.0628,-0.0012,0.2208,0.1963,-6.8737,0.1513
76.63973665237427,-0.0628,0.0006,0.2219,-0.0054,-6.8744,0.1632
76.63985300064087,-0.0627,0.002,0.2206,-0.0732,-6.875,0.1223
76.63997006416321,-0.0627,0.0026,0.22,-0.1088,-6.8756,0.0542
76.64008688926697,-0.0627,0.0024,0.2178,-0.1017,-6.8762,-0.0249
76.64021492004395,-0.0627,0.0014,0.2175,-0.0022,-6.8769,-0.0429
76.64034080505371,-0.0627,0.0006,0.2172,-0.0321,-6.8775,-0.083
76.64046382904053,-0.0627,-0.0004,0.2171,0.0612,-6.8781,-0.0642
76.64058089256287,-0.0627,-0.0009,0.218,0.0779,-6.8788,-0.0288
76.640704870224,-0.0627,-0.0009,0.2184,0.0555,-6.8794,-0.0047
76.64083790779114,-0.0627,-0.0007,0.2189,0.0675,-6.88,0.0302
76.79409980773926,-0.0627,-0.0002,0.2197,0.0942,-6.8806,0.0888
76.79427886009216,-0.0627,0.0007,0.2208,0.0664,-6.8813,0.1373
76.79440307617188,-0.0627,0.0019,0.2208,0.0098,-6.8819,0.1504
76.7945237159729,-0.0626,0.0028,0.2217,-0.0247,-6.8825,0.1477
76.79463982582092,-0.0626,0.0034,0.221,-0.1422,-6.8831,0.064
76.79477190971375,-0.0625,0.003,0.2192,-0.1454,-6.8838,-0.0344
76.79489302635193,-0.0625,0.0018,0.2174,-0.0604,-6.8844,-0.0922
76.79500889778137,-0.0626,0.0003,0.2175,0.1106,-6.885,-0.0395
76.79512596130371,-0.0626,-0.0002,0.2191,0.1243,-6.8856,0.0332
76.79523992538452,-0.0626,0.0002,0.22,0.0575,-6.8863,0.0687
76.79535269737244,-0.0626,0.0008,0.2206,0.085,-6.8869,0.127
76.7954649925232,-0.0625,0.0018,0.2215,0.0328,-6.8875,0.1586
76.79558873176575,-0.0625,0.0028,0.2216,-0.0338,-6.8881,0.1482
76.7957067489624,-0.0624,0.0034,0.2207,-0.1203,-6.8888,0.0756
76.79582476615906,-0.0624,0.0031,0.2193,-0.1796,-6.8894,-0.0454
76.79596066474915,-0.0624,0.0017,0.2163,-0.1295,-6.89,-0.1566
76.94986581802368,-0.0625,-0.0003,0.2156,0.1257,-6.8906,-0.109
76.95004677772522,-0.0625,-0.0013,0.218,0.1649,-6.8913,-0.0202
76.95017790794373,-0.0625,-0.0011,0.2194,0.161,-6.8919,0.0763
76.95029973983765,-0.0625,-0.0,0.2216,0.1742,-6.8925,0.1977
76.95041584968567,-0.0624,0.0019,0.2229,0.0051,-6.8931,0.2198
76.95053696632385,-0.0623,0.0035,0.2228,-0.0894,-6.8938,0.181
76.95065379142761,-0.0623,0.0042,0.2211,-0.2319,-6.8944,0.0382
76.95077300071716,-0.0623,0.0033,0.2178,-0.166,-6.895,-0.0858
76.9508888721466,-0.0623,0.0015,0.2171,0.0956,-6.8956,-0.0469
76.95100474357605,-0.0623,0.0006,0.2195,0.0276,-6.8963,-0.0355
76.95112490653992,-0.0623,0.0001,0.2181,-0.1223,-6.8969,-0.1317
76.95124292373657,-0.0624,-0.0012,0.2171,0.081,-6.8975,-0.1048
76.95136094093323,-0.0624,-0.0019,0.2194,0.1553,-6.8981,-0.0141
76.95147681236267,-0.0624,-0.0015,0.2199,0.1084,-6.8988,0.05
76.95159387588501,-0.0624,-0.0005,0.2212,0.1736,-6.8994,0.166
77.1052417755127,-0.0623,0.0012,0.2233,0.0781,-6.9,0.2366
77.10541987419128,-0.0623,0.0032,0.2229,-0.0626,-6.9006,0.2147
77.10554790496826,-0.0622,0.0043,0.2217,-0.178,-6.9012,0.1104
77.10566878318787,-0.0622,0.0041,0.2192,-0.1713,-6.9019,-0.0084
77.10578775405884,-0.0622,0.0028,0.2181,0.0143,-6.9025,-0.0159
77.10591101646423,-0.0622,0.0018,0.2191,-0.0028,-6.9031,-0.0282
77.10603070259094,-0.0622,0.001,0.2183,0.0014,-6.9037,-0.0439
77.10614776611328,-0.0622,0.0003,0.2188,0.0876,-6.9044,-0.0007
77.10626196861267,-0.0622,0.0002,0.2199,0.036,-6.905,0.0169
77.10637474060059,-0.0622,0.0003,0.2196,0.0088,-6.9056,0.0147
77.10649085044861,-0.0622,0.0003,0.22,0.0669,-6.9062,0.0524
77.1066038608551,-0.0622,0.0008,0.2207,0.0356,-6.9068,0.0751
77.1067168712616,-0.0621,0.0013,0.2207,0.024,-6.9075,0.0904
77.10683488845825,-0.0621,0.0018,0.221,0.0259,-6.9081,0.1093
77.10695195198059,-0.0621,0.0023,0.2222,-0.0323,-6.9087,0.0997
77.10707879066467,-0.062,0.0026,0.2206,-0.1867,-6.9093,-0.0212
77.2615077495575,-0.062,0.0016,0.2189,-0.0042,-6.9099,-0.0371
77.26168394088745,-0.0621,0.0008,0.2199,0.1827,-6.9106,0.074
77.26180768013,-0.062,0.0013,0.2219,0.07,-6.9112,0.1271
77.26193475723267,-0.062,0.0021,0.221,-0.0584,-6.9118,0.0913
77.262051820755,-0.062,0.0024,0.2207,0.0436,-6.9124,0.1189
77.26217699050903,-0.0619,0.0028,0.2217,0.0354,-6.913,0.1485
77.26229405403137,-0.0619,0.0034,0.2207,-0.1564,-6.9137,0.0475
77.26241302490234,-0.0619,0.0029,0.2189,-0.1532,-6.9143,-0.0646
77.262531042099,-0.0619,0.0014,0.2174,-0.1071,-6.9149,-0.1587
77.26264882087708,-0.0619,-0.0006,0.2164,0.0338,-6.9155,-0.1704
77.26277184486389,-0.062,-0.0021,0.2176,0.1606,-6.9161,-0.0928
77.26288795471191,-0.062,-0.0024,0.2194,0.2265,-6.9168,0.0396
77.26300692558289,-0.062,-0.0013,0.2223,0.1346,-6.9174,0.1344
77.26312804222107,-0.062,0.0004,0.2219,-0.0961,-6.918,0.0781
77.26324987411499,-0.0619,0.0011,0.2198,-0.0458,-6.9186,0.0391
77.26337099075317,-0.0619,0.0011,0.22,0.0371,-6.9192,0.0555
77.27930283546448,-0.0619,0.0013,0.2201,-0.0429,-6.9199,0.0206
77.43867087364197,-0.0619,0.0011,0.2187,-0.0198,-6.9205,-0.0092
77.43885087966919,-0.0619,0.0007,0.2192,0.1193,-6.9211,0.0541
77.43897700309753,-0.0619,0.001,0.2207,0.0679,-6.9217,0.095
77.43909502029419,-0.0618,0.0016,0.2208,-0.0045,-6.9223,0.09
77.43922185897827,-0.0618,0.002,0.2208,0.0222,-6.9229,0.1022
77.43934106826782,-0.0618,0.0024,0.2219,-0.0722,-6.9236,0.0611
77.43946170806885,-0.0618,0.0023,0.2191,-0.1911,-6.9242,-0.0766
77.4395797252655,-0.0618,0.0009,0.2174,-0.0078,-6.9248,-0.1091
77.43969583511353,-0.0618,-0.0005,0.2184,0.2035,-6.9254,0.0011
77.43981170654297,-0.0618,-0.0003,0.221,0.1673,-6.926,0.1066
77.43993592262268,-0.0618,0.0008,0.222,0.0517,-6.9267,0.1448
77.44006872177124,-0.0617,0.002,0.2219,0.0083,-6.9273,0.1553
77.44020581245422,-0.0617,0.0029,0.2223,-0.0493,-6.9279,0.1312
77.44034790992737,-0.0617,0.0033,0.2211,-0.1289,-6.9285,0.0472
77.44047284126282,-0.0616,0.0028,0.2193,-0.1076,-6.9291,-0.0358
77.44059681892395,-0.0616,0.0016,0.2184,0.085,-6.9297,-0.0018
77.60668087005615,-0.0616,0.0011,0.2204,0.207,-6.9304,0.1246
77.60684990882874,-0.0616,0.002,0.222,0.1249,-6.931,0.2104
77.60697388648987,-0.0615,0.0034,0.2228,0.1142,-6.9316,0.2958
77.60708975791931,-0.0614,0.0053,0.2249,0.0036,-6.9322,0.3256
77.60720586776733,-0.0613,0.0069,0.2237,-0.3266,-6.9328,0.1343
77.60734367370605,-0.0613,0.0061,0.219,-0.3763,-6.9334,-0.1231
77.60746383666992,-0.0613,0.0031,0.2147,-0.0528,-6.934,-0.2048
77.60758185386658,-0.0614,0.0002,0.217,0.4001,-6.9347,0.0211
77.60769987106323,-0.0614,0.0003,0.222,0.3411,-6.9353,0.2445
77.60781288146973,-0.0613,0.0026,0.2244,0.1253,-6.9359,0.3465
77.60792875289917,-0.0612,0.0052,0.2257,-0.068,-6.9365,0.3349
77.60804200172424,-0.0611,0.0069,0.224,-0.3368,-6.9371,0.1384
77.60816478729248,-0.061,0.0062,0.2193,-0.318,-6.9377,-0.0803
77.60827898979187,-0.0611,0.0035,0.216,0.1366,-6.9383,-0.0305
77.60839295387268,-0.0611,0.0022,0.2209,0.4437,-6.9389,0.2523
77.60854601860046,-0.061,0.004,0.2247,0.0709,-6.9395,0.3222
77.60868978500366,-0.0609,0.0059,0.2237,-0.1257,-6.9402,0.259
77.76429581642151,-0.0608,0.0067,0.2227,-0.1637,-6.9408,0.1642
77.76448082923889,-0.0608,0.0063,0.2211,-0.1177,-6.9414,0.087
77.76460576057434,-0.0607,0.0052,0.22,0.0047,-6.942,0.0805
77.76472687721252,-0.0607,0.0045,0.2205,0.125,-6.9426,0.1546
77.76484298706055,-0.0607,0.0046,0.2221,0.0332,-6.9432,0.1812
77.76496887207031,-0.0606,0.005,0.2217,-0.0475,-6.9438,0.153
77.76508688926697,-0.0605,0.005,0.2215,-0.0866,-6.9444,0.0977
77.76520586013794,-0.0605,0.0044,0.2195,-0.1339,-6.945,-0.003
77.7653238773346,-0.0605,0.0031,0.2186,-0.0083,-6.9456,-0.0301
77.7654378414154,-0.0605,0.0019,0.2189,0.149,-6.9462,0.0456
77.76555585861206,-0.0605,0.0018,0.2213,0.1995,-6.9468,0.1714
77.76568174362183,-0.0605,0.0029,0.2228,0.0958,-6.9474,0.2415
77.7658040523529,-0.0604,0.0044,0.2247,0.0088,-6.948,0.27
77.76592469215393,-0.0603,0.0057,0.2239,-0.2736,-6.9486,0.1106
77.76604986190796,-0.0603,0.0051,0.2202,-0.2721,-6.9492,-0.0746
77.76617383956909,-0.0603,0.0028,0.2169,0.0921,-6.9498,-0.0496
77.92021083831787,-0.0603,0.0015,0.2206,0.4681,-6.9504,0.2436
77.9203999042511,-0.0602,0.0034,0.2252,0.167,-6.951,0.3766
77.92053985595703,-0.0601,0.0061,0.2251,-0.1697,-6.9516,0.2929
77.9206657409668,-0.06,0.0071,0.2225,-0.3544,-6.9522,0.0718
77.9207878112793,-0.06,0.0057,0.2177,-0.2089,-6.9528,-0.0909
77.92090702056885,-0.06,0.0031,0.2168,0.2471,-6.9534,0.0329
77.92102193832397,-0.06,0.0025,0.2216,0.3327,-6.954,0.246
77.9211368560791,-0.0599,0.0041,0.2235,0.1258,-6.9546,0.3397
77.92125177383423,-0.0598,0.0062,0.2247,0.1058,-6.9552,0.4309
77.92136788368225,-0.0597,0.0085,0.2252,-0.1473,-6.9558,0.363
77.92148303985596,-0.0595,0.0095,0.222,-0.3605,-6.9564,0.1353
77.92160367965698,-0.0595,0.008,0.2182,-0.2375,-6.957,-0.0411
77.92172479629517,-0.0595,0.0052,0.2168,0.1004,-6.9576,-0.011
77.92184686660767,-0.0595,0.0035,0.2194,0.1614,-6.9582,0.0757
77.92196679115295,-0.0595,0.0032,0.2199,0.1117,-6.9588,0.1337
77.93941283226013,-0.0594,0.0035,0.2213,0.1919,-6.9594,0.2536
77.93954682350159,-0.0594,0.005,0.2236,0.1451,-6.96,0.3604
78.0962917804718,-0.0592,0.007,0.2245,-0.2181,-6.9606,0.2401
78.09647369384766,-0.0592,0.0072,0.2199,-0.4032,-6.9612,-0.0328
78.09660482406616,-0.0592,0.0047,0.2158,-0.0935,-6.9618,-0.1365
78.09672689437866,-0.0592,0.002,0.2167,0.3247,-6.9624,0.0349
78.09684181213379,-0.0592,0.0017,0.2216,0.3935,-6.963,0.2849
78.09696364402771,-0.0591,0.004,0.2248,0.1674,-6.9636,0.4133
78.09708070755005,-0.059,0.0068,0.2256,-0.138,-6.9641,0.3519
78.09719705581665,-0.0589,0.0082,0.2223,-0.4495,-6.9647,0.0658
78.0973150730133,-0.0589,0.0064,0.2163,-0.25,-6.9653,-0.1352
78.09742784500122,-0.0589,0.0032,0.2155,0.2958,-6.9659,0.0089
78.09754967689514,-0.0589,0.0023,0.2212,0.3596,-6.9665,0.2342
78.09767389297485,-0.0588,0.0039,0.223,0.1008,-6.9671,0.3064
78.09779787063599,-0.0587,0.0057,0.2237,0.1112,-6.9677,0.3914
78.09794998168945,-0.0586,0.0078,0.2249,-0.1047,-6.9683,0.3465
78.09806799888611,-0.0585,0.0088,0.2225,-0.3393,-6.9688,0.1335
78.09820008277893,-0.0584,0.0075,0.2179,-0.2558,-6.9694,-0.0596
78.2527527809143,-0.0585,0.0047,0.2158,-0.0087,-6.97,-0.1102
78.25294995307922,-0.0585,0.0022,0.2168,0.2517,-6.9706,0.0135
78.25309681892395,-0.0585,0.0017,0.2203,0.2777,-6.9712,0.1779
78.2532160282135,-0.0584,0.0029,0.2224,0.1943,-6.9718,0.3045
78.25333595275879,-0.0583,0.005,0.2243,0.1305,-6.9724,0.405
78.25345373153687,-0.0582,0.0074,0.2248,-0.215,-6.9729,0.2871
78.25357794761658,-0.0581,0.008,0.2207,-0.462,-6.9735,-0.0197
78.25369787216187,-0.0581,0.0054,0.216,-0.1806,-6.9741,-0.1803
78.2538149356842,-0.0582,0.002,0.2164,0.2445,-6.9747,-0.065
78.25392889976501,-0.0582,0.0008,0.2203,0.354,-6.9753,0.1479
78.25404286384583,-0.0581,0.002,0.2232,0.1942,-6.9758,0.2786
78.25416493415833,-0.0581,0.0041,0.2248,0.0186,-6.9764,0.3085
78.25428080558777,-0.058,0.0059,0.2247,-0.1605,-6.977,0.2232
78.25439882278442,-0.0579,0.0063,0.222,-0.2999,-6.9776,0.0283
78.25451898574829,-0.0579,0.0047,0.2181,-0.0564,-6.9782,-0.0381
78.2546398639679,-0.0579,0.0029,0.2195,0.345,-6.9787,0.1639
78.40949869155884,-0.0578,0.0036,0.224,0.2385,-6.9793,0.3295
78.4096748828888,-0.0577,0.0058,0.225,0.1101,-6.9799,0.4207
78.40979886054993,-0.0576,0.0081,0.2267,0.0226,-6.9805,0.4687
78.4099178314209,-0.0574,0.0103,0.2256,-0.3158,-6.981,0.2918
78.41003584861755,-0.0573,0.01,0.2213,-0.4272,-6.9816,0.0117
78.41015791893005,-0.0573,0.0071,0.217,-0.1428,-6.9822,-0.117
78.41027188301086,-0.0574,0.0039,0.2173,0.3001,-6.9828,0.0402
78.41038584709167,-0.0574,0.0031,0.2216,0.367,-6.9833,0.2706
78.41049909591675,-0.0573,0.0048,0.2241,0.201,-6.9839,0.4128
78.41061186790466,-0.0571,0.0074,0.2263,0.0216,-6.9845,0.4562
78.41073203086853,-0.057,0.0096,0.2252,-0.377,-6.9851,0.2352
78.41086006164551,-0.0569,0.009,0.2191,-0.4543,-6.9856,-0.0796
78.41100001335144,-0.0569,0.0055,0.2157,-0.0095,-6.9862,-0.1332
78.41114902496338,-0.057,0.0026,0.2175,0.3456,-6.9868,0.0534
78.41127181053162,-0.057,0.0023,0.2218,0.3831,-6.9873,0.2945
78.56573271751404,-0.0569,0.0045,0.2249,0.1838,-6.9879,0.4303
78.56592893600464,-0.0567,0.0073,0.2259,-0.1313,-6.9885,0.3715
78.56606006622314,-0.0566,0.0088,0.2225,-0.3978,-6.989,0.1169
78.56618070602417,-0.0566,0.0073,0.2179,-0.1087,-6.9896,0.0151
78.56630396842957,-0.0566,0.0052,0.2193,0.3378,-6.9902,0.2111
78.56641793251038,-0.0565,0.0057,0.2231,0.1678,-6.9907,0.3242
78.5665328502655,-0.0564,0.0072,0.2233,0.0449,-6.9913,0.3605
78.56664872169495,-0.0563,0.0085,0.2236,-0.1802,-6.9919,0.2537
78.56676506996155,-0.0562,0.0084,0.2205,-0.3617,-6.9924,0.0077
78.56688189506531,-0.0562,0.006,0.2164,-0.1476,-6.993,-0.131
78.56699800491333,-0.0562,0.0029,0.2162,0.2054,-6.9935,-0.0451
78.56712293624878,-0.0562,0.0016,0.2198,0.2973,-6.9941,0.1247
78.56726884841919,-0.0562,0.0023,0.2223,0.1377,-6.9947,0.2095
78.56740593910217,-0.0561,0.0037,0.2234,0.1928,-6.9952,0.339
78.56753897666931,-0.056,0.0059,0.2264,0.1613,-6.9958,0.471
78.56766986846924,-0.0559,0.0087,0.2274,-0.2286,-6.9963,0.3593
78.72387385368347,-0.0558,0.0096,0.2224,-0.5944,-6.9969,-0.0239
78.72407484054565,-0.0558,0.0065,0.2151,-0.3101,-6.9975,-0.2775
78.72421097755432,-0.0559,0.0018,0.2148,0.4148,-6.998,-0.0676
78.72433400154114,-0.0559,0.0006,0.2214,0.5546,-6.9986,0.2789
78.72445178031921,-0.0558,0.0032,0.2264,0.183,-6.9991,0.4224
78.72456884384155,-0.0556,0.0063,0.226,-0.2303,-6.9997,0.2974
78.72468400001526,-0.0556,0.0073,0.2223,-0.327,-7.0002,0.0842
78.72480297088623,-0.0555,0.006,0.2195,-0.0393,-7.0008,0.0361
78.72491788864136,-0.0555,0.0045,0.2216,0.2038,-7.0014,0.1589
78.72503590583801,-0.0555,0.0047,0.2229,0.0354,-7.0019,0.1823
78.7251660823822,-0.0554,0.0051,0.2227,0.0404,-7.0025,0.2075
78.72528886795044,-0.0553,0.0056,0.2242,-0.0295,-7.003,0.1988
78.72541284561157,-0.0553,0.0058,0.2229,-0.232,-7.0036,0.0498
78.72553968429565,-0.0553,0.0046,0.22,-0.1965,-7.0041,-0.0982
78.72566866874695,-0.0553,0.0022,0.2178,-0.0205,-7.0047,-0.1494
78.72579193115234,-0.0553,0.0001,0.2186,0.2027,-7.0052,-0.0521
78.89168572425842,-0.0554,-0.0004,0.2213,0.1902,-7.0058,0.056
78.891854763031,-0.0553,0.0002,0.2229,0.1005,-7.0063,0.1177
78.89198279380798,-0.0553,0.0013,0.2238,0.0099,-7.0069,0.1277
78.89210796356201,-0.0553,0.0022,0.2234,-0.0162,-7.0074,0.1182
78.89224076271057,-0.0552,0.0027,0.2237,0.0042,-7.008,0.1249
78.89236283302307,-0.0552,0.0031,0.2237,-0.0955,-7.0085,0.0671
78.89248371124268,-0.0552,0.0028,0.2219,-0.1347,-7.0091,-0.0292
78.89260077476501,-0.0552,0.0017,0.2209,-0.004,-7.0097,-0.049
78.8927206993103,-0.0552,0.0007,0.2216,-0.006,-7.0102,-0.0658
78.89284181594849,-0.0552,-0.0002,0.221,-0.0615,-7.0108,-0.1236
78.89296197891235,-0.0552,-0.0013,0.2206,0.0555,-7.0113,-0.1098
78.8930869102478,-0.0553,-0.002,0.2222,0.1098,-7.0119,-0.0497
78.89323377609253,-0.0553,-0.0019,0.223,0.1018,-7.0124,0.0105
78.89335989952087,-0.0553,-0.0012,0.2247,0.1723,-7.013,0.1293
78.89352488517761,-0.0552,0.0004,0.2264,0.0608,-7.0135,0.1887
78.8936698436737,-0.0552,0.0021,0.226,-0.0676,-7.0141,0.1637
78.89379501342773,-0.0551,0.0031,0.2261,-0.0883,-7.0146,0.1261
79.04861688613892,-0.0551,0.0034,0.2244,-0.2041,-7.0152,0.0022
79.0487859249115,-0.0551,0.0024,0.2226,-0.1075,-7.0157,-0.0732
79.04891276359558,-0.0551,0.001,0.2213,-0.0386,-7.0163,-0.1144
79.04903197288513,-0.0551,-0.0004,0.2215,0.0519,-7.0168,-0.0966
79.04915189743042,-0.0552,-0.0013,0.2222,0.0569,-7.0174,-0.0712
79.04927206039429,-0.0552,-0.0016,0.2223,0.0619,-7.0179,-0.0423
79.04938697814941,-0.0552,-0.0015,0.2237,0.1335,-7.0185,0.0423
79.04950094223022,-0.0552,-0.0006,0.2252,0.0736,-7.019,0.0995
79.04961585998535,-0.0552,0.0005,0.2252,-0.0383,-7.0196,0.0854
79.04973101615906,-0.0551,0.0012,0.2243,-0.0489,-7.0201,0.0581
79.04984498023987,-0.0551,0.0014,0.224,-0.0171,-7.0207,0.0492
79.04995894432068,-0.0551,0.0015,0.2242,-0.0518,-7.0212,0.0193
79.05007696151733,-0.0551,0.0012,0.223,-0.0924,-7.0218,-0.0458
79.05019187927246,-0.0551,0.0004,0.2224,-0.0411,-7.0223,-0.0828
79.05031180381775,-0.0551,-0.0005,0.2222,-0.0018,-7.0229,-0.0967
79.20366883277893,-0.0552,-0.0013,0.2224,0.0232,-7.0234,-0.0935
79.20384287834167,-0.0552,-0.0018,0.2226,0.0372,-7.024,-0.0799
79.20397472381592,-0.0552,-0.0021,0.2223,0.0625,-7.0246,-0.0525
79.204097032547,-0.0552,-0.002,0.2239,0.1537,-7.0251,0.0451
79.20422077178955,-0.0552,-0.0009,0.2251,0.0585,-7.0257,0.0906
79.20436978340149,-0.0552,0.0002,0.225,-0.0273,-7.0262,0.08
79.20450186729431,-0.0552,0.0009,0.2241,-0.0342,-7.0268,0.0589
79.20462369918823,-0.0552,0.0012,0.224,-0.0049,-7.0273,0.0565
79.20474171638489,-0.0551,0.0014,0.2239,-0.0403,-7.0279,0.0303
79.20486283302307,-0.0551,0.0013,0.223,-0.0694,-7.0284,-0.0213
79.20498466491699,-0.0551,0.0007,0.2224,-0.039,-7.029,-0.0582
79.20510578155518,-0.0552,-0.0001,0.2221,0.0094,-7.0295,-0.0664
79.20522499084473,-0.0552,-0.0007,0.2225,0.0336,-7.0301,-0.0568
79.2053439617157,-0.0552,-0.001,0.2227,0.0243,-7.0306,-0.0517
79.20546293258667,-0.0552,-0.0012,0.2228,0.0375,-7.0312,-0.0378
79.20558166503906,-0.0552,-0.0012,0.2233,0.0524,-7.0317,-0.0113
79.36166095733643,-0.0552,-0.001,0.2236,0.0409,-7.0323,0.0106
79.36186385154724,-0.0552,-0.0006,0.2236,0.0499,-7.0328,0.0378
79.361989736557,-0.0552,-0.0,0.2239,0.0559,-7.0334,0.0717
79.3621129989624,-0.0552,0.0007,0.2245,0.0511,-7.0339,0.1068
79.36223196983337,-0.0552,0.0015,0.225,0.0597,-7.0345,0.1517
79.3623538017273,-0.0551,0.0025,0.2256,0.0206,-7.035,0.1761
79.3624758720398,-0.0551,0.0035,0.2256,-0.1225,-7.0356,0.1087
79.36259293556213,-0.055,0.0035,0.2236,-0.1898,-7.0361,-0.0166
79.36271095275879,-0.055,0.0023,0.2222,-0.1205,-7.0367,-0.108
79.36282896995544,-0.0551,0.0006,0.2207,-0.0438,-7.0372,-0.1621
79.36294770240784,-0.0551,-0.0012,0.2209,0.107,-7.0378,-0.1182
79.36306977272034,-0.0551,-0.002,0.2216,0.1351,-7.0383,-0.0522
79.3631899356842,-0.0552,-0.0019,0.2234,0.1967,-7.0389,0.067
79.36331391334534,-0.0551,-0.0007,0.2256,0.0539,-7.0394,0.1101
79.36343598365784,-0.0551,0.0006,0.2249,-0.0975,-7.04,0.0509
79.36355090141296,-0.0551,0.0009,0.2237,-0.0315,-7.0405,0.0256
79.520103931427,-0.0551,0.0009,0.2238,0.0267,-7.0411,0.0385
79.52028679847717,-0.0551,0.001,0.2238,-0.0267,-7.0416,0.0169
79.52042889595032,-0.0551,0.0009,0.2231,-0.0454,-7.0422,-0.0216
79.52055883407593,-0.0551,0.0004,0.2227,-0.0238,-7.0427,-0.0494
79.52068185806274,-0.0551,-0.0002,0.2227,0.0222,-7.0433,-0.0481
79.52080488204956,-0.0551,-0.0006,0.2233,0.0528,-7.0438,-0.023
79.5209288597107,-0.0551,-0.0007,0.2236,0.0056,-7.0444,-0.0266
79.5210497379303,-0.0551,-0.0007,0.2237,0.0336,-7.045,-0.0117
79.52116990089417,-0.0551,-0.0006,0.2244,0.0568,-7.0455,0.0232
79.52128982543945,-0.0551,-0.0002,0.225,0.0509,-7.0461,0.0588
79.52140474319458,-0.0551,0.0004,0.2252,0.0344,-7.0466,0.0854
79.52151989936829,-0.0551,0.0011,0.2256,0.0495,-7.0472,0.1249
79.52163791656494,-0.055,0.002,0.2263,0.0292,-7.0477,0.1566
79.52176094055176,-0.055,0.0029,0.2269,-0.0385,-7.0483,0.1499
79.5218780040741,-0.0549,0.0035,0.2256,-0.1637,-7.0488,0.0529
79.53945183753967,-0.0549,0.003,0.2237,-0.2041,-7.0494,-0.0842
79.5395917892456,-0.0549,0.0013,0.2208,-0.1276,-7.0499,-0.1939
79.69792795181274,-0.055,-0.001,0.2207,0.1145,-7.0505,-0.1493
79.69809794425964,-0.055,-0.0022,0.2224,0.2211,-7.051,-0.0243
79.69822096824646,-0.0551,-0.0017,0.2255,0.2131,-7.0516,0.1171
79.69834184646606,-0.055,-0.0001,0.2268,-0.0355,-7.0521,0.1084
79.69845986366272,-0.055,0.001,0.2252,-0.1239,-7.0527,0.0319
79.69859385490417,-0.055,0.001,0.2246,-0.0303,-7.0532,0.0111
79.69871473312378,-0.055,0.0008,0.2243,-0.0628,-7.0538,-0.0331
79.69883584976196,-0.055,0.0002,0.2229,-0.0279,-7.0543,-0.0647
79.69895601272583,-0.055,-0.0005,0.2234,0.0929,-7.0549,-0.0155
79.69907093048096,-0.055,-0.0005,0.2247,0.0436,-7.0554,0.0107
79.69918990135193,-0.055,-0.0002,0.2244,-0.0045,-7.056,0.0039
79.69930386543274,-0.055,-0.0001,0.2245,0.0541,-7.0565,0.0359
79.69941663742065,-0.055,0.0003,0.2254,0.0227,-7.0571,0.054
79.69953680038452,-0.055,0.0007,0.2251,-0.0323,-7.0576,0.0345
79.69965696334839,-0.055,0.0008,0.2245,-0.0102,-7.0582,0.0254
79.6997697353363,-0.055,0.0008,0.2244,0.0131,-7.0587,0.0302
79.85685992240906,-0.0549,0.0009,0.2245,0.0122,-7.0593,0.0352
79.85703086853027,-0.0549,0.001,0.2243,-0.0062,-7.0598,0.0269
79.8571629524231,-0.0549,0.0009,0.2236,-0.0399,-7.0604,-0.0089
79.85728573799133,-0.0549,0.0006,0.2236,0.0158,-7.0609,-0.0086
79.85740900039673,-0.0549,0.0003,0.2241,0.0207,-7.0614,-0.0019
79.85752987861633,-0.0549,0.0002,0.2241,-0.0149,-7.062,-0.0187
79.85765075683594,-0.0549,-0.0,0.2237,-0.0165,-7.0625,-0.0396
79.85776782035828,-0.0549,-0.0004,0.2236,0.0072,-7.0631,-0.0465
79.85790205001831,-0.055,-0.0007,0.2236,0.0259,-7.0636,-0.0411
79.85803270339966,-0.055,-0.0009,0.224,0.0499,-7.0642,-0.0176
79.85814785957336,-0.055,-0.0008,0.2246,0.0359,-7.0647,0.0007
79.85826992988586,-0.055,-0.0006,0.2247,0.0352,-7.0653,0.0195
79.85839891433716,-0.055,-0.0002,0.225,0.0395,-7.0658,0.0435
79.85853576660156,-0.055,0.0003,0.2255,0.0519,-7.0664,0.0792
79.85866189002991,-0.0549,0.001,0.2259,0.0404,-7.0669,0.1107
79.85878586769104,-0.0549,0.0018,0.2263,0.0377,-7.0675,0.1438
80.02559280395508,-0.0549,0.0026,0.2265,0.0047,-7.068,0.157
80.02579879760742,-0.0548,0.0034,0.2261,-0.1107,-7.0686,0.0938
80.02592206001282,-0.0548,0.0033,0.2245,-0.1355,-7.0691,0.0027
80.02604579925537,-0.0548,0.0023,0.2228,-0.1036,-7.0697,-0.0809
80.02616381645203,-0.0548,0.0008,0.2224,0.0771,-7.0702,-0.0513
80.02627873420715,-0.0548,0.0001,0.2237,0.1041,-7.0708,0.0043
80.02639484405518,-0.0548,0.0001,0.2244,0.0307,-7.0713,0.0169
80.02650904655457,-0.0548,0.0002,0.2247,0.0588,-7.0719,0.0498
80.02662181854248,-0.0548,0.0007,0.2256,0.0681,-7.0724,0.0957
80.0267379283905,-0.0548,0.0014,0.2258,-0.0062,-7.073,0.0952
80.026850938797,-0.0547,0.0019,0.2256,0.0035,-7.0735,0.1002
80.02696394920349,-0.0547,0.0023,0.2258,0.0342,-7.0741,0.1266
80.02707886695862,-0.0547,0.0028,0.2251,-0.1021,-7.0746,0.0598
80.02719688415527,-0.0546,0.0026,0.2238,-0.081,-7.0752,-0.0031
80.02731895446777,-0.0546,0.0018,0.2233,-0.0495,-7.0757,-0.0496
80.02743697166443,-0.0547,0.0008,0.2226,-0.0767,-7.0763,-0.1196
80.02755403518677,-0.0547,-0.0006,0.2218,0.0188,-7.0768,-0.1347
80.18168497085571,-0.0547,-0.0018,0.2228,0.1125,-7.0773,-0.0828
80.18185806274414,-0.0548,-0.002,0.2239,0.0669,-7.0779,-0.0527
80.18199276924133,-0.0548,-0.0019,0.2251,0.1654,-7.0784,0.0491
80.18211674690247,-0.0548,-0.0009,0.2272,0.1262,-7.079,0.1417
80.18223285675049,-0.0547,0.0008,0.2275,-0.0285,-7.0795,0.1371
80.18235373497009,-0.0547,0.0019,0.2263,-0.0202,-7.0801,0.1299
80.18247079849243,-0.0546,0.0026,0.2265,-0.0546,-7.0806,0.1021
80.18258690834045,-0.0546,0.0028,0.225,-0.1156,-7.0812,0.0244
80.18270373344421,-0.0546,0.0022,0.224,-0.0443,-7.0817,-0.0147
80.18282175064087,-0.0546,0.0014,0.2235,-0.0285,-7.0823,-0.0476
80.182936668396,-0.0546,0.0005,0.2235,0.0607,-7.0828,-0.0239
80.18305087089539,-0.0546,0.0001,0.2244,0.0639,-7.0834,0.0081
80.18316388130188,-0.0546,0.0002,0.2248,0.0038,-7.0839,0.0039
80.18327689170837,-0.0546,0.0002,0.225,0.0055,-7.0845,0.0017
80.18339395523071,-0.0546,0.0001,0.2252,-0.0025,-7.085,-0.0042
80.19930791854858,-0.0546,0.0,0.2253,-0.0105,-7.0855,-0.0149
80.19944500923157,-0.0546,-0.0001,0.2249,-0.0194,-7.0861,-0.034
80.35801696777344,-0.0546,-0.0004,0.2248,-0.0053,-7.0866,-0.0455
80.35822677612305,-0.0546,-0.0007,0.2247,0.0138,-7.0872,-0.0457
80.35837268829346,-0.0547,-0.001,0.2248,0.0504,-7.0877,-0.0211
80.35850286483765,-0.0547,-0.0009,0.2254,0.0464,-7.0883,0.005
80.35866189002991,-0.0547,-0.0006,0.2258,0.0407,-7.0888,0.0301
80.35879707336426,-0.0547,-0.0001,0.2263,0.0525,-7.0894,0.0663
80.35891509056091,-0.0546,0.0006,0.2267,0.0521,-7.0899,0.1057
80.35902786254883,-0.0546,0.0014,0.2271,0.0468,-7.0905,0.1447
80.35914087295532,-0.0546,0.0024,0.2276,0.0336,-7.091,0.1797
80.35926485061646,-0.0545,0.0034,0.2281,-0.0441,-7.0916,0.1687
80.35939407348633,-0.0544,0.0041,0.2276,-0.1906,-7.0921,0.0594
80.3595278263092,-0.0544,0.0034,0.2247,-0.2763,-7.0926,-0.1265
80.35968780517578,-0.0545,0.0012,0.2211,0.0134,-7.0932,-0.1526
80.35983204841614,-0.0545,-0.0007,0.2234,0.3035,-7.0937,0.0244
80.35995078086853,-0.0545,-0.0002,0.226,0.1498,-7.0943,0.1209
80.36006879806519,-0.0545,0.001,0.2266,0.0675,-7.0948,0.1687
80.5172028541565,-0.0544,0.0024,0.2275,0.0135,-7.0954,0.1888
80.51740884780884,-0.0543,0.0035,0.2275,-0.1224,-7.0959,0.122
80.51755285263062,-0.0543,0.0036,0.2252,-0.1873,-7.0965,-0.0034
80.51768088340759,-0.0543,0.0025,0.2229,-0.1255,-7.097,-0.106
80.51779985427856,-0.0543,0.0007,0.2222,0.0787,-7.0975,-0.083
80.51792097091675,-0.0544,-0.0003,0.2236,0.1485,-7.0981,-0.0054
80.5180389881134,-0.0544,-0.0003,0.2247,0.0715,-7.0986,0.03
80.51815485954285,-0.0544,0.0001,0.2252,0.0753,-7.0992,0.0718
80.51827096939087,-0.0543,0.0008,0.2262,0.0533,-7.0997,0.107
80.51838898658752,-0.0543,0.0016,0.2264,-0.0085,-7.1003,0.104
80.51850390434265,-0.0543,0.0021,0.2265,0.0136,-7.1008,0.1161
80.51862072944641,-0.0542,0.0026,0.2263,-0.0715,-7.1013,0.0715
80.51873874664307,-0.0542,0.0025,0.2252,-0.084,-7.1019,0.0113
80.51885676383972,-0.0542,0.0019,0.2242,-0.0776,-7.1024,-0.0526
80.51897597312927,-0.0542,0.0008,0.2235,-0.0562,-7.103,-0.1088
80.51909494400024,-0.0543,-0.0005,0.2231,0.0552,-7.1035,-0.0964
80.6772289276123,-0.0543,-0.0013,0.2241,0.1182,-7.1041,-0.0368
