Timestamp_s,Position_m,Velocity_ms,Angle_rad,Angular_Velocity_rads,Integral_Position_ms,Control_Input_rads
0.29700613021850586,-0.1,0.0,-0.0008,0.0016,-0.001,-0.0617
0.2971498966217041,-0.1,-0.0006,-0.0024,0.0108,-0.002,-0.1295
0.2972710132598877,-0.1001,-0.0017,-0.0028,0.0179,-0.003,-0.196
0.2973759174346924,-0.1001,-0.0031,-0.0051,0.0473,-0.004,-0.2613
0.29747891426086426,-0.1002,-0.0047,-0.0055,0.1414,-0.005,-0.2699
0.29758596420288086,-0.1003,-0.0059,-0.0044,0.2342,-0.006,-0.2119
0.29768800735473633,-0.1004,-0.0062,-0.0015,0.2789,-0.007,-0.1048
0.29778504371643066,-0.1004,-0.0054,0.0015,0.2399,-0.008,-0.0013
0.29788684844970703,-0.1004,-0.0038,0.0026,0.1647,-0.009,0.0625
0.29798388481140137,-0.1004,-0.002,0.0033,0.1568,-0.01,0.1271
0.2980799674987793,-0.1003,-0.0002,0.0042,0.1123,-0.011,0.1708
0.2981839179992676,-0.1003,0.0015,0.0037,0.0665,-0.012,0.1817
0.29828596115112305,-0.1002,0.0028,0.0043,0.0234,-0.013,0.1696
0.298382043838501,-0.1002,0.0036,0.0031,-0.0249,-0.014,0.1185
0.29848384857177734,-0.1001,0.0037,0.0015,-0.0408,-0.015,0.045
0.2985799312591553,-0.1001,0.003,0.0002,-0.0575,-0.016,-0.0491
0.2986791133880615,-0.1001,0.0016,-0.0021,-0.0163,-0.017,-0.1339
0.2987840175628662,-0.1002,-0.0002,-0.0022,0.0403,-0.018,-0.1846
0.29888296127319336,-0.1002,-0.0019,-0.0024,0.0578,-0.019,-0.2267
0.29898500442504883,-0.1003,-0.0035,-0.0031,0.11,-0.02,-0.2416
0.2990891933441162,-0.1004,-0.0048,-0.0023,0.1797,-0.021,-0.2063
0.2991979122161865,-0.1005,-0.0054,-0.0,0.1992,-0.0221,-0.1431
0.29930901527404785,-0.1005,-0.0052,0.0017,0.1898,-0.0231,-0.0734
0.29941296577453613,-0.1005,-0.0043,0.0037,0.1801,-0.0241,0.0042
0.2995121479034424,-0.1005,-0.003,0.0047,0.1554,-0.0251,0.074
0.29961299896240234,-0.1005,-0.0014,0.0057,0.1597,-0.0261,0.1543
0.29970717430114746,-0.1005,0.0005,0.0074,0.1208,-0.0271,0.2228
0.2998011112213135,-0.1004,0.0026,0.0073,0.0825,-0.0281,0.2672
0.2998991012573242,-0.1003,0.0044,0.008,0.0292,-0.0291,0.2832
0.29999518394470215,-0.1002,0.0058,0.0073,-0.0239,-0.0301,0.2602
0.30009007453918457,-0.1001,0.0066,0.0064,-0.0554,-0.0311,0.2107
0.30019187927246094,-0.1,0.0067,0.0052,-0.094,-0.0321,0.1275
0.30028700828552246,-0.1,0.0059,0.0029,-0.1108,-0.0331,0.0168
0.3003880977630615,-0.1,0.0043,0.0015,-0.1071,-0.0341,-0.103
0.3004910945892334,-0.1,0.002,-0.0009,-0.0705,-0.0351,-0.2184
0.30059099197387695,-0.1001,-0.0007,-0.0016,-0.0012,-0.0361,-0.2956
0.30069804191589355,-0.1002,-0.0034,-0.0025,0.077,-0.0371,-0.3306
0.3008739948272705,-0.1003,-0.0056,-0.0013,0.1836,-0.0381,-0.2901
0.3010239601135254,-0.1004,-0.0067,0.0019,0.2283,-0.0391,-0.1986
0.30114102363586426,-0.1005,-0.0067,0.0046,0.205,-0.0401,-0.1031
0.3012521266937256,-0.1005,-0.0057,0.0066,0.1769,-0.0411,-0.0112
0.30135297775268555,-0.1005,-0.0041,0.0074,0.1544,-0.0421,0.0728
0.3014519214630127,-0.1005,-0.0021,0.0095,0.1161,-0.0431,0.1478
0.30156397819519043,-0.1004,-0.0001,0.0098,0.062,-0.0441,0.1914
0.30166101455688477,-0.1004,0.0018,0.0098,0.0398,-0.0451,0.2219
0.3017590045928955,-0.1003,0.0034,0.0104,-0.0244,-0.0461,0.2161
0.3018670082092285,-0.1002,0.0045,0.0089,-0.0686,-0.0471,0.1709
0.3019840717315674,-0.1002,0.0048,0.0075,-0.0809,-0.0481,0.1081
0.30208683013916016,-0.1001,0.0044,0.006,-0.0984,-0.0491,0.0229
0.3022170066833496,-0.1001,0.0033,0.0042,-0.0845,-0.0501,-0.0669
0.30231809616088867,-0.1002,0.0017,0.0028,-0.0776,-0.0511,-0.1641
0.30241990089416504,-0.1002,-0.0004,0.0012,-0.0353,-0.0521,-0.2468
0.3025221824645996,-0.1003,-0.0027,0.0008,0.008,-0.0531,-0.3066
0.30262303352355957,-0.1004,-0.0049,0.0,0.0923,-0.0541,-0.3188
0.30273985862731934,-0.1005,-0.0065,0.0018,0.1588,-0.0552,-0.2771
0.30286598205566406,-0.1006,-0.0073,0.0037,0.1802,-0.0562,-0.2085
0.3029618263244629,-0.1006,-0.0071,0.0054,0.1891,-0.0572,-0.1223
0.30307817459106445,-0.1007,-0.0062,0.0068,0.1937,-0.0582,-0.0223
0.3031799793243408,-0.1007,-0.0045,0.009,0.1808,-0.0592,0.0856
0.30327796936035156,-0.1007,-0.0023,0.0099,0.1809,-0.0602,0.2017
0.30338406562805176,-0.1006,0.0003,0.0124,0.143,-0.0612,0.3125
0.30348801612854004,-0.1005,0.0033,0.0149,0.05,-0.0622,0.3828
0.3036050796508789,-0.1004,0.006,0.0147,-0.089,-0.0632,0.3632
0.30371618270874023,-0.1003,0.0078,0.0114,-0.1661,-0.0642,0.2713
0.30382513999938965,-0.1002,0.0081,0.0087,-0.1592,-0.0652,0.1645
0.3039212226867676,-0.1001,0.0073,0.0071,-0.1446,-0.0662,0.0555
0.30402398109436035,-0.1001,0.0056,0.0054,-0.1284,-0.0672,-0.0566
0.3041260242462158,-0.1001,0.0034,0.0032,-0.0895,-0.0682,-0.1612
0.3042290210723877,-0.1002,0.0008,0.0023,-0.0093,-0.0692,-0.2225
0.3043351173400879,-0.1002,-0.0016,0.0022,0.0329,-0.0702,-0.2589
0.3044559955596924,-0.1003,-0.0037,0.0018,0.1106,-0.0712,-0.2498
0.304563045501709,-0.1004,-0.005,0.0039,0.1675,-0.0722,-0.1897
0.30465102195739746,-0.1005,-0.0053,0.0064,0.1721,-0.0732,-0.1096
0.30475306510925293,-0.1005,-0.0048,0.0078,0.1631,-0.0742,-0.0248
0.3048398494720459,-0.1005,-0.0036,0.0102,0.1354,-0.0752,0.0594
0.3049349784851074,-0.1005,-0.0019,0.0105,0.1099,-0.0762,0.1301
0.3050191402435303,-0.1004,-0.0001,0.0117,0.1179,-0.0772,0.2159
0.30512094497680664,-0.1004,0.002,0.0138,0.0623,-0.0782,0.2821
0.30521702766418457,-0.1003,0.0042,0.0145,-0.0331,-0.0792,0.2927
0.42238402366638184,-0.1002,0.0058,0.013,-0.1026,-0.0802,0.2485
0.4225468635559082,-0.1001,0.0065,0.0114,-0.1237,-0.0813,0.1798
0.42266201972961426,-0.1001,0.0063,0.0101,-0.141,-0.0823,0.0901
0.4227750301361084,-0.1,0.0053,0.008,-0.1408,-0.0833,-0.0153
0.4228789806365967,-0.1,0.0035,0.0055,-0.1109,-0.0843,-0.1206
0.42298102378845215,-0.1001,0.0013,0.0043,-0.0374,-0.0853,-0.1889
0.42308998107910156,-0.1001,-0.0009,0.0047,-0.0037,-0.0863,-0.2343
0.42319416999816895,-0.1002,-0.0029,0.0042,0.0468,-0.0873,-0.2517
0.42329907417297363,-0.1003,-0.0045,0.0054,0.1196,-0.0883,-0.2154
0.4233980178833008,-0.1004,-0.0053,0.0076,0.145,-0.0893,-0.1476
0.42349696159362793,-0.1004,-0.0051,0.0091,0.1432,-0.0903,-0.0704
0.42359495162963867,-0.1004,-0.0043,0.0111,0.1403,-0.0913,0.0197
0.5755140781402588,-0.1004,-0.0028,0.0124,0.0925,-0.0923,0.089
0.5756652355194092,-0.1004,-0.0011,0.0117,0.0938,-0.0933,0.1553
0.5757780075073242,-0.1003,0.0008,0.0137,0.0919,-0.0943,0.2358
0.5758819580078125,-0.1003,0.0028,0.0146,0.0197,-0.0953,0.2767
0.5759940147399902,-0.1002,0.0047,0.014,-0.0684,-0.0963,0.2579
0.5760970115661621,-0.1001,0.0058,0.0123,-0.1153,-0.0973,0.197
0.5762031078338623,-0.1,0.006,0.0108,-0.1318,-0.0983,0.1147
0.5763020515441895,-0.1,0.0053,0.0091,-0.1358,-0.0993,0.0171
0.5764029026031494,-0.1,0.0039,0.0063,-0.1051,-0.1003,-0.0824
0.5765039920806885,-0.1,0.0019,0.0062,-0.065,-0.1013,-0.1582
0.5766079425811768,-0.1001,-0.0002,0.0057,-0.0815,-0.1023,-0.2498
0.5767102241516113,-0.1001,-0.0026,0.0029,-0.0361,-0.1033,-0.3334
0.5768089294433594,-0.1003,-0.0051,0.0026,0.0899,-0.1043,-0.3402
0.5769081115722656,-0.1004,-0.0069,0.0052,0.1686,-0.1053,-0.2788
0.5770070552825928,-0.1005,-0.0075,0.007,0.1878,-0.1063,-0.1929
0.6872580051422119,-0.1005,-0.0071,0.0088,0.2086,-0.1073,-0.0803
0.6873898506164551,-0.1005,-0.0058,0.0112,0.2071,-0.1083,0.0484
0.6874911785125732,-0.1005,-0.0036,0.0142,0.1664,-0.1093,0.1737
0.6875960826873779,-0.1005,-0.0008,0.0155,0.0794,-0.1103,0.2536
0.6876931190490723,-0.1004,0.0019,0.0157,0.0173,-0.1113,0.2964
0.6877858638763428,-0.1003,0.0042,0.0161,-0.059,-0.1123,0.2941
0.6878840923309326,-0.1002,0.0058,0.014,-0.1271,-0.1133,0.2341
0.6879911422729492,-0.1001,0.0064,0.0118,-0.1328,-0.1143,0.1546
0.68808913230896,-0.1001,0.006,0.0109,-0.1237,-0.1153,0.0739
0.6881871223449707,-0.1,0.0049,0.0094,-0.1086,-0.1163,-0.0084
0.6882879734039307,-0.1,0.0033,0.0075,-0.0873,-0.1173,-0.092
0.8039910793304443,-0.1001,0.0014,0.0064,-0.0213,-0.1183,-0.142
0.8041331768035889,-0.1001,-0.0004,0.007,0.0146,-0.1193,-0.1657
0.8042290210723877,-0.1002,-0.0019,0.006,0.0445,-0.1203,-0.1791
0.8043200969696045,-0.1002,-0.0031,0.0067,0.1076,-0.1213,-0.1475
0.80442214012146,-0.1003,-0.0036,0.0091,0.1293,-0.1223,-0.0854
0.8045110702514648,-0.1003,-0.0033,0.0105,0.1172,-0.1233,-0.0213
0.8046021461486816,-0.1003,-0.0025,0.0122,0.0988,-0.1243,0.0436
0.8046929836273193,-0.1003,-0.0014,0.0133,0.0541,-0.1254,0.0878
0.8047921657562256,-0.1003,-0.0001,0.0134,0.0269,-0.1264,0.1162
0.8048748970031738,-0.1002,0.0011,0.0137,0.0146,-0.1274,0.1395
0.8049609661102295,-0.1002,0.0021,0.014,-0.0153,-0.1284,0.1461
0.8050470352172852,-0.1001,0.0029,0.0141,-0.0462,-0.1294,0.1333
0.9037392139434814,-0.1001,0.0033,0.013,-0.0828,-0.1304,0.0895
0.9038891792297363,-0.1001,0.0032,0.0116,-0.0917,-0.1314,0.0294
0.9039909839630127,-0.1001,0.0025,0.0101,-0.0832,-0.1324,-0.0366
0.9040839672088623,-0.1001,0.0014,0.0088,-0.0403,-0.1334,-0.0854
0.904181957244873,-0.1001,0.0002,0.0085,-0.0094,-0.1344,-0.1169
0.9042758941650391,-0.1001,-0.001,0.0086,0.0004,-0.1354,-0.1427
0.904367208480835,-0.1002,-0.0021,0.0084,0.0263,-0.1364,-0.1541
0.9044589996337891,-0.1002,-0.003,0.008,0.0588,-0.1374,-0.1485
0.9045491218566895,-0.1003,-0.0035,0.0091,0.0973,-0.1384,-0.1105
0.9046399593353271,-0.1003,-0.0036,0.0108,0.0952,-0.1394,-0.0622
1.0146770477294922,-0.1003,-0.0031,0.0117,0.0749,-0.1404,-0.0199
1.014845848083496,-0.1003,-0.0024,0.0119,0.0775,-0.1414,0.0254
1.0149600505828857,-0.1003,-0.0014,0.0138,0.0727,-0.1424,0.0819
1.0150651931762695,-0.1003,-0.0002,0.0145,0.0199,-0.1434,0.1097
1.0151660442352295,-0.1003,0.0009,0.0139,0.0104,-0.1444,0.1276
1.0152630805969238,-0.1002,0.0019,0.0145,0.0028,-0.1454,0.1453
1.0153629779815674,-0.1002,0.0027,0.0148,-0.0563,-0.1464,0.1271
1.0154669284820557,-0.1001,0.0032,0.0129,-0.0766,-0.1474,0.0825
1.015566110610962,-0.1001,0.003,0.0123,-0.0709,-0.1484,0.037
1.0156660079956055,-0.1001,0.0025,0.0111,-0.0646,-0.1494,-0.0138
1.0157690048217773,-0.1001,0.0016,0.0109,-0.0615,-0.1504,-0.0649
1.1340758800506592,-0.1001,0.0005,0.0098,-0.0691,-0.1514,-0.1299
1.1342289447784424,-0.1002,-0.0009,0.0084,-0.0286,-0.1524,-0.18
1.134347915649414,-0.1002,-0.0024,0.0086,0.0056,-0.1534,-0.2071
1.1344499588012695,-0.1003,-0.0037,0.0077,0.0509,-0.1544,-0.2132
1.134545087814331,-0.1004,-0.0047,0.0091,0.1191,-0.1554,-0.1657
1.1346569061279297,-0.1004,-0.0049,0.011,0.131,-0.1564,-0.0975
1.1347651481628418,-0.1005,-0.0044,0.0121,0.1241,-0.1574,-0.0253
1.1348669528961182,-0.1005,-0.0033,0.0137,0.128,-0.1584,0.0607
1.1349680423736572,-0.1004,-0.0017,0.0158,0.0803,-0.1594,0.1322
1.1350672245025635,-0.1004,0.0001,0.0157,0.0364,-0.1604,0.1758
1.1351559162139893,-0.1003,0.0018,0.0165,0.0225,-0.1614,0.2164
1.135249137878418,-0.1003,0.0034,0.0173,-0.0339,-0.1624,0.2278
1.2296271324157715,-0.1002,0.0046,0.0164,-0.0775,-0.1634,0.2045
1.2297778129577637,-0.1001,0.0052,0.0152,-0.0945,-0.1644,0.1625
1.2298879623413086,-0.1001,0.0052,0.0138,-0.1115,-0.1654,0.0991
1.2299871444702148,-0.1,0.0046,0.0117,-0.1129,-0.1664,0.019
1.2300970554351807,-0.1,0.0034,0.0105,-0.0861,-0.1674,-0.0529
1.2301890850067139,-0.1001,0.0019,0.0094,-0.083,-0.1684,-0.1326
1.2302780151367188,-0.1001,0.0,0.0079,-0.0336,-0.1694,-0.1921
1.230391025543213,-0.1002,-0.0019,0.0083,0.0115,-0.1704,-0.2211
1.2305059432983398,-0.1002,-0.0035,0.0078,0.0772,-0.1715,-0.213
1.2306129932403564,-0.1003,-0.0045,0.0096,0.1492,-0.1725,-0.1459
1.329521894454956,-0.1004,-0.0046,0.0123,0.1584,-0.1735,-0.0542
1.3296759128570557,-0.1004,-0.0037,0.0139,0.1345,-0.1745,0.0337
1.3297889232635498,-0.1004,-0.0023,0.0154,0.1198,-0.1755,0.1239
1.3298869132995605,-0.1003,-0.0004,0.0168,0.0692,-0.1765,0.1925
1.3299739360809326,-0.1003,0.0016,0.0166,0.0352,-0.1775,0.2388
1.3300631046295166,-0.1002,0.0035,0.0175,-0.0142,-0.1785,0.2604
1.3301501274108887,-0.1001,0.005,0.0169,-0.0844,-0.1795,0.2335
1.330237865447998,-0.1,0.0057,0.0153,-0.1286,-0.1805,0.167
1.3303239345550537,-0.1,0.0056,0.0139,-0.1586,-0.1815,0.0706
1.3304131031036377,-0.0999,0.0046,0.0111,-0.1699,-0.1825,-0.054
1.43629789352417,-0.1,0.0027,0.0096,-0.1449,-0.1835,-0.1751
1.4364831447601318,-0.1,0.0002,0.0071,-0.1114,-0.1845,-0.294
1.436608076095581,-0.1001,-0.0027,0.0053,-0.0223,-0.1855,-0.3703
1.4367270469665527,-0.1002,-0.0055,0.0052,0.1329,-0.1865,-0.349
1.4368340969085693,-0.1003,-0.0073,0.0081,0.258,-0.1875,-0.2275
1.43693208694458,-0.1004,-0.0073,0.013,0.2684,-0.1885,-0.0647
1.4370510578155518,-0.1004,-0.0057,0.017,0.2011,-0.1895,0.0837
1.4371740818023682,-0.1004,-0.0032,0.0178,0.1464,-0.1905,0.2045
1.4372789859771729,-0.1003,-0.0002,0.0187,0.1638,-0.1915,0.3442
1.4373910427093506,-0.1002,0.0032,0.023,0.0763,-0.1925,0.4605
1.5362391471862793,-0.1001,0.0067,0.023,-0.0844,-0.1935,0.475
1.536426067352295,-0.0999,0.0093,0.021,-0.1737,-0.1945,0.4194
1.5365440845489502,-0.0998,0.0106,0.0198,-0.2729,-0.1955,0.2913
1.5366551876068115,-0.0997,0.0103,0.015,-0.3851,-0.1965,0.0564
1.5367679595947266,-0.0997,0.0077,0.0075,-0.3482,-0.1975,-0.2104
1.536862850189209,-0.0998,0.0034,0.005,-0.1863,-0.1985,-0.394
1.5369551181793213,-0.0999,-0.0015,0.0047,-0.1278,-0.1995,-0.5452
1.5370450019836426,-0.1001,-0.0064,0.0001,0.0421,-0.2005,-0.6229
1.5371341705322266,-0.1003,-0.0105,0.002,0.3383,-0.2015,-0.4987
1.537229061126709,-0.1004,-0.0122,0.0094,0.5223,-0.2025,-0.2036
1.6357879638671875,-0.1005,-0.0105,0.0195,0.4207,-0.2035,0.0988
1.6359260082244873,-0.1005,-0.0064,0.0223,0.2546,-0.2045,0.3164
1.6360230445861816,-0.1004,-0.0014,0.0243,0.1831,-0.2055,0.5048
1.6361110210418701,-0.1002,0.0039,0.0264,0.0553,-0.2065,0.6291
1.6362040042877197,-0.1,0.0089,0.0264,-0.1455,-0.2075,0.6267
1.6362931728363037,-0.0998,0.0123,0.0244,-0.3452,-0.2085,0.4832
1.6363801956176758,-0.0996,0.0133,0.0176,-0.4941,-0.2095,0.1956
1.6364741325378418,-0.0996,0.0112,0.0097,-0.4837,-0.2105,-0.1434
1.6365628242492676,-0.0996,0.0065,0.0044,-0.3161,-0.2115,-0.4155
1.6366519927978516,-0.0997,0.0005,0.0021,-0.172,-0.2125,-0.6152
1.737955093383789,-0.0999,-0.0057,-0.0012,0.0441,-0.2135,-0.7037
1.7381019592285156,-0.1002,-0.0108,-0.0,0.3644,-0.2145,-0.5801
1.7382278442382812,-0.1004,-0.0132,0.008,0.5971,-0.2155,-0.2507
1.7383291721343994,-0.1004,-0.0117,0.0182,0.5749,-0.2165,0.1384
1.7384240627288818,-0.1004,-0.0068,0.0249,0.3415,-0.2175,0.4273
1.7385201454162598,-0.1003,-0.0006,0.026,0.2415,-0.2185,0.6635
1.7386081218719482,-0.1,0.006,0.0309,0.1007,-0.2195,0.8479
1.7386958599090576,-0.0998,0.0125,0.0327,-0.221,-0.2205,0.8417
1.7388100624084473,-0.0995,0.0169,0.0278,-0.5682,-0.2215,0.5786
1.7388978004455566,-0.0993,0.0175,0.0167,-0.7024,-0.2225,0.1496
1.8489861488342285,-0.0993,0.0137,0.0061,-0.4891,-0.2235,-0.2203
1.8491780757904053,-0.0993,0.0075,0.0026,-0.2387,-0.2245,-0.4578
1.8492980003356934,-0.0995,0.0008,0.0022,-0.1061,-0.2255,-0.6166
1.8494110107421875,-0.0997,-0.0055,0.001,0.0906,-0.2265,-0.6612
1.8495640754699707,-0.0999,-0.0103,0.0029,0.3386,-0.2275,-0.536
1.8496761322021484,-0.1001,-0.0124,0.0081,0.5485,-0.2285,-0.2393
1.8497779369354248,-0.1001,-0.011,0.0181,0.5784,-0.2295,0.1492
1.8498799800872803,-0.1001,-0.0063,0.0261,0.4248,-0.2305,0.498
1.8499770164489746,-0.0999,0.0005,0.0303,0.1756,-0.2315,0.7203
1.8500769138336182,-0.0997,0.0074,0.0321,-0.075,-0.2325,0.798
1.8501760959625244,-0.0994,0.0129,0.0301,-0.3894,-0.2335,0.6618
1.8502798080444336,-0.0992,0.0155,0.0221,-0.5972,-0.2345,0.3353
1.9590189456939697,-0.0991,0.0141,0.0116,-0.4816,-0.2354,0.0073
1.9591898918151855,-0.0991,0.01,0.0076,-0.2735,-0.2364,-0.2178
1.9593210220336914,-0.0992,0.0048,0.0058,-0.1602,-0.2374,-0.3857
1.9594800472259521,-0.0993,-0.0004,0.0039,-0.0448,-0.2384,-0.4962
1.9595909118652344,-0.0995,-0.0051,0.0046,0.1259,-0.2394,-0.495
1.9597010612487793,-0.0996,-0.0084,0.0079,0.2375,-0.2404,-0.4003
1.959805965423584,-0.0998,-0.0098,0.0105,0.3046,-0.2414,-0.245
1.959900140762329,-0.0998,-0.0092,0.014,0.3849,-0.2424,-0.0129
1.9599931240081787,-0.0998,-0.0066,0.0204,0.3567,-0.2434,0.2484
1.960094928741455,-0.0998,-0.0022,0.025,0.207,-0.2444,0.4486
1.9601831436157227,-0.0996,0.0028,0.0265,0.0444,-0.2454,0.5574
2.081319808959961,-0.0994,0.0074,0.0272,-0.174,-0.2464,0.5331
2.0814871788024902,-0.0993,0.0104,0.023,-0.385,-0.2474,0.3442
2.0815999507904053,-0.0992,0.0106,0.0143,-0.3789,-0.2484,0.0969
2.0817060470581055,-0.0991,0.0084,0.0108,-0.257,-0.2494,-0.0984
2.0818071365356445,-0.0992,0.0049,0.0084,-0.1764,-0.2504,-0.2612
2.0819079875946045,-0.0992,0.0009,0.0069,-0.0746,-0.2514,-0.3719
2.08201003074646,-0.0994,-0.003,0.0063,0.0106,-0.2523,-0.4348
2.0821280479431152,-0.0995,-0.0063,0.0062,0.1223,-0.2533,-0.4282
2.0822300910949707,-0.0996,-0.0086,0.0086,0.2241,-0.2543,-0.3411
2.0823311805725098,-0.0997,-0.0094,0.011,0.3057,-0.2553,-0.1841
2.0824320316314697,-0.0998,-0.0083,0.016,0.3452,-0.2563,0.0341
2.0825400352478027,-0.0998,-0.0055,0.0221,0.2814,-0.2573,0.2566
2.194793939590454,-0.0997,-0.0014,0.0246,0.1196,-0.2583,0.3949
2.1949470043182373,-0.0996,0.0029,0.0249,-0.0163,-0.2593,0.4503
2.195051908493042,-0.0994,0.0064,0.0248,-0.1863,-0.2603,0.3969
2.1951448917388916,-0.0993,0.0084,0.0212,-0.3405,-0.2613,0.2196
2.195240020751953,-0.0992,0.008,0.0137,-0.3267,-0.2623,-0.0028
2.195338010787964,-0.0992,0.0056,0.0098,-0.2004,-0.2633,-0.1733
2.1954338550567627,-0.0993,0.0022,0.0092,-0.1239,-0.2643,-0.3017
2.1955339908599854,-0.0994,-0.0014,0.0071,-0.0649,-0.2653,-0.4092
2.1956279277801514,-0.0995,-0.005,0.0059,0.066,-0.2663,-0.4437
2.1957240104675293,-0.0997,-0.0078,0.0074,0.1951,-0.2673,-0.3856
2.1958189010620117,-0.0998,-0.0092,0.0099,0.3101,-0.2683,-0.2371
2.310081958770752,-0.0999,-0.0088,0.0151,0.3792,-0.2693,-0.0065
2.31021785736084,-0.0999,-0.0062,0.0212,0.3176,-0.2703,0.2295
2.3103201389312744,-0.0998,-0.0021,0.0244,0.1713,-0.2713,0.3965
2.310413122177124,-0.0997,0.0024,0.0252,0.0335,-0.2723,0.4826
2.3105058670043945,-0.0995,0.0064,0.0253,-0.1497,-0.2733,0.4537
2.3105971813201904,-0.0994,0.0089,0.0223,-0.3286,-0.2743,0.2888
2.3106889724731445,-0.0993,0.009,0.0153,-0.3662,-0.2752,0.0495
2.3107810020446777,-0.0993,0.0068,0.0098,-0.2339,-0.2762,-0.1447
2.310873031616211,-0.0993,0.0034,0.0088,-0.1395,-0.2772,-0.2881
2.3109681606292725,-0.0994,-0.0005,0.0078,-0.0802,-0.2782,-0.4026
2.3110599517822266,-0.0995,-0.0042,0.0062,0.0455,-0.2792,-0.4504
2.3111510276794434,-0.0997,-0.0074,0.0075,0.1874,-0.2802,-0.3998
2.424083948135376,-0.0998,-0.0091,0.0099,0.3041,-0.2812,-0.2576
2.4242539405822754,-0.0999,-0.0088,0.0145,0.3905,-0.2822,-0.0267
2.4243710041046143,-0.0999,-0.0065,0.0212,0.3469,-0.2832,0.2253
2.4244790077209473,-0.0998,-0.0023,0.0251,0.2207,-0.2842,0.4257
2.4245800971984863,-0.0997,0.0025,0.0274,0.0753,-0.2852,0.5518
2.4246809482574463,-0.0995,0.0071,0.0285,-0.1373,-0.2862,0.5516
2.4247820377349854,-0.0993,0.0104,0.0257,-0.3505,-0.2872,0.3951
2.424881935119629,-0.0992,0.0111,0.0178,-0.4021,-0.2882,0.1491
2.4249820709228516,-0.0992,0.0092,0.0115,-0.2698,-0.2892,-0.0578
2.425082206726074,-0.0992,0.0059,0.0109,-0.1791,-0.2902,-0.2125
2.425183057785034,-0.0992,0.0021,0.0091,-0.1542,-0.2912,-0.3671
2.5298900604248047,-0.0994,-0.0021,0.0055,-0.0239,-0.2922,-0.4658
2.530045986175537,-0.0995,-0.006,0.0063,0.1471,-0.2932,-0.4518
2.530143976211548,-0.0997,-0.0086,0.0095,0.2343,-0.2942,-0.3604
2.530236005783081,-0.0998,-0.0096,0.0117,0.305,-0.2952,-0.2082
2.5303311347961426,-0.0998,-0.0087,0.0156,0.3747,-0.2961,0.0172
2.5304272174835205,-0.0998,-0.0059,0.0224,0.3394,-0.2971,0.2699
2.530535936355591,-0.0997,-0.0015,0.026,0.2237,-0.2981,0.4761
2.5306639671325684,-0.0996,0.0036,0.0287,0.0905,-0.2991,0.6192
2.53078293800354,-0.0994,0.0085,0.0305,-0.1519,-0.3001,0.6216
2.5308799743652344,-0.0992,0.012,0.0264,-0.3956,-0.3011,0.4391
2.53098201751709,-0.099,0.0127,0.0173,-0.3932,-0.3021,0.1933
2.634181022644043,-0.099,0.0108,0.0136,-0.276,-0.3031,-0.0047
2.63431715965271,-0.099,0.0075,0.0114,-0.2376,-0.3041,-0.1959
2.6344189643859863,-0.099,0.0033,0.0077,-0.1591,-0.3051,-0.366
2.634516954421997,-0.0992,-0.0012,0.0058,-0.0135,-0.3061,-0.4585
2.6346099376678467,-0.0993,-0.0053,0.0068,0.1514,-0.3071,-0.4401
2.6347010135650635,-0.0995,-0.008,0.0107,0.2382,-0.3081,-0.3402
2.6348018646240234,-0.0996,-0.0089,0.0137,0.2599,-0.3091,-0.2057
2.634895086288452,-0.0996,-0.0083,0.0165,0.2804,-0.3101,-0.0378
2.634982109069824,-0.0997,-0.0061,0.0209,0.2806,-0.3111,0.163
2.635067939758301,-0.0996,-0.0027,0.0242,0.2281,-0.3121,0.3555
2.737865924835205,-0.0995,0.0016,0.0272,0.1269,-0.313,0.5068
2.738032102584839,-0.0993,0.006,0.0293,-0.0711,-0.314,0.5481
2.738126039505005,-0.0991,0.0096,0.0261,-0.2828,-0.315,0.4316
2.738236904144287,-0.099,0.0109,0.0194,-0.3173,-0.316,0.2458
2.7383270263671875,-0.0989,0.01,0.0161,-0.2725,-0.317,0.0648
2.7384161949157715,-0.0989,0.0077,0.0134,-0.2537,-0.318,-0.1256
2.738503932952881,-0.0989,0.0041,0.01,-0.1837,-0.319,-0.2975
2.7385950088500977,-0.099,-0.0,0.0096,-0.1559,-0.32,-0.4575
2.7386839389801025,-0.0992,-0.0045,0.0049,-0.0457,-0.321,-0.5828
2.738784074783325,-0.0994,-0.0088,0.0052,0.2154,-0.322,-0.5404
2.8444862365722656,-0.0995,-0.0114,0.0114,0.327,-0.323,-0.3837
2.844619035720825,-0.0997,-0.0117,0.0149,0.3263,-0.324,-0.2028
2.8447139263153076,-0.0997,-0.0102,0.0178,0.3554,-0.325,0.0181
2.844802141189575,-0.0997,-0.007,0.0232,0.3235,-0.326,0.2594
2.8449020385742188,-0.0996,-0.0023,0.0274,0.2095,-0.3269,0.4599
2.8449931144714355,-0.0995,0.0028,0.0305,0.0538,-0.3279,0.5853
2.8450958728790283,-0.0993,0.0077,0.0311,-0.182,-0.3289,0.5656
2.845189094543457,-0.0991,0.0109,0.0262,-0.3752,-0.3299,0.3876
2.845276117324829,-0.099,0.0114,0.0189,-0.3572,-0.3309,0.1695
2.845362901687622,-0.0989,0.0096,0.016,-0.2842,-0.3319,-0.0234
2.8454577922821045,-0.099,0.0065,0.0126,-0.2554,-0.3329,-0.2242
2.9635119438171387,-0.099,0.0024,0.0093,-0.1332,-0.3339,-0.3727
2.963657855987549,-0.0991,-0.002,0.0086,0.0122,-0.3349,-0.4352
2.9637670516967773,-0.0993,-0.0056,0.0099,0.1595,-0.3359,-0.3962
2.963870048522949,-0.0994,-0.0078,0.0136,0.2384,-0.3369,-0.2816
2.9639909267425537,-0.0995,-0.0082,0.0166,0.2533,-0.3379,-0.1361
2.9640848636627197,-0.0996,-0.0071,0.0196,0.2588,-0.3389,0.0344
2.964172124862671,-0.0995,-0.0046,0.0224,0.2277,-0.3399,0.2062
2.964263916015625,-0.0995,-0.0012,0.0254,0.1712,-0.3408,0.3655
2.9643709659576416,-0.0994,0.0027,0.0284,0.0483,-0.3418,0.469
2.9644689559936523,-0.0992,0.0065,0.0293,-0.1442,-0.3428,0.4569
2.9645769596099854,-0.0991,0.009,0.0253,-0.2696,-0.3438,0.3366
2.96468186378479,-0.0989,0.0096,0.0212,-0.2752,-0.3448,0.1836
3.07230806350708,-0.0989,0.0085,0.0185,-0.2561,-0.3458,0.0231
3.0724599361419678,-0.0989,0.0062,0.0142,-0.2367,-0.3468,-0.1574
3.0725669860839844,-0.0989,0.0028,0.0111,-0.1184,-0.3478,-0.2864
3.072680950164795,-0.099,-0.0008,0.0108,-0.0112,-0.3488,-0.3506
3.0727851390838623,-0.0991,-0.004,0.0107,0.0875,-0.3498,-0.3545
3.0728912353515625,-0.0993,-0.0063,0.0127,0.1833,-0.3508,-0.2837
3.0729939937591553,-0.0993,-0.0072,0.0159,0.2134,-0.3517,-0.1712
3.073094129562378,-0.0994,-0.0067,0.0183,0.2139,-0.3527,-0.0413
3.07319712638855,-0.0994,-0.0051,0.0209,0.1843,-0.3537,0.089
3.073298931121826,-0.0994,-0.0027,0.0229,0.1512,-0.3547,0.2136
3.073395013809204,-0.0993,0.0002,0.0253,0.0879,-0.3557,0.3159
3.1811280250549316,-0.0992,0.0032,0.0269,-0.0128,-0.3567,0.3662
3.181309938430786,-0.0991,0.0058,0.0259,-0.1469,-0.3577,0.3245
3.1814210414886475,-0.099,0.0072,0.0225,-0.2059,-0.3587,0.2211
3.1815240383148193,-0.0989,0.0072,0.0204,-0.206,-0.3597,0.1022
3.181627035140991,-0.0989,0.0061,0.0179,-0.199,-0.3607,-0.0309
3.181727886199951,-0.0989,0.0039,0.0148,-0.1679,-0.3617,-0.1678
3.1818292140960693,-0.0989,0.0011,0.0128,-0.0838,-0.3626,-0.2666
3.1819300651550293,-0.099,-0.0018,0.0117,-0.016,-0.3636,-0.3319
3.1820311546325684,-0.0991,-0.0045,0.0112,0.0791,-0.3646,-0.341
3.1821370124816895,-0.0993,-0.0065,0.0133,0.1675,-0.3656,-0.2801
3.1822400093078613,-0.0993,-0.0073,0.016,0.2011,-0.3666,-0.1789
3.280419111251831,-0.0994,-0.0068,0.0183,0.2128,-0.3676,-0.0534
3.280571222305298,-0.0994,-0.0053,0.0216,0.204,-0.3686,0.0911
3.280669927597046,-0.0994,-0.0028,0.0234,0.137,-0.3696,0.2065
3.2807648181915283,-0.0993,0.0,0.0237,0.1397,-0.3706,0.3275
3.280870199203491,-0.0992,0.0032,0.0286,0.0709,-0.3716,0.441
3.2809629440307617,-0.0991,0.0066,0.0296,-0.1361,-0.3726,0.4298
3.281064987182617,-0.0989,0.0088,0.025,-0.2526,-0.3736,0.3115
3.281162977218628,-0.0988,0.0092,0.0214,-0.2379,-0.3746,0.177
3.2812609672546387,-0.0988,0.0082,0.0196,-0.2314,-0.3755,0.0332
3.281360149383545,-0.0988,0.006,0.0167,-0.2157,-0.3765,-0.1231
3.3783810138702393,-0.0988,0.003,0.0137,-0.1673,-0.3775,-0.2718
3.3785500526428223,-0.0989,-0.0005,0.012,-0.0675,-0.3785,-0.3706
3.3786890506744385,-0.099,-0.004,0.0106,0.0621,-0.3795,-0.398
3.3787879943847656,-0.0991,-0.0067,0.0124,0.182,-0.3805,-0.3375
3.3788959980010986,-0.0993,-0.008,0.0156,0.2245,-0.3815,-0.2277
3.3789920806884766,-0.0993,-0.0078,0.018,0.2387,-0.3825,-0.0917
3.3790841102600098,-0.0994,-0.0063,0.0211,0.229,-0.3835,0.0614
3.37917423248291,-0.0993,-0.0038,0.0245,0.1748,-0.3845,0.2048
3.3792638778686523,-0.0993,-0.0007,0.0265,0.0759,-0.3855,0.3009
3.481895923614502,-0.0992,0.0024,0.0272,-0.0152,-0.3864,0.3447
3.48205304145813,-0.0991,0.0051,0.0268,-0.123,-0.3874,0.318
3.482163906097412,-0.099,0.0067,0.0242,-0.189,-0.3884,0.2303
3.482254981994629,-0.0989,0.0069,0.022,-0.1971,-0.3894,0.1217
3.4823479652404785,-0.0988,0.006,0.0196,-0.1917,-0.3904,-0.0014
3.4824581146240234,-0.0988,0.0042,0.0166,-0.1585,-0.3914,-0.1254
3.4825639724731445,-0.0989,0.0017,0.0147,-0.073,-0.3924,-0.2098
3.4826650619506836,-0.0989,-0.0008,0.0149,-0.0204,-0.3934,-0.2611
3.4827680587768555,-0.099,-0.0031,0.0146,0.0388,-0.3944,-0.2781
3.48287296295166,-0.0991,-0.0049,0.0155,0.126,-0.3953,-0.2333
3.4829671382904053,-0.0992,-0.0057,0.0179,0.1627,-0.3963,-0.1483
3.5832200050354004,-0.0992,-0.0054,0.0197,0.1665,-0.3973,-0.0485
3.5833609104156494,-0.0993,-0.0043,0.0214,0.1528,-0.3983,0.0557
3.583462953567505,-0.0992,-0.0025,0.0236,0.132,-0.3993,0.1626
3.5835518836975098,-0.0992,-0.0001,0.0252,0.0663,-0.4003,0.2402
3.5836431980133057,-0.0991,0.0022,0.0262,0.0106,-0.4013,0.2901
3.5837299823760986,-0.099,0.0044,0.0266,-0.0787,-0.4023,0.2869
3.5838241577148438,-0.0989,0.0059,0.0247,-0.1464,-0.4033,0.227
3.5839102268218994,-0.0989,0.0063,0.0225,-0.1657,-0.4043,0.1384
3.5839970111846924,-0.0988,0.0058,0.0204,-0.1737,-0.4053,0.0292
3.5840840339660645,-0.0988,0.0043,0.0176,-0.165,-0.4062,-0.0954
3.683288097381592,-0.0988,0.0021,0.0151,-0.0901,-0.4072,-0.1908
3.68343186378479,-0.0989,-0.0004,0.0153,-0.0281,-0.4082,-0.2468
3.683544158935547,-0.099,-0.0027,0.0146,0.0164,-0.4092,-0.2809
3.683656930923462,-0.0991,-0.0046,0.0146,0.1042,-0.4102,-0.2597
3.6837728023529053,-0.0991,-0.0058,0.017,0.1609,-0.4112,-0.1858
3.683881998062134,-0.0992,-0.0058,0.0189,0.1695,-0.4122,-0.0928
3.683990955352783,-0.0992,-0.005,0.0209,0.1605,-0.4132,0.0088
3.6840949058532715,-0.0992,-0.0034,0.0233,0.1365,-0.4142,0.1131
3.6842041015625,-0.0992,-0.0013,0.0249,0.0663,-0.4152,0.1844
3.6842920780181885,-0.0991,0.0009,0.0246,0.0194,-0.4162,0.2244
3.791717052459717,-0.0991,0.0028,0.0255,-0.0328,-0.4171,0.2379
3.7918479442596436,-0.099,0.0043,0.0245,-0.104,-0.4181,0.1996
3.7919459342956543,-0.0989,0.0049,0.0223,-0.1331,-0.4191,0.1266
3.792041063308716,-0.0989,0.0047,0.0208,-0.1419,-0.4201,0.0366
3.792149066925049,-0.0989,0.0036,0.0192,-0.1304,-0.4211,-0.0581
3.7922418117523193,-0.0989,0.002,0.017,-0.1121,-0.4221,-0.1581
3.7923388481140137,-0.0989,-0.0002,0.0157,-0.0507,-0.4231,-0.2295
3.7924411296844482,-0.099,-0.0023,0.0152,-0.009,-0.4241,-0.2789
3.7925519943237305,-0.0991,-0.0044,0.014,0.0725,-0.4251,-0.2857
3.7926571369171143,-0.0992,-0.0058,0.0156,0.1392,-0.4261,-0.2392
3.792747974395752,-0.0993,-0.0064,0.0178,0.1682,-0.427,-0.1591
3.9007649421691895,-0.0993,-0.006,0.0199,0.184,-0.428,-0.0537
3.9008960723876953,-0.0993,-0.0048,0.0225,0.1815,-0.429,0.0693
3.900995969772339,-0.0993,-0.0027,0.0256,0.1005,-0.43,0.163
3.9010848999023438,-0.0993,-0.0003,0.0255,0.0152,-0.431,0.2026
3.9011728763580322,-0.0992,0.0018,0.0249,-0.0035,-0.432,0.227
3.9012668132781982,-0.0991,0.0035,0.0262,-0.0652,-0.433,0.2215
3.9013681411743164,-0.0991,0.0046,0.0245,-0.1497,-0.434,0.1497
3.9014530181884766,-0.099,0.0047,0.0218,-0.147,-0.435,0.0603
3.9015510082244873,-0.099,0.0039,0.021,-0.1131,-0.436,-0.0137
3.901663064956665,-0.099,0.0026,0.0197,-0.1095,-0.437,-0.0954
3.90175199508667,-0.099,0.0009,0.0177,-0.0571,-0.438,-0.1588
4.007350921630859,-0.0991,-0.0009,0.0182,-0.0181,-0.4389,-0.1955
4.0074989795684814,-0.0991,-0.0026,0.0171,0.0175,-0.4399,-0.2181
4.007601976394653,-0.0992,-0.0039,0.0177,0.0899,-0.4409,-0.1905
4.007718086242676,-0.0993,-0.0046,0.0195,0.1202,-0.4419,-0.1314
4.007839918136597,-0.0993,-0.0045,0.021,0.1275,-0.4429,-0.0571
4.00793194770813,-0.0993,-0.0037,0.0227,0.1316,-0.4439,0.0325
4.008023977279663,-0.0993,-0.0023,0.0251,0.0748,-0.4449,0.103
4.008114814758301,-0.0993,-0.0006,0.0246,0.0098,-0.4459,0.1292
4.008203983306885,-0.0993,0.0008,0.0241,0.0018,-0.4469,0.147
4.008294105529785,-0.0992,0.002,0.0247,-0.0138,-0.4479,0.1601
4.113969087600708,-0.0992,0.003,0.025,-0.0739,-0.4489,0.1368
4.114130973815918,-0.0991,0.0034,0.0232,-0.1119,-0.4499,0.0758
4.114232063293457,-0.0991,0.0031,0.0217,-0.1012,-0.4509,0.0109
4.114346027374268,-0.0991,0.0023,0.0204,-0.0718,-0.4518,-0.045
4.114451885223389,-0.0991,0.0012,0.0209,-0.0587,-0.4528,-0.09
4.114557981491089,-0.0991,-0.0001,0.0201,-0.0838,-0.4538,-0.1577
4.1146628856658936,-0.0992,-0.0016,0.018,-0.0628,-0.4548,-0.2281
4.114768028259277,-0.0992,-0.0033,0.018,-0.0029,-0.4558,-0.2612
4.114875793457031,-0.0993,-0.0049,0.0179,0.0617,-0.4568,-0.2547
4.114978075027466,-0.0994,-0.0059,0.019,0.1117,-0.4578,-0.2093
4.115079879760742,-0.0995,-0.0062,0.0206,0.1513,-0.4588,-0.1273
4.219707012176514,-0.0995,-0.0056,0.0226,0.1685,-0.4598,-0.0191
4.219859838485718,-0.0995,-0.0041,0.025,0.1466,-0.4608,0.0927
4.219959020614624,-0.0995,-0.002,0.0258,0.1387,-0.4618,0.2059
4.220049142837524,-0.0994,0.0006,0.0284,0.1104,-0.4628,0.321
4.220149040222168,-0.0993,0.0036,0.0313,0.0142,-0.4638,0.3968
4.220242977142334,-0.0992,0.0064,0.0311,-0.1444,-0.4648,0.37
4.22032904624939,-0.0991,0.0081,0.0271,-0.2317,-0.4657,0.2595
4.220416069030762,-0.099,0.0082,0.0239,-0.2167,-0.4667,0.1352
4.220500946044922,-0.099,0.007,0.0219,-0.1942,-0.4677,0.0108
4.220587968826294,-0.0989,0.005,0.02,-0.162,-0.4687,-0.1082
4.220674991607666,-0.099,0.0025,0.0179,-0.1353,-0.4697,-0.2272
4.326556205749512,-0.0991,-0.0005,0.016,-0.0537,-0.4707,-0.3089
4.3267152309417725,-0.0992,-0.0034,0.0153,0.0487,-0.4717,-0.3319
4.326817989349365,-0.0993,-0.0056,0.0167,0.155,-0.4727,-0.278
4.3269171714782715,-0.0994,-0.0066,0.0196,0.1958,-0.4737,-0.1779
4.327028036117554,-0.0994,-0.0064,0.0218,0.2017,-0.4747,-0.0579
4.32712197303772,-0.0994,-0.005,0.0242,0.2011,-0.4757,0.0795
4.3272178173065186,-0.0994,-0.0027,0.0278,0.1312,-0.4767,0.1986
4.327311038970947,-0.0993,0.0,0.0282,0.0371,-0.4777,0.2612
4.327411890029907,-0.0993,0.0026,0.0279,0.0018,-0.4786,0.3004
4.327507972717285,-0.0992,0.0047,0.0288,-0.0818,-0.4796,0.2937
4.436799049377441,-0.0991,0.0062,0.0266,-0.165,-0.4806,0.2181
4.436960935592651,-0.099,0.0064,0.024,-0.1846,-0.4816,0.1108
4.437084197998047,-0.099,0.0056,0.0215,-0.1802,-0.4826,-0.0121
4.4371960163116455,-0.099,0.0038,0.0198,-0.1624,-0.4836,-0.1367
4.43730092048645,-0.099,0.0013,0.0172,-0.1301,-0.4846,-0.2613
4.437421083450317,-0.0991,-0.0016,0.0159,-0.0559,-0.4856,-0.3494
4.437521934509277,-0.0992,-0.0045,0.0146,0.0568,-0.4866,-0.3764
4.437615156173706,-0.0993,-0.0068,0.0162,0.1715,-0.4876,-0.3196
4.437722206115723,-0.0994,-0.0079,0.0192,0.2087,-0.4886,-0.2183
4.437835931777954,-0.0995,-0.0077,0.0216,0.2125,-0.4896,-0.0974
4.437939882278442,-0.0995,-0.0063,0.0245,0.2021,-0.4905,0.0385
4.5316431522369385,-0.0995,-0.004,0.0265,0.1746,-0.4915,0.1721
4.53182315826416,-0.0995,-0.0012,0.0289,0.1054,-0.4925,0.2798
4.531934022903442,-0.0994,0.0019,0.0302,0.0295,-0.4935,0.3499
4.532043933868408,-0.0993,0.0048,0.0309,-0.0889,-0.4945,0.3498
4.532144069671631,-0.0991,0.0067,0.0282,-0.1856,-0.4955,0.2694
4.5322489738464355,-0.0991,0.0073,0.0252,-0.2059,-0.4965,0.1544
4.532354116439819,-0.099,0.0066,0.0229,-0.2015,-0.4975,0.025
4.5324790477752686,-0.099,0.0049,0.0201,-0.1883,-0.4985,-0.117
4.532602071762085,-0.099,0.0023,0.0173,-0.1039,-0.4995,-0.2269
4.532706022262573,-0.0991,-0.0006,0.0174,-0.0263,-0.5005,-0.2874
4.6235671043396,-0.0992,-0.0032,0.0169,0.0326,-0.5015,-0.3158
4.623712062835693,-0.0993,-0.0053,0.0174,0.1317,-0.5025,-0.2783
4.623809099197388,-0.0994,-0.0065,0.0201,0.1888,-0.5034,-0.1856
4.623903036117554,-0.0995,-0.0063,0.0226,0.2006,-0.5044,-0.0677
4.624028205871582,-0.0995,-0.0051,0.0254,0.1856,-0.5054,0.0611
4.62415885925293,-0.0995,-0.003,0.0272,0.1656,-0.5064,0.1911
4.624251842498779,-0.0994,-0.0002,0.0297,0.1123,-0.5074,0.3064
4.624356031417847,-0.0993,0.0028,0.0319,0.0294,-0.5084,0.3853
4.624446868896484,-0.0992,0.0057,0.0319,-0.1038,-0.5094,0.3804
4.724419116973877,-0.0991,0.0077,0.029,-0.194,-0.5104,0.2971
4.724562883377075,-0.099,0.0083,0.0265,-0.2123,-0.5114,0.1843
4.724748134613037,-0.0989,0.0076,0.024,-0.221,-0.5124,0.0477
4.724867105484009,-0.0989,0.0058,0.0212,-0.2133,-0.5134,-0.1052
4.724982023239136,-0.0989,0.003,0.0177,-0.1352,-0.5144,-0.235
4.725089073181152,-0.099,-0.0002,0.0171,-0.0304,-0.5153,-0.3036
4.725193023681641,-0.0991,-0.0031,0.0171,0.0451,-0.5163,-0.3256
4.7252888679504395,-0.0992,-0.0053,0.0176,0.1441,-0.5173,-0.2818
4.72539496421814,-0.0993,-0.0065,0.0206,0.2023,-0.5183,-0.1799
4.725489854812622,-0.0993,-0.0063,0.0233,0.202,-0.5193,-0.0593
4.816044092178345,-0.0994,-0.005,0.0257,0.1721,-0.5203,0.0601
4.816200017929077,-0.0993,-0.0029,0.0275,0.1507,-0.5213,0.18
4.81630802154541,-0.0993,-0.0003,0.0297,0.0903,-0.5223,0.2779
4.816403865814209,-0.0992,0.0025,0.0311,0.018,-0.5233,0.3407
4.816518783569336,-0.0991,0.0051,0.0313,-0.0907,-0.5243,0.3361
4.816628932952881,-0.099,0.0068,0.0291,-0.1676,-0.5253,0.2671
4.816735029220581,-0.0989,0.0074,0.0266,-0.1979,-0.5263,0.1607
4.816844940185547,-0.0988,0.0067,0.0241,-0.211,-0.5272,0.027
4.816954135894775,-0.0988,0.005,0.0208,-0.2029,-0.5282,-0.1263
4.909219026565552,-0.0989,0.0023,0.0177,-0.109,-0.5292,-0.243
4.909370183944702,-0.0989,-0.0008,0.0177,-0.0264,-0.5302,-0.3082
4.909521102905273,-0.099,-0.0036,0.0168,0.0487,-0.5312,-0.3336
4.909634113311768,-0.0992,-0.0057,0.0176,0.1537,-0.5322,-0.2875
4.90973424911499,-0.0992,-0.0068,0.0208,0.2045,-0.5332,-0.1867
4.909844875335693,-0.0993,-0.0066,0.0233,0.2001,-0.5342,-0.0708
4.909937858581543,-0.0993,-0.0053,0.0251,0.1847,-0.5352,0.0487
4.910030126571655,-0.0993,-0.0032,0.0279,0.1416,-0.5362,0.1618
4.910125017166138,-0.0993,-0.0007,0.0291,0.0565,-0.5372,0.2297
4.910221099853516,-0.0992,0.0018,0.0298,-0.0012,-0.5381,0.2669
5.003420114517212,-0.0991,0.0038,0.0299,-0.0758,-0.5391,0.2577
5.003559827804565,-0.099,0.0052,0.0281,-0.1391,-0.5401,0.1954
5.003655910491943,-0.099,0.0055,0.0259,-0.1526,-0.5411,0.1087
5.003746032714844,-0.0989,0.0049,0.0241,-0.1543,-0.5421,0.0078
5.00384521484375,-0.0989,0.0035,0.0225,-0.1319,-0.5431,-0.0918
5.003936052322388,-0.0989,0.0016,0.021,-0.1236,-0.5441,-0.1979
5.004026174545288,-0.099,-0.0008,0.019,-0.068,-0.5451,-0.2841
5.004116058349609,-0.0991,-0.0033,0.018,0.0143,-0.5461,-0.3266
5.004204034805298,-0.0992,-0.0055,0.0188,0.1215,-0.5471,-0.2958
5.016473054885864,-0.0993,-0.0068,0.0215,0.1748,-0.5481,-0.2118
5.1122801303863525,-0.0994,-0.0068,0.0236,0.1861,-0.549,-0.1063
5.112426996231079,-0.0994,-0.0058,0.0255,0.1874,-0.55,0.0144
5.112534046173096,-0.0994,-0.0039,0.0282,0.1461,-0.551,0.1286
5.112634181976318,-0.0994,-0.0015,0.0285,0.1287,-0.552,0.2354
5.112728118896484,-0.0993,0.0013,0.0312,0.1061,-0.553,0.3485
5.112829923629761,-0.0992,0.0043,0.0337,-0.0176,-0.554,0.4008
5.112924814224243,-0.099,0.0069,0.0315,-0.1729,-0.555,0.3389
5.113019943237305,-0.0989,0.0081,0.0277,-0.2114,-0.556,0.2253
5.113115072250366,-0.0989,0.0079,0.0254,-0.2053,-0.557,0.0993
5.113211154937744,-0.0988,0.0065,0.0226,-0.2062,-0.558,-0.0489
5.204674005508423,-0.0988,0.0041,0.02,-0.1629,-0.559,-0.189
5.204811096191406,-0.0989,0.001,0.0184,-0.135,-0.5599,-0.3249
5.204909086227417,-0.099,-0.0025,0.0159,-0.0557,-0.5609,-0.4304
5.204998016357422,-0.0992,-0.0059,0.0154,0.114,-0.5619,-0.4324
5.205086946487427,-0.0993,-0.0084,0.0187,0.2304,-0.5629,-0.3372
5.205181837081909,-0.0994,-0.0091,0.0221,0.2539,-0.5639,-0.2036
5.205270051956177,-0.0995,-0.0084,0.0246,0.2681,-0.5649,-0.0421
5.205357074737549,-0.0995,-0.0063,0.028,0.2576,-0.5659,0.1378
5.205444097518921,-0.0994,-0.0031,0.0316,0.2047,-0.5669,0.3109
5.216390132904053,-0.0993,0.0009,0.034,0.0965,-0.5679,0.4338
5.310574054718018,-0.0992,0.0049,0.0353,-0.059,-0.5689,0.4682
5.3107709884643555,-0.099,0.008,0.0327,-0.207,-0.5699,0.3901
5.310871124267578,-0.0989,0.0094,0.0282,-0.2486,-0.5709,0.2541
5.3109729290008545,-0.0988,0.009,0.0257,-0.2457,-0.5719,0.1011
5.3110761642456055,-0.0988,0.0073,0.0227,-0.2376,-0.5728,-0.0695
5.311172008514404,-0.0988,0.0044,0.02,-0.1727,-0.5738,-0.2196
5.311267137527466,-0.0989,0.001,0.0188,-0.1373,-0.5748,-0.3578
5.311362981796265,-0.099,-0.0028,0.0148,-0.0267,-0.5758,-0.4562
5.311458110809326,-0.0992,-0.0064,0.0147,0.1797,-0.5768,-0.4238
5.311552047729492,-0.0993,-0.0086,0.0198,0.2922,-0.5778,-0.2846
5.404681921005249,-0.0994,-0.0088,0.0239,0.2798,-0.5788,-0.1244
5.4048240184783936,-0.0994,-0.0074,0.0266,0.2565,-0.5798,0.041
5.404918909072876,-0.0994,-0.0048,0.0298,0.2073,-0.5808,0.1993
5.4050071239471436,-0.0993,-0.0014,0.0313,0.1794,-0.5818,0.3518
5.405093193054199,-0.0992,0.0025,0.0346,0.1134,-0.5828,0.4883
5.405188083648682,-0.0991,0.0065,0.0363,-0.0842,-0.5838,0.5115
5.405281066894531,-0.0989,0.0095,0.0326,-0.2257,-0.5847,0.4186
5.405367136001587,-0.0988,0.0107,0.0295,-0.2626,-0.5857,0.2805
5.405457973480225,-0.0987,0.0103,0.0272,-0.3136,-0.5867,0.0923
5.508481025695801,-0.0987,0.0081,0.0223,-0.3222,-0.5877,-0.1384
5.5086259841918945,-0.0987,0.0043,0.0185,-0.2315,-0.5887,-0.3407
5.50873589515686,-0.0988,-0.0003,0.0161,-0.1588,-0.5897,-0.5161
5.50883412361145,-0.099,-0.0052,0.0124,0.0362,-0.5907,-0.5957
5.50895094871521,-0.0992,-0.0095,0.0143,0.2869,-0.5917,-0.5026
5.509050130844116,-0.0993,-0.0115,0.0211,0.4024,-0.5927,-0.2879
5.509144067764282,-0.0994,-0.0109,0.0267,0.3484,-0.5936,-0.0677
5.50923490524292,-0.0994,-0.0083,0.0295,0.2934,-0.5946,0.1382
5.509329795837402,-0.0994,-0.0044,0.0335,0.2203,-0.5956,0.3278
5.509421110153198,-0.0993,0.0001,0.0362,0.0763,-0.5966,0.4469
5.509515047073364,-0.0992,0.0044,0.0366,-0.0738,-0.5976,0.4742
5.602365016937256,-0.099,0.0077,0.0345,-0.2008,-0.5986,0.4068
5.602505922317505,-0.0989,0.0094,0.0316,-0.2606,-0.5996,0.2809
5.602602005004883,-0.0988,0.0093,0.029,-0.301,-0.6006,0.1094
5.602696895599365,-0.0987,0.0076,0.0251,-0.3091,-0.6016,-0.0963
5.602787017822266,-0.0988,0.0044,0.0197,-0.2107,-0.6026,-0.2792
5.602886199951172,-0.0989,0.0003,0.0188,-0.0414,-0.6035,-0.362
5.602977991104126,-0.099,-0.0033,0.0193,0.0487,-0.6045,-0.3857
5.6030662059783936,-0.0991,-0.0061,0.0196,0.1852,-0.6055,-0.3215
5.603158950805664,-0.0992,-0.0074,0.0243,0.2826,-0.6065,-0.1613
5.695528030395508,-0.0993,-0.0067,0.029,0.2398,-0.6075,0.0051
5.695698976516724,-0.0993,-0.0047,0.0311,0.1637,-0.6085,0.1378
5.6958091259002686,-0.0992,-0.0019,0.0321,0.1486,-0.6095,0.2701
5.69591498374939,-0.0991,0.0013,0.0351,0.0954,-0.6105,0.3914
5.696012020111084,-0.099,0.0047,0.0369,-0.0437,-0.6115,0.4375
5.696105003356934,-0.0989,0.0076,0.0347,-0.1764,-0.6125,0.3837
5.69619607925415,-0.0987,0.009,0.0322,-0.2452,-0.6135,0.2688
5.6962890625,-0.0986,0.0089,0.0293,-0.3038,-0.6144,0.0948
5.69638204574585,-0.0986,0.0072,0.024,-0.3091,-0.6154,-0.1222
5.7887890338897705,-0.0987,0.0038,0.0206,-0.2402,-0.6164,-0.321
5.788931131362915,-0.0988,-0.0004,0.0176,-0.1628,-0.6174,-0.4949
5.789035081863403,-0.0989,-0.0051,0.0144,0.019,-0.6184,-0.5772
5.789126873016357,-0.0991,-0.0092,0.0158,0.2454,-0.6194,-0.5062
5.789222955703735,-0.0993,-0.0114,0.0215,0.3789,-0.6204,-0.31
5.789331912994385,-0.0994,-0.011,0.028,0.3394,-0.6214,-0.0928
5.789422035217285,-0.0994,-0.0086,0.0308,0.2801,-0.6224,0.1077
5.789509057998657,-0.0994,-0.005,0.0344,0.2257,-0.6234,0.3009
5.789596080780029,-0.0993,-0.0005,0.0371,0.0888,-0.6243,0.4276
5.789684057235718,-0.0991,0.0038,0.0373,-0.0608,-0.6253,0.4621
5.88631796836853,-0.099,0.0072,0.0351,-0.1861,-0.6263,0.4017
5.886455059051514,-0.0989,0.0089,0.0317,-0.2518,-0.6273,0.2756
5.88654899597168,-0.0988,0.0089,0.0286,-0.2883,-0.6283,0.1035
5.8866400718688965,-0.0987,0.0073,0.0243,-0.2846,-0.6293,-0.0986
5.886729955673218,-0.0988,0.0041,0.0213,-0.2203,-0.6303,-0.2825
5.886820077896118,-0.0989,0.0001,0.0186,-0.147,-0.6313,-0.4414
5.886914968490601,-0.099,-0.0042,0.0158,0.0124,-0.6323,-0.5207
5.887017011642456,-0.0992,-0.008,0.0168,0.2361,-0.6333,-0.4511
5.8871049880981445,-0.0993,-0.01,0.0225,0.3499,-0.6342,-0.2682
5.983044147491455,-0.0994,-0.0096,0.0277,0.3142,-0.6352,-0.0717
5.983183145523071,-0.0994,-0.0074,0.0308,0.2613,-0.6362,0.1145
5.98327898979187,-0.0994,-0.0041,0.0328,0.2166,-0.6372,0.2878
5.983368873596191,-0.0993,-0.0001,0.0358,0.179,-0.6382,0.4609
5.983464956283569,-0.0991,0.0045,0.0394,0.0087,-0.6392,0.5527
5.98355507850647,-0.099,0.0085,0.0377,-0.1985,-0.6402,0.5006
5.983643054962158,-0.0988,0.0108,0.0336,-0.2737,-0.6412,0.3721
5.983729124069214,-0.0987,0.0112,0.0315,-0.3282,-0.6422,0.193
5.983846187591553,-0.0986,0.0097,0.0269,-0.3654,-0.6432,-0.044
5.983944892883301,-0.0986,0.0064,0.0201,-0.2789,-0.6441,-0.276
6.074594974517822,-0.0987,0.0018,0.018,-0.0691,-0.6451,-0.3906
6.074733018875122,-0.0988,-0.0026,0.0191,0.0294,-0.6461,-0.4374
6.074840068817139,-0.099,-0.0061,0.0175,0.1635,-0.6471,-0.411
6.074941873550415,-0.0991,-0.0082,0.021,0.3292,-0.6481,-0.2541
6.075042009353638,-0.0992,-0.0083,0.0283,0.3295,-0.6491,-0.0452
6.07513689994812,-0.0992,-0.0062,0.0315,0.2288,-0.6501,0.1222
6.075232982635498,-0.0992,-0.0032,0.0332,0.1754,-0.6511,0.2696
6.0753278732299805,-0.0991,0.0004,0.0356,0.1033,-0.6521,0.3899
6.075424909591675,-0.099,0.0041,0.0377,-0.0234,-0.6531,0.445
6.173095941543579,-0.0988,0.0072,0.0363,-0.1557,-0.654,0.4065
6.173227071762085,-0.0987,0.009,0.0341,-0.2448,-0.655,0.296
6.1733198165893555,-0.0986,0.0092,0.0312,-0.3133,-0.656,0.1199
6.173409938812256,-0.0986,0.0076,0.0263,-0.3264,-0.657,-0.1004
6.17349910736084,-0.0986,0.0043,0.0204,-0.2216,-0.658,-0.2974
6.173595190048218,-0.0987,0.0001,0.0197,-0.0519,-0.659,-0.3933
6.1736838817596436,-0.0988,-0.0037,0.0202,0.0406,-0.66,-0.4287
6.1737730503082275,-0.0989,-0.0068,0.02,0.1897,-0.661,-0.3715
6.173861026763916,-0.0991,-0.0084,0.0245,0.3234,-0.6619,-0.197
6.1739490032196045,-0.0991,-0.0078,0.0307,0.2852,-0.6629,-0.0023
6.278386831283569,-0.0991,-0.0055,0.0334,0.1859,-0.6639,0.1486
6.27853798866272,-0.0991,-0.0024,0.0339,0.1548,-0.6649,0.2848
6.278641939163208,-0.099,0.0011,0.0369,0.1067,-0.6659,0.4139
6.278740882873535,-0.0989,0.0048,0.0394,-0.0372,-0.6669,0.4697
6.278844833374023,-0.0987,0.0079,0.0372,-0.1871,-0.6679,0.4147
6.278943061828613,-0.0986,0.0096,0.0346,-0.2658,-0.6689,0.2915
6.279040098190308,-0.0985,0.0096,0.0318,-0.3344,-0.6699,0.1038
6.2791428565979,-0.0984,0.0077,0.0265,-0.341,-0.6708,-0.1275
6.279242038726807,-0.0985,0.0042,0.0206,-0.2061,-0.6718,-0.3163
6.279342174530029,-0.0986,-0.0002,0.0206,-0.0391,-0.6728,-0.4007
6.378383159637451,-0.0987,-0.004,0.0203,0.0531,-0.6738,-0.4301
6.378550052642822,-0.0989,-0.007,0.0201,0.2126,-0.6748,-0.36
6.378664970397949,-0.099,-0.0084,0.025,0.3262,-0.6758,-0.1826
6.378777027130127,-0.099,-0.0077,0.0308,0.2739,-0.6768,0.0021
6.378874063491821,-0.099,-0.0054,0.0325,0.1836,-0.6778,0.1422
6.378968000411987,-0.099,-0.0024,0.0339,0.1545,-0.6787,0.2753
6.379060983657837,-0.0989,0.001,0.0364,0.0829,-0.6797,0.382
6.379155874252319,-0.0988,0.0044,0.0378,-0.0518,-0.6807,0.4142
6.379251956939697,-0.0986,0.0072,0.0358,-0.1704,-0.6817,0.3565
6.379345893859863,-0.0985,0.0085,0.0335,-0.236,-0.6827,0.2406
6.4799840450286865,-0.0984,0.0083,0.0308,-0.2917,-0.6837,0.0695
6.480144023895264,-0.0984,0.0065,0.0269,-0.2943,-0.6847,-0.133
6.4802539348602295,-0.0985,0.0032,0.022,-0.179,-0.6857,-0.2983
6.4803571701049805,-0.0986,-0.0006,0.0214,-0.0362,-0.6866,-0.378
6.480461120605469,-0.0987,-0.0041,0.0213,0.068,-0.6876,-0.3942
6.480561256408691,-0.0988,-0.0067,0.0221,0.2163,-0.6886,-0.3107
6.480659008026123,-0.0989,-0.0077,0.027,0.2889,-0.6896,-0.1463
6.480754852294922,-0.099,-0.0068,0.0314,0.2371,-0.6906,0.0167
6.4808509349823,-0.099,-0.0046,0.0324,0.1825,-0.6916,0.153
6.480947971343994,-0.0989,-0.0017,0.0348,0.1448,-0.6926,0.2834
6.481041193008423,-0.0988,0.0015,0.0364,0.0635,-0.6936,0.3751
6.579046964645386,-0.0987,0.0047,0.037,-0.0563,-0.6945,0.3954
6.579186916351318,-0.0986,0.0072,0.035,-0.1603,-0.6955,0.336
6.579302072525024,-0.0985,0.0083,0.0327,-0.2251,-0.6965,0.2187
6.579430818557739,-0.0984,0.0079,0.0299,-0.2751,-0.6975,0.0483
6.579535007476807,-0.0984,0.006,0.026,-0.2661,-0.6985,-0.1455
6.579642057418823,-0.0984,0.0028,0.0219,-0.1685,-0.6995,-0.3083
6.579744100570679,-0.0985,-0.001,0.0209,-0.0447,-0.7005,-0.4008
6.5798468589782715,-0.0986,-0.0046,0.0201,0.083,-0.7014,-0.419
6.579953908920288,-0.0988,-0.0073,0.0217,0.2431,-0.7024,-0.3244
6.5800559520721436,-0.0989,-0.0083,0.0273,0.3114,-0.7034,-0.1467
6.679137945175171,-0.0989,-0.0072,0.0315,0.2473,-0.7044,0.0205
6.679286956787109,-0.0989,-0.0049,0.0335,0.2003,-0.7054,0.1726
6.67940092086792,-0.0989,-0.0017,0.0358,0.1272,-0.7064,0.296
6.6795032024383545,-0.0988,0.0017,0.0374,0.0513,-0.7074,0.3837
6.679606914520264,-0.0987,0.0049,0.038,-0.0617,-0.7084,0.4048
6.679703950881958,-0.0985,0.0074,0.0363,-0.1673,-0.7093,0.3466
6.679800987243652,-0.0984,0.0086,0.0341,-0.238,-0.7103,0.2276
6.679898023605347,-0.0983,0.0082,0.0312,-0.2864,-0.7113,0.0565
6.679996967315674,-0.0983,0.0063,0.0264,-0.2691,-0.7123,-0.1394
6.680095911026001,-0.0984,0.003,0.0228,-0.1907,-0.7133,-0.313
6.779141187667847,-0.0985,-0.0009,0.021,-0.083,-0.7143,-0.4323
6.779292821884155,-0.0986,-0.0049,0.0194,0.0635,-0.7152,-0.4712
6.779407024383545,-0.0988,-0.008,0.0209,0.2471,-0.7162,-0.3831
6.779507875442505,-0.0989,-0.0093,0.0263,0.3548,-0.7172,-0.188
6.779611110687256,-0.0989,-0.0084,0.032,0.3063,-0.7182,0.0171
6.779707908630371,-0.0989,-0.0057,0.0344,0.216,-0.7192,0.1824
6.779804944992065,-0.0989,-0.0022,0.0361,0.1802,-0.7202,0.3389
6.7798991203308105,-0.0988,0.0018,0.0389,0.1005,-0.7212,0.466
6.7799952030181885,-0.0986,0.0058,0.0398,-0.0669,-0.7222,0.4942
6.780090093612671,-0.0985,0.0089,0.0373,-0.1994,-0.7231,0.4205
6.882914066314697,-0.0983,0.0103,0.0349,-0.29,-0.7241,0.2721
6.883046865463257,-0.0982,0.0099,0.0313,-0.3675,-0.7251,0.0474
6.8831799030303955,-0.0982,0.0074,0.0248,-0.3232,-0.7261,-0.1975
6.883272886276245,-0.0983,0.0032,0.0212,-0.1814,-0.7271,-0.3793
6.883365154266357,-0.0984,-0.0014,0.02,-0.0567,-0.7281,-0.4926
6.883460998535156,-0.0986,-0.0058,0.0182,0.11,-0.729,-0.5139
6.8835508823394775,-0.0987,-0.0091,0.0202,0.308,-0.73,-0.3954
6.88363790512085,-0.0989,-0.0102,0.0268,0.3995,-0.731,-0.1715
6.8837409019470215,-0.0989,-0.0088,0.0338,0.3087,-0.732,0.0443
6.883840084075928,-0.0989,-0.0057,0.0357,0.2242,-0.733,0.221
6.978035926818848,-0.0988,-0.0019,0.0381,0.152,-0.734,0.3706
6.978177070617676,-0.0987,0.0023,0.0402,0.0358,-0.735,0.4628
6.9782819747924805,-0.0986,0.0061,0.0395,-0.1153,-0.736,0.4545
6.9783830642700195,-0.0984,0.0087,0.037,-0.2261,-0.7369,0.3583
6.978482007980347,-0.0983,0.0096,0.0343,-0.3131,-0.7379,0.1868
6.978579998016357,-0.0982,0.0085,0.0297,-0.3518,-0.7389,-0.0434
6.978677988052368,-0.0982,0.0056,0.0242,-0.2702,-0.7399,-0.2624
6.9787750244140625,-0.0983,0.0013,0.0219,-0.1668,-0.7409,-0.4342
6.9788758754730225,-0.0985,-0.0033,0.0197,-0.0414,-0.7419,-0.5438
7.091024160385132,-0.0986,-0.0076,0.0193,0.1726,-0.7428,-0.5208
7.091157913208008,-0.0988,-0.0104,0.0229,0.3673,-0.7438,-0.3488
7.091253042221069,-0.0989,-0.0107,0.031,0.393,-0.7448,-0.1024
7.091341018676758,-0.099,-0.0085,0.0351,0.2849,-0.7458,0.1047
7.091434955596924,-0.0989,-0.0049,0.0376,0.1944,-0.7468,0.273
7.091530084609985,-0.0988,-0.0008,0.0389,0.088,-0.7478,0.3845
7.0916337966918945,-0.0987,0.0032,0.0397,-0.0114,-0.7488,0.4402
7.091740131378174,-0.0986,0.0065,0.0392,-0.1385,-0.7498,0.4117
7.0918309688568115,-0.0984,0.0086,0.0366,-0.2482,-0.7508,0.2956
7.091921091079712,-0.0983,0.0089,0.0335,-0.3223,-0.7517,0.1089
7.09201192855835,-0.0983,0.0073,0.0281,-0.3145,-0.7527,-0.1123
7.092103958129883,-0.0983,0.004,0.0245,-0.2045,-0.7537,-0.2906
7.189864873886108,-0.0984,-0.0,0.0234,-0.1523,-0.7547,-0.4461
7.190001964569092,-0.0986,-0.0044,0.0191,-0.0195,-0.7557,-0.5496
7.190109014511108,-0.0988,-0.0084,0.0196,0.2222,-0.7567,-0.4967
7.190204858779907,-0.0989,-0.0107,0.0245,0.3898,-0.7576,-0.3022
7.190294981002808,-0.099,-0.0105,0.0319,0.3772,-0.7586,-0.0629
7.190387964248657,-0.099,-0.0079,0.0353,0.2729,-0.7596,0.1351
7.190490007400513,-0.099,-0.0042,0.0375,0.1964,-0.7606,0.3016
7.190577983856201,-0.0989,-0.0,0.0396,0.1015,-0.7616,0.424
7.190665006637573,-0.0988,0.0041,0.0405,-0.0323,-0.7626,0.4696
7.190752029418945,-0.0986,0.0075,0.0391,-0.1636,-0.7636,0.4221
7.289012908935547,-0.0985,0.0093,0.0367,-0.2645,-0.7646,0.2932
7.289153099060059,-0.0984,0.0094,0.0327,-0.3391,-0.7656,0.0876
7.289257049560547,-0.0983,0.0074,0.027,-0.3158,-0.7665,-0.1458
7.2893500328063965,-0.0984,0.0038,0.0223,-0.1981,-0.7675,-0.3395
7.289446115493774,-0.0985,-0.0007,0.0216,-0.0666,-0.7685,-0.4564
7.289542198181152,-0.0987,-0.0049,0.0207,0.069,-0.7695,-0.4949
7.289632081985474,-0.0988,-0.0083,0.0215,0.263,-0.7705,-0.4043
7.289722204208374,-0.0989,-0.0097,0.0269,0.3937,-0.7715,-0.1922
7.289809942245483,-0.099,-0.0087,0.0338,0.3389,-0.7725,0.0343
7.289897918701172,-0.099,-0.0057,0.0379,0.2104,-0.7734,0.2084
7.388046979904175,-0.0989,-0.002,0.0385,0.0751,-0.7744,0.3016
7.388181924819946,-0.0988,0.0015,0.0377,0.0545,-0.7754,0.3785
7.388275861740112,-0.0987,0.0048,0.0409,-0.048,-0.7764,0.414
7.388365983963013,-0.0986,0.0074,0.0392,-0.2117,-0.7774,0.3326
7.388454914093018,-0.0985,0.0084,0.0355,-0.3001,-0.7784,0.1685
7.388552904129028,-0.0984,0.0075,0.0312,-0.3113,-0.7794,-0.0345
7.388645172119141,-0.0984,0.0049,0.0271,-0.2341,-0.7804,-0.2187
7.388735055923462,-0.0985,0.0013,0.0248,-0.1549,-0.7813,-0.3708
7.3888280391693115,-0.0986,-0.0027,0.0223,-0.0483,-0.7823,-0.4751
7.488086938858032,-0.0988,-0.0065,0.0212,0.1382,-0.7833,-0.4697
7.488241195678711,-0.0989,-0.0091,0.0237,0.314,-0.7843,-0.3345
7.488335132598877,-0.099,-0.0097,0.0298,0.3788,-0.7853,-0.1144
7.488430976867676,-0.0991,-0.0079,0.0357,0.2933,-0.7863,0.0934
7.488520860671997,-0.099,-0.0046,0.0386,0.2025,-0.7873,0.2655
7.4886109828948975,-0.099,-0.0006,0.04,0.109,-0.7883,0.3894
7.4886980056762695,-0.0988,0.0034,0.0415,0.002,-0.7892,0.4577
7.488786935806274,-0.0987,0.0068,0.0418,-0.1354,-0.7902,0.4416
7.488874912261963,-0.0985,0.0091,0.0398,-0.2636,-0.7912,0.329
7.488961935043335,-0.0984,0.0096,0.0361,-0.3584,-0.7922,0.1294
7.587158918380737,-0.0984,0.008,0.0296,-0.3271,-0.7932,-0.098
7.587295055389404,-0.0984,0.0046,0.0266,-0.2269,-0.7942,-0.2846
7.587390899658203,-0.0985,0.0005,0.0244,-0.1469,-0.7952,-0.4384
7.5874810218811035,-0.0987,-0.004,0.0212,0.0126,-0.7961,-0.5153
7.587569952011108,-0.0988,-0.0078,0.0225,0.2171,-0.7971,-0.4533
7.587658882141113,-0.099,-0.0099,0.0265,0.3669,-0.7981,-0.2678
7.587754011154175,-0.0991,-0.0095,0.0339,0.3933,-0.7991,-0.0119
7.587846040725708,-0.0991,-0.0068,0.04,0.2689,-0.8001,0.2089
7.587945938110352,-0.099,-0.0027,0.04,0.1473,-0.8011,0.3533
7.588032007217407,-0.0989,0.0015,0.0413,0.1582,-0.8021,0.5171
7.686187982559204,-0.0987,0.0061,0.0459,0.0037,-0.8031,0.6162
7.686308145523071,-0.0985,0.0103,0.044,-0.2294,-0.8041,0.5543
7.686405181884766,-0.0983,0.0126,0.0402,-0.39,-0.805,0.3624
7.686495065689087,-0.0982,0.0124,0.0331,-0.4452,-0.806,0.0837
7.686583995819092,-0.0982,0.0095,0.027,-0.3784,-0.807,-0.1975
7.68668007850647,-0.0982,0.0047,0.0218,-0.2452,-0.808,-0.4329
7.686769962310791,-0.0984,-0.0009,0.0201,-0.0584,-0.809,-0.5641
7.686858892440796,-0.0986,-0.0061,0.0203,0.1449,-0.81,-0.5659
7.6869471073150635,-0.0988,-0.0098,0.0232,0.3333,-0.8109,-0.4278
7.687035083770752,-0.0989,-0.011,0.0285,0.4524,-0.8119,-0.1763
7.787768125534058,-0.0989,-0.0095,0.0366,0.4183,-0.8129,0.1119
7.787901878356934,-0.0989,-0.0055,0.0422,0.243,-0.8139,0.3294
7.788002967834473,-0.0988,-0.0007,0.0416,0.0848,-0.8149,0.443
7.788098096847534,-0.0987,0.0039,0.0428,0.0052,-0.8159,0.5168
7.788205146789551,-0.0985,0.0077,0.0442,-0.1806,-0.8169,0.4827
7.78830099105835,-0.0983,0.0101,0.0408,-0.3701,-0.8179,0.3033
7.7883970737457275,-0.0982,0.01,0.0329,-0.4054,-0.8188,0.0445
7.788494110107422,-0.0982,0.0075,0.0281,-0.3088,-0.8198,-0.1879
7.788589954376221,-0.0983,0.0034,0.025,-0.2322,-0.8208,-0.3964
7.788686990737915,-0.0984,-0.0015,0.0218,-0.1084,-0.8218,-0.5506
7.901180982589722,-0.0986,-0.0064,0.0202,0.1107,-0.8228,-0.5782
7.90136194229126,-0.0988,-0.0101,0.0235,0.3221,-0.8238,-0.4485
7.9014670848846436,-0.0989,-0.0115,0.0284,0.4451,-0.8247,-0.2059
7.901562213897705,-0.099,-0.01,0.0358,0.4427,-0.8257,0.0889
7.901654005050659,-0.099,-0.0062,0.0414,0.2923,-0.8267,0.3288
7.901745080947876,-0.0989,-0.0011,0.0425,0.1902,-0.8277,0.5142
7.901839017868042,-0.0987,0.0042,0.0456,0.0443,-0.8287,0.631
7.90192985534668,-0.0985,0.0091,0.0461,-0.1885,-0.8297,0.6037
7.902019023895264,-0.0983,0.0123,0.0433,-0.4065,-0.8307,0.417
7.902108192443848,-0.0982,0.0127,0.0351,-0.4742,-0.8316,0.1288
7.902205944061279,-0.0981,0.0101,0.0283,-0.4029,-0.8326,-0.1644
7.90230393409729,-0.0982,0.0055,0.0248,-0.2796,-0.8336,-0.406
8.009949922561646,-0.0983,-0.0001,0.022,-0.1855,-0.8346,-0.6108
8.010113000869751,-0.0985,-0.006,0.0188,0.0583,-0.8356,-0.6849
8.010215997695923,-0.0987,-0.0109,0.0212,0.3579,-0.8366,-0.5519
8.010310888290405,-0.0989,-0.013,0.0284,0.5094,-0.8376,-0.2713
8.010417938232422,-0.099,-0.0118,0.0366,0.5099,-0.8385,0.0686
8.010509014129639,-0.099,-0.0076,0.0438,0.3638,-0.8395,0.3683
8.010599851608276,-0.0988,-0.0017,0.0461,0.2454,-0.8405,0.6122
8.010689973831177,-0.0986,0.0048,0.0501,0.0914,-0.8415,0.7893
8.010780096054077,-0.0984,0.011,0.0517,-0.2046,-0.8425,0.7905
8.010883092880249,-0.0981,0.0154,0.048,-0.4964,-0.8435,0.5792
8.010973930358887,-0.0979,0.0165,0.0387,-0.6083,-0.8445,0.2294
8.116797924041748,-0.0979,0.0138,0.0293,-0.5397,-0.8454,-0.145
8.116934061050415,-0.0979,0.0082,0.0231,-0.3327,-0.8464,-0.434
8.117037057876587,-0.0981,0.0015,0.0215,-0.1496,-0.8474,-0.6206
8.117141008377075,-0.0983,-0.005,0.0197,0.0346,-0.8484,-0.7058
8.117254972457886,-0.0985,-0.0104,0.02,0.3066,-0.8494,-0.6173
8.117371797561646,-0.0987,-0.0133,0.0267,0.5376,-0.8503,-0.3333
8.117458820343018,-0.0988,-0.0125,0.0362,0.5596,-0.8513,0.0326
8.117547035217285,-0.0988,-0.0085,0.0434,0.4374,-0.8523,0.3741
8.117637157440186,-0.0987,-0.0023,0.0478,0.2715,-0.8533,0.6438
8.11772108078003,-0.0985,0.0047,0.0515,0.0672,-0.8543,0.8124
8.221166133880615,-0.0982,0.0112,0.0528,-0.2539,-0.8553,0.7865
8.221315145492554,-0.0979,0.0155,0.0466,-0.5391,-0.8563,0.5346
8.22140908241272,-0.0978,0.0161,0.0366,-0.6251,-0.8572,0.1561
8.22149920463562,-0.0977,0.0128,0.0265,-0.461,-0.8582,-0.1911
8.221589088439941,-0.0978,0.0071,0.0247,-0.2771,-0.8592,-0.4361
8.221683979034424,-0.0979,0.0007,0.0215,-0.1952,-0.8602,-0.6555
8.221773147583008,-0.0981,-0.0059,0.0179,0.0473,-0.8611,-0.7487
8.221863985061646,-0.0984,-0.0114,0.0207,0.3138,-0.8621,-0.6537
8.221951961517334,-0.0986,-0.0144,0.0255,0.5125,-0.8631,-0.3979
8.222042083740234,-0.0987,-0.0139,0.0342,0.5795,-0.8641,-0.0371
8.222138166427612,-0.0987,-0.0101,0.0419,0.4931,-0.8651,0.3253
8.323627948760986,-0.0986,-0.0039,0.048,0.3348,-0.8661,0.6331
8.323773860931396,-0.0984,0.0034,0.0523,0.1052,-0.8671,0.8278
8.323866128921509,-0.0981,0.0105,0.0539,-0.2401,-0.868,0.8154
8.32395601272583,-0.0979,0.0153,0.0476,-0.5298,-0.869,0.5736
8.324049234390259,-0.0977,0.0163,0.0371,-0.616,-0.87,0.2018
8.324138879776001,-0.0976,0.0134,0.0278,-0.4646,-0.871,-0.1405
8.324233055114746,-0.0977,0.008,0.025,-0.3096,-0.872,-0.4066
8.324351072311401,-0.0978,0.0016,0.0215,-0.1787,-0.8729,-0.618
8.324447870254517,-0.098,-0.0049,0.0188,0.0506,-0.8739,-0.7051
8.324537992477417,-0.0982,-0.0103,0.0215,0.2819,-0.8749,-0.6271
8.33648419380188,-0.0984,-0.0133,0.0252,0.4561,-0.8759,-0.4119
8.440306901931763,-0.0986,-0.0133,0.0331,0.5501,-0.8769,-0.0804
8.440445899963379,-0.0986,-0.0101,0.0412,0.4722,-0.8778,0.2609
8.440540075302124,-0.0985,-0.0045,0.0475,0.279,-0.8788,0.5256
8.440626859664917,-0.0983,0.0019,0.0495,0.0536,-0.8798,0.6635
8.440713882446289,-0.0981,0.0078,0.0491,-0.1827,-0.8808,0.6495
8.44080400466919,-0.0979,0.0118,0.0456,-0.4014,-0.8818,0.4717
8.440897941589355,-0.0978,0.0129,0.0375,-0.4994,-0.8828,0.173
8.441011905670166,-0.0977,0.0107,0.0301,-0.3789,-0.8837,-0.1025
8.441102027893066,-0.0977,0.0065,0.0263,-0.2201,-0.8847,-0.3058
8.441190958023071,-0.0978,0.0016,0.0259,-0.0669,-0.8857,-0.416
8.44129204750061,-0.098,-0.003,0.0258,0.0233,-0.8867,-0.4718
8.545064926147461,-0.0981,-0.0067,0.0258,0.1784,-0.8877,-0.4301
8.54521894454956,-0.0983,-0.0089,0.0293,0.3183,-0.8886,-0.2746
8.545329093933105,-0.0984,-0.0089,0.0345,0.3821,-0.8896,-0.0414
8.545429944992065,-0.0984,-0.0066,0.0405,0.334,-0.8906,0.205
8.545531988143921,-0.0983,-0.0026,0.0446,0.2226,-0.8916,0.4116
8.545629978179932,-0.0982,0.0022,0.0468,0.1001,-0.8926,0.5576
8.545727014541626,-0.098,0.007,0.0489,-0.1015,-0.8935,0.5909
8.545822858810425,-0.0978,0.0106,0.0467,-0.3292,-0.8945,0.4635
8.54591989517212,-0.0976,0.012,0.0393,-0.4184,-0.8955,0.2266
8.54601502418518,-0.0976,0.0106,0.0331,-0.3238,-0.8965,0.0051
8.65014100074768,-0.0976,0.0075,0.03,-0.2381,-0.8975,-0.185
8.650292873382568,-0.0976,0.0034,0.0284,-0.1498,-0.8984,-0.3323
8.65039610862732,-0.0977,-0.0008,0.0271,-0.129,-0.8994,-0.4791
8.650488138198853,-0.0979,-0.0053,0.0231,0.025,-0.9004,-0.5575
8.650583982467651,-0.0981,-0.0091,0.0257,0.2415,-0.9014,-0.4804
8.650674819946289,-0.0982,-0.0111,0.0303,0.3211,-0.9023,-0.3204
8.650766134262085,-0.0983,-0.0109,0.0336,0.3645,-0.9033,-0.1095
8.650853157043457,-0.0984,-0.0087,0.0385,0.3859,-0.9043,0.1519
8.65093994140625,-0.0983,-0.0046,0.0452,0.2957,-0.9053,0.4055
8.651026010513306,-0.0982,0.0007,0.0483,0.102,-0.9063,0.5593
8.651113033294678,-0.098,0.006,0.0491,-0.0932,-0.9073,0.5958
8.743507862091064,-0.0978,0.01,0.0471,-0.3013,-0.9082,0.4862
8.743654012680054,-0.0977,0.0117,0.0396,-0.378,-0.9092,0.2745
8.743757963180542,-0.0976,0.0109,0.0352,-0.3263,-0.9102,0.0635
8.743853092193604,-0.0975,0.0082,0.0322,-0.2871,-0.9112,-0.145
8.743962049484253,-0.0976,0.0044,0.0281,-0.2207,-0.9121,-0.3432
8.744055986404419,-0.0977,-0.0003,0.0255,-0.0702,-0.9131,-0.4661
8.744148015975952,-0.0979,-0.0048,0.0251,0.1158,-0.9141,-0.4747
8.744240045547485,-0.098,-0.008,0.0286,0.2725,-0.9151,-0.3593
8.744332075119019,-0.0981,-0.0091,0.0335,0.3109,-0.9161,-0.185
8.836221933364868,-0.0982,-0.0082,0.0371,0.2901,-0.917,0.0024
8.836356163024902,-0.0982,-0.0057,0.0407,0.2692,-0.918,0.2027
8.836448907852173,-0.0981,-0.002,0.0447,0.1765,-0.919,0.3746
8.836534976959229,-0.098,0.0023,0.0468,0.0431,-0.92,0.4774
8.836621046066284,-0.0978,0.0062,0.0466,-0.1205,-0.921,0.476
8.836709022521973,-0.0977,0.009,0.0431,-0.2306,-0.9219,0.3801
8.83681607246399,-0.0976,0.01,0.0399,-0.2734,-0.9229,0.234
8.836902141571045,-0.0975,0.0093,0.0367,-0.3076,-0.9239,0.0423
8.836989879608154,-0.0975,0.0069,0.0323,-0.2928,-0.9249,-0.1732
8.929625988006592,-0.0975,0.0032,0.0273,-0.1659,-0.9258,-0.3456
8.929811954498291,-0.0976,-0.0012,0.026,-0.009,-0.9268,-0.4289
8.929925203323364,-0.0978,-0.005,0.0258,0.1422,-0.9278,-0.4183
8.930032014846802,-0.0979,-0.0076,0.029,0.2887,-0.9288,-0.2924
8.930137157440186,-0.098,-0.0082,0.0346,0.3118,-0.9298,-0.1118
8.930238008499146,-0.0981,-0.0068,0.0379,0.2511,-0.9307,0.0537
8.930339097976685,-0.098,-0.0042,0.0409,0.1845,-0.9317,0.1991
8.930438995361328,-0.098,-0.001,0.0427,0.07,-0.9327,0.2855
8.93053412437439,-0.0979,0.0021,0.0417,0.0173,-0.9337,0.3325
8.930630922317505,-0.0978,0.0047,0.0432,-0.0551,-0.9346,0.3445
9.024564027786255,-0.0977,0.0066,0.0418,-0.1706,-0.9356,0.2734
9.024710893630981,-0.0976,0.0073,0.0388,-0.2278,-0.9366,0.1439
9.024821996688843,-0.0975,0.0065,0.0361,-0.2398,-0.9376,-0.0134
9.024919033050537,-0.0975,0.0044,0.0334,-0.2085,-0.9386,-0.1717
9.025029182434082,-0.0976,0.0014,0.0306,-0.171,-0.9395,-0.328
9.025124073028564,-0.0977,-0.0022,0.028,-0.073,-0.9405,-0.442
9.025217056274414,-0.0978,-0.0058,0.0271,0.1025,-0.9415,-0.4517
9.025308847427368,-0.098,-0.0085,0.0299,0.2721,-0.9425,-0.3334
9.02540111541748,-0.0981,-0.0092,0.0358,0.3088,-0.9434,-0.1499
9.118404150009155,-0.0981,-0.0079,0.0394,0.2558,-0.9444,0.0252
9.118544101715088,-0.0981,-0.0053,0.0425,0.2028,-0.9454,0.1898
9.11864185333252,-0.0981,-0.0018,0.0449,0.0835,-0.9464,0.2968
9.118734121322632,-0.098,0.0016,0.0441,0.0133,-0.9474,0.3543
9.118824005126953,-0.0979,0.0046,0.0451,-0.0622,-0.9483,0.3722
9.118918895721436,-0.0977,0.0068,0.0435,-0.1774,-0.9493,0.3059
9.119020938873291,-0.0976,0.0078,0.0406,-0.2429,-0.9503,0.1766
9.119109153747559,-0.0976,0.0072,0.0373,-0.2622,-0.9513,0.0105
9.11919903755188,-0.0976,0.0051,0.0331,-0.2424,-0.9523,-0.1739
9.213115930557251,-0.0976,0.0019,0.0291,-0.1274,-0.9532,-0.3154
9.213293075561523,-0.0977,-0.0018,0.0276,-0.0166,-0.9542,-0.3987
9.213404893875122,-0.0979,-0.0051,0.0268,0.1191,-0.9552,-0.4023
9.213508129119873,-0.098,-0.0075,0.0295,0.2669,-0.9562,-0.2928
9.213608980178833,-0.0981,-0.0081,0.0351,0.3019,-0.9571,-0.1212
9.213709115982056,-0.0981,-0.0069,0.0387,0.2363,-0.9581,0.0338
9.213807106018066,-0.0981,-0.0045,0.0406,0.2076,-0.9591,0.1855
9.213905096054077,-0.0981,-0.0013,0.0439,0.1421,-0.9601,0.3202
9.214001178741455,-0.098,0.0022,0.046,0.0423,-0.9611,0.408
9.214098930358887,-0.0978,0.0055,0.0461,-0.0771,-0.962,0.4213
9.308160066604614,-0.0977,0.008,0.0446,-0.177,-0.963,0.3605
9.308318853378296,-0.0976,0.0091,0.0421,-0.2547,-0.964,0.2323
9.308425903320312,-0.0975,0.0086,0.0388,-0.3063,-0.965,0.047
9.308531045913696,-0.0975,0.0065,0.0344,-0.2827,-0.9659,-0.1566
9.308640003204346,-0.0975,0.003,0.0301,-0.1701,-0.9669,-0.3208
9.308737993240356,-0.0976,-0.001,0.0288,-0.0361,-0.9679,-0.4102
9.308831930160522,-0.0978,-0.0047,0.0282,0.1055,-0.9689,-0.4156
9.308925867080688,-0.0979,-0.0073,0.0298,0.2716,-0.9699,-0.304
9.3090181350708,-0.098,-0.0081,0.0357,0.3448,-0.9708,-0.1035
9.402841091156006,-0.098,-0.0067,0.041,0.2661,-0.9718,0.0848
9.40297794342041,-0.098,-0.0039,0.0428,0.2028,-0.9728,0.2468
9.403073072433472,-0.0979,-0.0003,0.0454,0.1348,-0.9738,0.3857
9.403160095214844,-0.0978,0.0036,0.0476,0.0156,-0.9748,0.4653
9.403247117996216,-0.0976,0.007,0.0466,-0.1201,-0.9757,0.4521
9.40333890914917,-0.0975,0.0093,0.0448,-0.2358,-0.9767,0.3525
9.40342903137207,-0.0974,0.01,0.0419,-0.3353,-0.9777,0.1686
9.403517007827759,-0.0973,0.0086,0.0359,-0.3455,-0.9787,-0.066
9.403604984283447,-0.0974,0.0054,0.0315,-0.2544,-0.9796,-0.2755
9.403692960739136,-0.0974,0.0011,0.0289,-0.1518,-0.9806,-0.4407
9.506716251373291,-0.0976,-0.0035,0.0266,0.0078,-0.9816,-0.5227
9.506866931915283,-0.0978,-0.0076,0.0272,0.2204,-0.9826,-0.466
9.506968021392822,-0.0979,-0.0098,0.0309,0.3848,-0.9835,-0.2782
9.507065057754517,-0.098,-0.0096,0.0386,0.4103,-0.9845,-0.0184
9.507155895233154,-0.098,-0.0069,0.0444,0.2832,-0.9855,0.2023
9.50724720954895,-0.0979,-0.0029,0.0454,0.2175,-0.9865,0.3895
9.507349967956543,-0.0978,0.0018,0.0483,0.1517,-0.9874,0.5585
9.50745177268982,-0.0976,0.0067,0.0508,-0.04,-0.9884,0.6246
9.507548809051514,-0.0974,0.0108,0.0488,-0.233,-0.9894,0.5536
9.507645845413208,-0.0972,0.0129,0.0458,-0.3965,-0.9904,0.3574
9.60074496269226,-0.0971,0.0125,0.0392,-0.4702,-0.9913,0.0655
9.600884914398193,-0.0971,0.0094,0.0316,-0.3891,-0.9923,-0.2307
9.600986003875732,-0.0972,0.0043,0.0287,-0.2526,-0.9933,-0.4631
9.601083040237427,-0.0973,-0.0015,0.0256,-0.1555,-0.9943,-0.659
9.60117506980896,-0.0975,-0.0075,0.0217,0.1228,-0.9952,-0.7068
9.601275205612183,-0.0978,-0.0121,0.0257,0.4264,-0.9962,-0.5331
9.601367950439453,-0.098,-0.0137,0.0332,0.5669,-0.9972,-0.2162
9.601460933685303,-0.098,-0.0117,0.0431,0.5027,-0.9982,0.131
9.601557970046997,-0.098,-0.0069,0.0475,0.3274,-0.9992,0.3989
9.601655960083008,-0.0978,-0.0009,0.0499,0.2178,-1.0001,0.617
9.701425075531006,-0.0976,0.0054,0.0538,0.0313,-1.0011,0.7466
9.701584100723267,-0.0974,0.011,0.0536,-0.2314,-1.0021,0.7084
9.701694965362549,-0.0972,0.0146,0.0497,-0.4713,-1.0031,0.4896
9.701792001724243,-0.097,0.015,0.0412,-0.5636,-1.004,0.1503
9.701894044876099,-0.097,0.012,0.0325,-0.4903,-1.005,-0.2057
9.701986074447632,-0.097,0.0064,0.0268,-0.2821,-1.006,-0.4719
9.702080011367798,-0.0972,-0.0001,0.0261,-0.157,-1.0069,-0.6671
9.702172040939331,-0.0974,-0.0066,0.0223,0.0603,-1.0079,-0.7534
9.702263116836548,-0.0976,-0.012,0.023,0.3974,-1.0089,-0.6204
9.702353239059448,-0.0979,-0.0144,0.0316,0.6134,-1.0099,-0.2883
9.800267934799194,-0.0979,-0.0129,0.0414,0.6227,-1.0108,0.1203
9.800412893295288,-0.0979,-0.0079,0.0503,0.4425,-1.0118,0.4794
9.800529956817627,-0.0977,-0.0008,0.0533,0.252,-1.0128,0.7414
9.800620079040527,-0.0975,0.0066,0.0563,0.0209,-1.0138,0.8803
9.800717115402222,-0.0972,0.0132,0.0575,-0.3269,-1.0147,0.8071
9.800806045532227,-0.097,0.0171,0.0501,-0.6016,-1.0157,0.5056
9.800897121429443,-0.0968,0.0169,0.0377,-0.6291,-1.0167,0.0979
9.801002979278564,-0.0968,0.0128,0.0286,-0.4199,-1.0177,-0.2424
9.801109075546265,-0.0968,0.0066,0.0276,-0.2361,-1.0186,-0.4755
9.801201105117798,-0.097,-0.0,0.0254,-0.1642,-1.0196,-0.6828
9.899521112442017,-0.0972,-0.0067,0.021,0.0984,-1.0206,-0.7566
9.899686813354492,-0.0975,-0.012,0.0251,0.384,-1.0215,-0.6206
9.899803161621094,-0.0977,-0.0145,0.0305,0.5499,-1.0225,-0.34
9.899898052215576,-0.0978,-0.0135,0.0393,0.6048,-1.0235,0.0389
9.900007963180542,-0.0978,-0.009,0.0475,0.5026,-1.0245,0.4134
9.900099992752075,-0.0976,-0.0023,0.053,0.3739,-1.0254,0.7483
9.900187015533447,-0.0974,0.0057,0.0593,0.1167,-1.0264,0.9674
9.900276899337769,-0.0971,0.0134,0.0603,-0.2988,-1.0274,0.9301
9.900366067886353,-0.0968,0.0185,0.0531,-0.6231,-1.0284,0.6348
9.900455951690674,-0.0966,0.0191,0.0401,-0.632,-1.0293,0.241
10.001657009124756,-0.0965,0.0157,0.0346,-0.5113,-1.0303,-0.1165
10.001811981201172,-0.0965,0.0099,0.03,-0.3979,-1.0313,-0.4374
10.001923084259033,-0.0967,0.0026,0.025,-0.2318,-1.0322,-0.6921
10.002021074295044,-0.0969,-0.0049,0.0219,0.0858,-1.0332,-0.7688
10.002135038375854,-0.0971,-0.0109,0.0256,0.4201,-1.0342,-0.6078
10.002233028411865,-0.0973,-0.0136,0.0354,0.5297,-1.0351,-0.3075
10.002328157424927,-0.0974,-0.0125,0.0404,0.5067,-1.0361,0.0139
10.002420902252197,-0.0974,-0.0086,0.046,0.4696,-1.0371,0.3535
10.002524137496948,-0.0973,-0.0026,0.0529,0.3217,-1.0381,0.651
10.002620935440063,-0.0971,0.0045,0.0578,0.0755,-1.039,0.8291
10.103770017623901,-0.0968,0.0113,0.0579,-0.255,-1.04,0.7988
10.103918075561523,-0.0966,0.0157,0.0497,-0.4543,-1.041,0.5838
10.104028940200806,-0.0964,0.0167,0.0442,-0.4927,-1.0419,0.3051
10.104130983352661,-0.0963,0.0146,0.0391,-0.5177,-1.0429,-0.0279
10.104224920272827,-0.0963,0.01,0.0313,-0.4053,-1.0439,-0.347
10.104338884353638,-0.0964,0.0036,0.0275,-0.2078,-1.0448,-0.5707
10.104445934295654,-0.0966,-0.003,0.0252,0.0155,-1.0458,-0.6707
10.104542016983032,-0.0968,-0.0087,0.0264,0.2853,-1.0467,-0.5922
10.104643106460571,-0.097,-0.0118,0.0311,0.5008,-1.0477,-0.3425
10.104748010635376,-0.0971,-0.0116,0.0409,0.5051,-1.0487,-0.0203
10.207235097885132,-0.0971,-0.0083,0.0466,0.3472,-1.0497,0.2426
10.207392930984497,-0.097,-0.0035,0.0487,0.227,-1.0506,0.4454
10.207495927810669,-0.0969,0.0019,0.0514,0.1151,-1.0516,0.599
10.207604885101318,-0.0967,0.0072,0.053,-0.0906,-1.0526,0.634
10.20770001411438,-0.0965,0.0112,0.0507,-0.2776,-1.0535,0.5342
10.207793235778809,-0.0963,0.0131,0.0469,-0.4289,-1.0545,0.3105
10.207887172698975,-0.0962,0.0122,0.0392,-0.4697,-1.0555,0.0047
10.207979917526245,-0.0962,0.0086,0.0325,-0.3599,-1.0564,-0.2805
10.208073854446411,-0.0963,0.0033,0.0292,-0.1872,-1.0574,-0.4817
10.208172082901001,-0.0965,-0.0024,0.0271,-0.0108,-1.0583,-0.5874
10.322381019592285,-0.0967,-0.0074,0.0276,0.2136,-1.0593,-0.5482
10.322536945343018,-0.0968,-0.0105,0.0316,0.395,-1.0603,-0.3657
10.322643995285034,-0.097,-0.0109,0.0387,0.4762,-1.0613,-0.0805
10.322744131088257,-0.097,-0.0084,0.0463,0.3721,-1.0622,0.1932
10.322854042053223,-0.0969,-0.004,0.0496,0.1938,-1.0632,0.3784
10.322942972183228,-0.0968,0.0009,0.0496,0.0793,-1.0642,0.4922
10.323034048080444,-0.0966,0.0054,0.0513,-0.0578,-1.0651,0.5326
10.32312297821045,-0.0965,0.009,0.0504,-0.2608,-1.0661,0.4376
10.323214054107666,-0.0963,0.0106,0.0455,-0.4179,-1.0671,0.2068
10.323314905166626,-0.0963,0.0094,0.0383,-0.4075,-1.068,-0.0695
10.323407173156738,-0.0963,0.0059,0.0339,-0.2896,-1.069,-0.3038
10.32350206375122,-0.0964,0.0012,0.0315,-0.2081,-1.0699,-0.5061
10.42345905303955,-0.0965,-0.0041,0.0272,-0.0366,-1.0709,-0.6321
10.423611164093018,-0.0967,-0.009,0.0278,0.2357,-1.0719,-0.5809
10.423718929290771,-0.0969,-0.012,0.0327,0.4242,-1.0728,-0.3755
10.423819065093994,-0.0971,-0.0121,0.0396,0.4852,-1.0738,-0.0813
10.42392611503601,-0.0971,-0.0092,0.0479,0.3549,-1.0748,0.1893
10.424026012420654,-0.097,-0.0046,0.0495,0.2334,-1.0758,0.3956
10.424124956130981,-0.0969,0.0006,0.0517,0.1517,-1.0767,0.5688
10.424216985702515,-0.0967,0.006,0.0545,-0.0466,-1.0777,0.6372
10.424309968948364,-0.0965,0.0104,0.0529,-0.2597,-1.0787,0.559
10.424401044845581,-0.0963,0.0127,0.0492,-0.4334,-1.0796,0.3432
10.436491012573242,-0.0962,0.0123,0.0414,-0.4842,-1.0806,0.038
10.538707971572876,-0.0962,0.009,0.0349,-0.3977,-1.0815,-0.2595
10.53888988494873,-0.0963,0.0037,0.0304,-0.282,-1.0825,-0.5184
10.539002180099487,-0.0965,-0.0024,0.0264,-0.1039,-1.0835,-0.6955
10.539107084274292,-0.0967,-0.0085,0.0247,0.1777,-1.0844,-0.7066
10.539205074310303,-0.0969,-0.0128,0.0291,0.431,-1.0854,-0.5254
10.539302825927734,-0.0971,-0.0141,0.0367,0.5523,-1.0864,-0.2131
10.53940200805664,-0.0971,-0.012,0.046,0.4732,-1.0874,0.1159
10.539499044418335,-0.0971,-0.0072,0.0502,0.2867,-1.0883,0.3577
10.539597034454346,-0.097,-0.0016,0.0508,0.2157,-1.0893,0.5611
10.53970193862915,-0.0968,0.0044,0.0556,0.0491,-1.0903,0.6949
10.53980016708374,-0.0966,0.0098,0.0551,-0.2147,-1.0912,0.6581
10.638169050216675,-0.0964,0.0133,0.0516,-0.4027,-1.0922,0.4767
10.638292074203491,-0.0962,0.014,0.0451,-0.5066,-1.0932,0.1822
10.638404130935669,-0.0962,0.0115,0.0367,-0.4557,-1.0941,-0.1416
10.638513803482056,-0.0962,0.0067,0.0306,-0.3221,-1.0951,-0.4257
10.638612985610962,-0.0963,0.0005,0.0275,-0.1129,-1.096,-0.601
10.638720989227295,-0.0965,-0.0055,0.0265,0.1063,-1.097,-0.6464
10.638820171356201,-0.0967,-0.0101,0.0286,0.3379,-1.098,-0.5305
10.638917207717896,-0.0969,-0.0123,0.0345,0.4996,-1.0989,-0.2694
10.639012098312378,-0.097,-0.0112,0.0439,0.4917,-1.0999,0.0539
10.737640857696533,-0.097,-0.0073,0.0494,0.3173,-1.1009,0.3068
10.737763166427612,-0.0969,-0.0021,0.0503,0.2166,-1.1019,0.5042
10.737873077392578,-0.0967,0.0034,0.0542,0.1039,-1.1028,0.6603
10.737977981567383,-0.0965,0.0088,0.0555,-0.1436,-1.1038,0.6689
10.738070011138916,-0.0963,0.0127,0.0525,-0.3632,-1.1047,0.5162
10.738175868988037,-0.0961,0.0139,0.0456,-0.4903,-1.1057,0.2328
10.738270044326782,-0.096,0.012,0.0385,-0.4733,-1.1067,-0.0916
10.738363027572632,-0.0961,0.0075,0.0326,-0.3475,-1.1076,-0.3805
10.73845911026001,-0.0962,0.0016,0.03,-0.2166,-1.1086,-0.6073
10.738554000854492,-0.0964,-0.0048,0.0262,-0.0027,-1.1096,-0.7277
10.838310241699219,-0.0966,-0.0105,0.027,0.3158,-1.1105,-0.6404
10.838454008102417,-0.0968,-0.0136,0.0339,0.5231,-1.1115,-0.3716
10.838572025299072,-0.097,-0.0131,0.0427,0.5581,-1.1125,-0.0178
10.838670015335083,-0.097,-0.0094,0.0512,0.4071,-1.1134,0.3018
10.838768005371094,-0.0969,-0.0036,0.0536,0.2159,-1.1144,0.5184
10.838867902755737,-0.0967,0.0025,0.0554,0.0863,-1.1154,0.6681
10.838964939117432,-0.0965,0.0083,0.0575,-0.1313,-1.1163,0.6956
10.839060068130493,-0.0963,0.0126,0.0557,-0.4057,-1.1173,0.5355
10.839154958724976,-0.0961,0.014,0.0474,-0.5346,-1.1183,0.2336
10.839252948760986,-0.096,0.0121,0.0388,-0.4852,-1.1192,-0.0991
10.93803596496582,-0.096,0.0075,0.0321,-0.3282,-1.1202,-0.3815
10.938156127929688,-0.0962,0.0015,0.0303,-0.1041,-1.1211,-0.5358
10.938267230987549,-0.0963,-0.0042,0.0299,0.0421,-1.1221,-0.6029
10.938368082046509,-0.0965,-0.0088,0.0292,0.2709,-1.1231,-0.5305
10.938462972640991,-0.0967,-0.0113,0.0352,0.464,-1.124,-0.2926
10.938565015792847,-0.0968,-0.0108,0.0424,0.489,-1.125,0.0137
10.938662052154541,-0.0968,-0.0074,0.0493,0.3829,-1.126,0.3025
10.938758134841919,-0.0967,-0.0022,0.0529,0.2247,-1.1269,0.5177
10.938852071762085,-0.0965,0.0035,0.0548,0.0808,-1.1279,0.6573
10.938946962356567,-0.0963,0.0088,0.0565,-0.1706,-1.1289,0.65
11.037487030029297,-0.0961,0.0125,0.0525,-0.4292,-1.1298,0.4491
11.037641048431396,-0.096,0.0131,0.0441,-0.5087,-1.1308,0.1375
11.037743091583252,-0.0959,0.0105,0.036,-0.4353,-1.1317,-0.1865
11.037853002548218,-0.096,0.0056,0.0322,-0.2751,-1.1327,-0.4377
11.037950038909912,-0.0961,-0.0004,0.0304,-0.1722,-1.1337,-0.64
11.038045883178711,-0.0963,-0.0065,0.0271,0.0499,-1.1346,-0.7266
11.038141965866089,-0.0966,-0.0116,0.0286,0.3506,-1.1356,-0.6119
11.038236856460571,-0.0968,-0.0141,0.0359,0.5326,-1.1366,-0.3291
11.038331985473633,-0.0969,-0.0131,0.0442,0.5444,-1.1375,0.021
11.038424015045166,-0.0969,-0.009,0.0521,0.4131,-1.1385,0.3456
11.140129089355469,-0.0968,-0.0029,0.0556,0.2385,-1.1395,0.5858
11.140257120132446,-0.0966,0.0037,0.0579,0.0748,-1.1404,0.741
11.140372037887573,-0.0963,0.0098,0.0597,-0.1971,-1.1414,0.7371
11.140475034713745,-0.0961,0.014,0.0562,-0.4859,-1.1424,0.5244
11.140568971633911,-0.0959,0.0149,0.0472,-0.5844,-1.1433,0.184
11.140675067901611,-0.0959,0.0123,0.0381,-0.5005,-1.1443,-0.1688
11.14077115058899,-0.0959,0.0069,0.0334,-0.303,-1.1452,-0.4313
11.140862941741943,-0.096,0.0006,0.0326,-0.1864,-1.1462,-0.6287
11.140956163406372,-0.0963,-0.0057,0.0295,0.0172,-1.1472,-0.7214
11.14104700088501,-0.0965,-0.011,0.0304,0.3051,-1.1481,-0.6256
11.141139030456543,-0.0967,-0.0138,0.0369,0.5156,-1.1491,-0.3492
11.253226041793823,-0.0968,-0.0131,0.0456,0.5404,-1.1501,0.0057
11.25337815284729,-0.0968,-0.0091,0.0529,0.4319,-1.151,0.3451
11.253496170043945,-0.0967,-0.003,0.0573,0.2554,-1.152,0.6057
11.2535879611969,-0.0965,0.0038,0.0603,0.0642,-1.153,0.7685
11.253680229187012,-0.0962,0.0102,0.0618,-0.2358,-1.1539,0.7523
11.253767013549805,-0.096,0.0144,0.0562,-0.5211,-1.1549,0.5143
11.253854036331177,-0.0958,0.0151,0.0463,-0.617,-1.1558,0.1437
11.253942012786865,-0.0958,0.012,0.0356,-0.4643,-1.1568,-0.2066
11.254029989242554,-0.0959,0.0064,0.0333,-0.2796,-1.1578,-0.458
11.254119873046875,-0.096,-0.0,0.0305,-0.1676,-1.1587,-0.6616
11.254208087921143,-0.0962,-0.0065,0.0275,0.0519,-1.1597,-0.749
11.356985092163086,-0.0965,-0.0118,0.0289,0.3189,-1.1606,-0.6578
11.357141017913818,-0.0967,-0.0147,0.0348,0.5244,-1.1616,-0.3943
11.357266902923584,-0.0968,-0.0141,0.0437,0.5654,-1.1626,-0.04
11.357392072677612,-0.0968,-0.0103,0.0517,0.4651,-1.1635,0.3085
11.357499837875366,-0.0967,-0.0042,0.0571,0.2599,-1.1645,0.5672
11.357599973678589,-0.0965,0.0026,0.059,0.0572,-1.1655,0.7128
11.357704877853394,-0.0963,0.0088,0.0603,-0.2057,-1.1664,0.7014
11.357807159423828,-0.0961,0.013,0.056,-0.4717,-1.1674,0.49
11.357908964157104,-0.0959,0.0139,0.0472,-0.5691,-1.1684,0.1531
11.35800290107727,-0.0959,0.0112,0.0376,-0.4633,-1.1693,-0.1856
11.465540170669556,-0.0959,0.006,0.0332,-0.2721,-1.1703,-0.4359
11.465708017349243,-0.0961,-0.0,0.0321,-0.1225,-1.1712,-0.6016
11.465812921524048,-0.0963,-0.0059,0.0302,0.0524,-1.1722,-0.6724
11.465927839279175,-0.0965,-0.0107,0.0307,0.3011,-1.1732,-0.5821
11.466034889221191,-0.0967,-0.0131,0.0369,0.4983,-1.1741,-0.3221
11.466150999069214,-0.0968,-0.0123,0.045,0.5179,-1.1751,0.0089
11.466253995895386,-0.0968,-0.0086,0.0528,0.3976,-1.1761,0.3203
11.466350078582764,-0.0967,-0.0029,0.0569,0.1747,-1.177,0.5206
11.46645188331604,-0.0965,0.0031,0.057,0.0078,-1.178,0.6175
11.466547012329102,-0.0963,0.0082,0.0581,-0.2129,-1.179,0.5825
11.466651201248169,-0.0961,0.0114,0.0531,-0.4256,-1.1799,0.3764
11.57726502418518,-0.096,0.0116,0.0454,-0.4905,-1.1809,0.0735
11.577427864074707,-0.096,0.0089,0.0378,-0.3905,-1.1818,-0.221
11.577553033828735,-0.096,0.0041,0.0338,-0.2102,-1.1828,-0.4311
11.577684879302979,-0.0962,-0.0014,0.0335,-0.0698,-1.1838,-0.5566
11.577798843383789,-0.0964,-0.0064,0.0324,0.1017,-1.1847,-0.5827
11.577908039093018,-0.0965,-0.0101,0.0339,0.3349,-1.1857,-0.4501
11.578006982803345,-0.0967,-0.0115,0.0406,0.4647,-1.1867,-0.1871
11.578113079071045,-0.0967,-0.0099,0.0471,0.4385,-1.1876,0.1063
11.578214168548584,-0.0967,-0.0059,0.0524,0.3163,-1.1886,0.3615
11.578312873840332,-0.0966,-0.0006,0.0547,0.2221,-1.1896,0.5755
11.578413009643555,-0.0964,0.0052,0.0593,0.0262,-1.1905,0.6997
11.687494039535522,-0.0962,0.0105,0.0593,-0.2866,-1.1915,0.6248
11.687653064727783,-0.096,0.0134,0.0527,-0.488,-1.1924,0.3743
11.687750816345215,-0.0959,0.013,0.0448,-0.5251,-1.1934,0.0429
11.687863111495972,-0.0958,0.0095,0.0368,-0.3906,-1.1944,-0.2613
11.687960147857666,-0.0959,0.0041,0.0337,-0.2281,-1.1953,-0.4866
11.68805980682373,-0.0961,-0.0019,0.0319,-0.1011,-1.1963,-0.6467
11.688152074813843,-0.0963,-0.0076,0.0301,0.1127,-1.1972,-0.6855
11.688241958618164,-0.0965,-0.012,0.0321,0.3727,-1.1982,-0.545
11.688330888748169,-0.0967,-0.0137,0.0399,0.5306,-1.1992,-0.2482
11.68841814994812,-0.0968,-0.012,0.0477,0.5077,-1.2001,0.0901
11.688519954681396,-0.0967,-0.0075,0.0543,0.3801,-1.2011,0.3958
11.797570943832397,-0.0966,-0.0014,0.0574,0.2457,-1.2021,0.641
11.797715902328491,-0.0964,0.0053,0.0613,0.0432,-1.203,0.7874
11.79781198501587,-0.0962,0.0114,0.062,-0.2858,-1.204,0.7299
11.797905921936035,-0.0959,0.0151,0.0551,-0.5363,-1.205,0.4634
11.798002004623413,-0.0958,0.0151,0.0455,-0.5862,-1.2059,0.0964
11.798096179962158,-0.0957,0.0115,0.0371,-0.4279,-1.2069,-0.2315
11.798184871673584,-0.0958,0.0058,0.0344,-0.2621,-1.2078,-0.4754
11.79827618598938,-0.096,-0.0006,0.0323,-0.1242,-1.2088,-0.6499
11.798364162445068,-0.0962,-0.0067,0.0307,0.0897,-1.2098,-0.7019
11.798453092575073,-0.0964,-0.0116,0.0322,0.3314,-1.2107,-0.5898
11.79854416847229,-0.0966,-0.0138,0.0382,0.5172,-1.2117,-0.3171
11.906869888305664,-0.0967,-0.0128,0.0461,0.5359,-1.2127,0.025
11.907034158706665,-0.0967,-0.0087,0.0533,0.4235,-1.2136,0.3486
11.907142877578735,-0.0966,-0.0027,0.0576,0.2373,-1.2146,0.5857
11.907243013381958,-0.0964,0.0038,0.0602,0.0255,-1.2155,0.709
11.907335996627808,-0.0962,0.0096,0.0604,-0.2599,-1.2165,0.6528
11.907429218292236,-0.0959,0.0131,0.0544,-0.4823,-1.2175,0.4123
11.90752100944519,-0.0958,0.0132,0.0454,-0.5404,-1.2184,0.0701
11.907615900039673,-0.0958,0.0099,0.0366,-0.3919,-1.2194,-0.2419
11.907708883285522,-0.0959,0.0046,0.0341,-0.185,-1.2203,-0.4416
11.907804250717163,-0.096,-0.0011,0.0339,-0.0692,-1.2213,-0.5723
11.9078950881958,-0.0962,-0.0064,0.0318,0.1067,-1.2223,-0.6077
12.028151988983154,-0.0964,-0.0104,0.0334,0.3415,-1.2232,-0.4832
12.028326034545898,-0.0965,-0.012,0.0405,0.4806,-1.2242,-0.2193
12.028511047363281,-0.0966,-0.0105,0.0474,0.4531,-1.2252,0.0768
12.028641939163208,-0.0966,-0.0066,0.0531,0.3402,-1.2261,0.3434
12.02875304222107,-0.0965,-0.0013,0.0556,0.2396,-1.2271,0.5666
12.028846979141235,-0.0963,0.0046,0.0607,0.0676,-1.2281,0.7184
12.028955221176147,-0.0961,0.0102,0.0617,-0.25,-1.229,0.6757
12.029057025909424,-0.0958,0.0138,0.0555,-0.4815,-1.23,0.441
12.029157161712646,-0.0957,0.0139,0.0473,-0.5419,-1.2309,0.1091
12.029244899749756,-0.0957,0.0108,0.0385,-0.4131,-1.2319,-0.2046
12.029353857040405,-0.0957,0.0056,0.0361,-0.225,-1.2328,-0.4178
12.02944803237915,-0.0959,-0.0002,0.0359,-0.1877,-1.2338,-0.6125
12.029539108276367,-0.0961,-0.0061,0.0312,0.0039,-1.2348,-0.7214
12.138950109481812,-0.0963,-0.0113,0.0327,0.2898,-1.2357,-0.6381
12.139110803604126,-0.0965,-0.0141,0.0378,0.4908,-1.2367,-0.3908
12.139234066009521,-0.0966,-0.0137,0.0461,0.5352,-1.2377,-0.0557
12.139337062835693,-0.0967,-0.0101,0.0531,0.4588,-1.2386,0.2824
12.139450073242188,-0.0966,-0.0043,0.0589,0.2919,-1.2396,0.5579
12.139564990997314,-0.0964,0.0024,0.0613,0.0742,-1.2406,0.714
12.139667987823486,-0.0962,0.0086,0.0619,-0.2045,-1.2415,0.6982
12.139765977859497,-0.0959,0.0129,0.0573,-0.449,-1.2425,0.4943
12.139863967895508,-0.0958,0.0138,0.0495,-0.5497,-1.2434,0.1696
12.139963865280151,-0.0957,0.0113,0.0394,-0.4275,-1.2444,-0.1498
12.14006495475769,-0.0958,0.0065,0.0363,-0.2539,-1.2453,-0.3825
12.247590780258179,-0.0959,0.0008,0.0349,-0.1434,-1.2463,-0.5582
12.247731924057007,-0.0961,-0.0049,0.0325,0.0308,-1.2473,-0.6421
12.247828960418701,-0.0963,-0.0097,0.0335,0.2454,-1.2482,-0.5836
12.24792194366455,-0.0965,-0.0125,0.0375,0.4403,-1.2492,-0.3725
12.248025178909302,-0.0966,-0.0124,0.0458,0.4968,-1.2502,-0.0663
12.248114824295044,-0.0966,-0.0093,0.0519,0.4205,-1.2511,0.2365
12.2482008934021,-0.0965,-0.0042,0.0572,0.2717,-1.2521,0.4841
12.248286008834839,-0.0964,0.0018,0.0595,0.0823,-1.2531,0.6293
12.248371839523315,-0.0962,0.0074,0.0603,-0.1645,-1.254,0.6246
12.248457908630371,-0.096,0.0113,0.0558,-0.382,-1.255,0.449
12.358138084411621,-0.0958,0.0123,0.0493,-0.484,-1.2559,0.162
12.358289241790771,-0.0958,0.0102,0.0415,-0.4155,-1.2569,-0.1386
12.358406782150269,-0.0958,0.0058,0.0366,-0.2192,-1.2579,-0.3502
12.358505010604858,-0.0959,0.0006,0.0378,-0.0685,-1.2588,-0.4594
12.358607053756714,-0.0961,-0.004,0.0359,0.0245,-1.2598,-0.5256
12.358715057373047,-0.0962,-0.008,0.0355,0.2178,-1.2607,-0.4726
12.358808040618896,-0.0964,-0.0102,0.0398,0.3988,-1.2617,-0.2735
12.358901023864746,-0.0965,-0.0098,0.0471,0.4156,-1.2627,-0.011
12.358992099761963,-0.0965,-0.007,0.052,0.3189,-1.2636,0.2252
12.3590829372406,-0.0964,-0.0027,0.0552,0.2279,-1.2646,0.4284
12.359172105789185,-0.0963,0.0023,0.0593,0.099,-1.2656,0.581
12.46674394607544,-0.0961,0.0073,0.061,-0.1378,-1.2665,0.5959
12.466884136199951,-0.0959,0.0109,0.0571,-0.3466,-1.2675,0.4499
12.466979026794434,-0.0957,0.012,0.0514,-0.4534,-1.2684,0.1948
12.467069864273071,-0.0957,0.0103,0.0438,-0.4134,-1.2694,-0.0904
12.46717095375061,-0.0957,0.0063,0.0392,-0.2425,-1.2703,-0.3008
12.467260837554932,-0.0958,0.0015,0.0398,-0.178,-1.2713,-0.4684
12.467350959777832,-0.096,-0.0035,0.0358,-0.0799,-1.2723,-0.6051
12.4674391746521,-0.0962,-0.0084,0.0355,0.165,-1.2732,-0.589
12.467526197433472,-0.0964,-0.0116,0.0392,0.3409,-1.2742,-0.4352
12.467612981796265,-0.0965,-0.0124,0.0446,0.4433,-1.2752,-0.1778
12.467698812484741,-0.0966,-0.0104,0.0523,0.4202,-1.2761,0.1213
12.57403302192688,-0.0965,-0.0061,0.0573,0.3184,-1.2771,0.3932
12.574190139770508,-0.0964,-0.0004,0.0611,0.1566,-1.278,0.5912
12.574300050735474,-0.0962,0.0055,0.063,-0.069,-1.279,0.6605
12.574396848678589,-0.096,0.0103,0.0609,-0.3086,-1.28,0.5628
12.574497938156128,-0.0958,0.0127,0.0555,-0.4822,-1.2809,0.316
12.574594020843506,-0.0957,0.012,0.0458,-0.4581,-1.2819,0.0149
12.574692010879517,-0.0957,0.0085,0.0413,-0.2939,-1.2828,-0.2149
12.574789047241211,-0.0958,0.0039,0.0399,-0.2157,-1.2838,-0.4074
12.574886798858643,-0.0959,-0.0013,0.0366,-0.1163,-1.2848,-0.5631
12.574983835220337,-0.0961,-0.0064,0.0348,0.0908,-1.2857,-0.6015
12.575080871582031,-0.0963,-0.0103,0.0376,0.254,-1.2867,-0.5172
12.680881977081299,-0.0964,-0.0123,0.0403,0.3855,-1.2876,-0.3304
12.681034088134766,-0.0965,-0.0118,0.0462,0.4665,-1.2886,-0.0486
12.681132078170776,-0.0966,-0.0087,0.0539,0.3773,-1.2896,0.2319
12.681221008300781,-0.0965,-0.0039,0.0579,0.1955,-1.2905,0.427
12.681308031082153,-0.0963,0.0015,0.0587,0.0327,-1.2915,0.5258
12.68140697479248,-0.0962,0.0061,0.0589,-0.1534,-1.2925,0.5084
12.681494951248169,-0.096,0.0093,0.056,-0.3379,-1.2934,0.3532
12.681581974029541,-0.0959,0.0099,0.0494,-0.4215,-1.2944,0.0967
12.681670188903809,-0.0959,0.0079,0.0422,-0.3195,-1.2953,-0.1463
12.681757926940918,-0.0959,0.0041,0.0396,-0.1575,-1.2963,-0.3065
12.681849002838135,-0.096,-0.0001,0.04,-0.0693,-1.2973,-0.4098
12.78740906715393,-0.0961,-0.0041,0.0381,0.0286,-1.2982,-0.4658
12.78755807876587,-0.0963,-0.0074,0.0386,0.2021,-1.2992,-0.4085
12.787665843963623,-0.0964,-0.0092,0.042,0.3448,-1.3002,-0.2367
12.787760019302368,-0.0965,-0.0087,0.0481,0.3641,-1.3011,-0.0083
12.787868976593018,-0.0965,-0.0062,0.0526,0.2777,-1.3021,0.1978
12.78796100616455,-0.0964,-0.0024,0.0551,0.2198,-1.303,0.3864
12.788051843643188,-0.0963,0.0021,0.0581,0.1293,-1.304,0.5409
12.788143157958984,-0.0961,0.0067,0.0604,-0.084,-1.305,0.5771
12.788234949111938,-0.096,0.0103,0.0574,-0.3003,-1.3059,0.4542
12.788325071334839,-0.0958,0.0117,0.0524,-0.4239,-1.3069,0.2162
12.902924060821533,-0.0957,0.0103,0.0448,-0.3945,-1.3078,-0.0582
12.903071880340576,-0.0958,0.0066,0.041,-0.2386,-1.3088,-0.2617
12.903177976608276,-0.0958,0.0021,0.0407,-0.1716,-1.3098,-0.4273
12.903279066085815,-0.096,-0.0027,0.0374,-0.0632,-1.3107,-0.55
12.903393030166626,-0.0962,-0.0073,0.0376,0.1452,-1.3117,-0.5394
12.903507947921753,-0.0963,-0.0103,0.0406,0.2975,-1.3126,-0.4119
12.903608083724976,-0.0965,-0.0113,0.0447,0.4045,-1.3136,-0.1863
12.903698921203613,-0.0965,-0.0097,0.052,0.3964,-1.3146,0.0871
12.903791189193726,-0.0965,-0.0059,0.057,0.2948,-1.3155,0.3328
12.903882026672363,-0.0964,-0.0009,0.06,0.1476,-1.3165,0.508
12.90397310256958,-0.0962,0.0043,0.061,-0.0318,-1.3175,0.5774
12.904063940048218,-0.096,0.0087,0.0598,-0.2382,-1.3184,0.5077
13.011713981628418,-0.0959,0.011,0.0553,-0.4059,-1.3194,0.2986
13.011858940124512,-0.0958,0.0106,0.0472,-0.4194,-1.3203,0.0227
13.011964797973633,-0.0958,0.0077,0.0423,-0.2676,-1.3213,-0.1921
13.012070178985596,-0.0958,0.0035,0.0417,-0.1585,-1.3223,-0.344
13.012164115905762,-0.0959,-0.0009,0.0392,-0.0796,-1.3232,-0.4658
13.012261152267456,-0.0961,-0.0052,0.0375,0.0825,-1.3242,-0.4983
13.01235294342041,-0.0963,-0.0085,0.0398,0.2338,-1.3251,-0.4186
13.012444972991943,-0.0964,-0.01,0.0429,0.3462,-1.3261,-0.2456
13.012542963027954,-0.0965,-0.0094,0.0485,0.3885,-1.3271,-0.0054
13.01263689994812,-0.0965,-0.0066,0.0541,0.3039,-1.328,0.2221
13.012727975845337,-0.0964,-0.0025,0.0573,0.174,-1.329,0.3914
13.120446920394897,-0.0963,0.0021,0.059,0.0429,-1.33,0.4905
13.12061095237732,-0.0961,0.0062,0.0591,-0.1371,-1.3309,0.4765
13.120737075805664,-0.096,0.009,0.0562,-0.3136,-1.3319,0.3296
13.120838165283203,-0.0959,0.0095,0.0499,-0.3854,-1.3328,0.0917
13.120933055877686,-0.0958,0.0076,0.0436,-0.2869,-1.3338,-0.1295
13.121031999588013,-0.0959,0.004,0.0414,-0.1388,-1.3348,-0.2734
13.121126890182495,-0.096,0.0002,0.0417,-0.0612,-1.3357,-0.3673
13.121220111846924,-0.0961,-0.0035,0.0401,0.0204,-1.3367,-0.4226
13.121315002441406,-0.0962,-0.0066,0.0405,0.1786,-1.3376,-0.375
13.121407985687256,-0.0963,-0.0082,0.0439,0.3086,-1.3386,-0.2207
13.121510028839111,-0.0964,-0.0079,0.0489,0.3447,-1.3396,-0.0073
13.232151985168457,-0.0964,-0.0056,0.0543,0.2627,-1.3405,0.1927
13.232300996780396,-0.0963,-0.0021,0.0562,0.1956,-1.3415,0.3655
13.232396125793457,-0.0962,0.0021,0.059,0.1139,-1.3425,0.5083
13.232488870620728,-0.0961,0.0064,0.0608,-0.0829,-1.3434,0.5394
13.232578992843628,-0.0959,0.0098,0.0581,-0.2883,-1.3444,0.4203
13.23267412185669,-0.0957,0.0109,0.0525,-0.3982,-1.3453,0.191
13.232763051986694,-0.0957,0.0095,0.045,-0.3378,-1.3463,-0.0542
13.2328519821167,-0.0957,0.0061,0.0423,-0.2192,-1.3473,-0.2448
13.232944011688232,-0.0958,0.0019,0.0408,-0.1561,-1.3482,-0.4081
13.233036041259766,-0.0959,-0.0026,0.0385,-0.0315,-1.3492,-0.5104
13.233132123947144,-0.0961,-0.0068,0.0394,0.143,-1.3501,-0.4972
13.346289873123169,-0.0962,-0.0096,0.042,0.2757,-1.3511,-0.3817
13.346446990966797,-0.0964,-0.0105,0.0455,0.3843,-1.3521,-0.1715
13.34655213356018,-0.0964,-0.009,0.0519,0.3827,-1.353,0.0844
13.346642971038818,-0.0964,-0.0055,0.0566,0.2643,-1.354,0.2992
13.346731901168823,-0.0963,-0.0009,0.0579,0.2004,-1.3549,0.4852
13.346817970275879,-0.0961,0.0041,0.063,0.0622,-1.3559,0.6212
13.346909999847412,-0.0959,0.0089,0.0628,-0.2148,-1.3569,0.5796
13.347015857696533,-0.0958,0.0119,0.0578,-0.4073,-1.3578,0.3799
13.347108125686646,-0.0956,0.012,0.0498,-0.4384,-1.3588,0.1028
13.347195863723755,-0.0956,0.0094,0.0437,-0.3071,-1.3597,-0.1352
13.347285985946655,-0.0956,0.0053,0.0431,-0.1989,-1.3607,-0.3104
13.456685066223145,-0.0957,0.0007,0.0407,-0.1829,-1.3616,-0.4955
13.456838846206665,-0.0959,-0.0044,0.0357,0.0018,-1.3626,-0.6005
13.456954002380371,-0.0961,-0.0089,0.0386,0.2207,-1.3636,-0.5468
13.457056999206543,-0.0963,-0.0116,0.0416,0.3349,-1.3645,-0.3998
13.457154989242554,-0.0964,-0.012,0.0456,0.4426,-1.3655,-0.1556
13.457258939743042,-0.0965,-0.0099,0.0532,0.4223,-1.3665,0.1317
13.45735502243042,-0.0964,-0.0057,0.0588,0.299,-1.3674,0.3819
13.457451105117798,-0.0963,-0.0002,0.0615,0.1179,-1.3684,0.5373
13.45754599571228,-0.0961,0.0051,0.0627,-0.0628,-1.3693,0.5878
13.457640886306763,-0.0959,0.0093,0.0616,-0.2618,-1.3703,0.5044
13.457736015319824,-0.0958,0.0114,0.0566,-0.4254,-1.3713,0.281
13.57030701637268,-0.0957,0.0107,0.0477,-0.3912,-1.3722,0.0157
13.570468187332153,-0.0957,0.0077,0.0445,-0.2411,-1.3732,-0.1778
13.57057499885559,-0.0957,0.0036,0.0437,-0.1843,-1.3741,-0.3432
13.57070803642273,-0.0958,-0.0008,0.041,-0.1011,-1.3751,-0.4776
13.57081913948059,-0.096,-0.0052,0.04,0.0758,-1.3761,-0.508
13.570917129516602,-0.0961,-0.0086,0.0432,0.2185,-1.377,-0.4258
13.571012020111084,-0.0963,-0.0102,0.0457,0.309,-1.378,-0.2685
13.571107149124146,-0.0964,-0.0097,0.0494,0.3884,-1.3789,-0.0331
13.57120418548584,-0.0964,-0.0071,0.056,0.3417,-1.3799,0.2207
13.571295022964478,-0.0963,-0.0028,0.06,0.1923,-1.3809,0.4092
13.571386098861694,-0.0962,0.002,0.0612,0.0589,-1.3818,0.5228
13.571506977081299,-0.096,0.0065,0.0622,-0.1264,-1.3828,0.5272
13.690086126327515,-0.0958,0.0097,0.0596,-0.3351,-1.3837,0.3796
13.69022798538208,-0.0957,0.0105,0.0516,-0.3873,-1.3847,0.1416
13.690338134765625,-0.0957,0.0087,0.0469,-0.2786,-1.3857,-0.0615
13.690444946289062,-0.0957,0.0055,0.0447,-0.1946,-1.3866,-0.2283
13.690543174743652,-0.0958,0.0016,0.0429,-0.0728,-1.3876,-0.3321
13.690644979476929,-0.0959,-0.0021,0.0436,-0.0014,-1.3885,-0.3872
13.690745115280151,-0.096,-0.0052,0.0432,0.0982,-1.3895,-0.3834
13.69084095954895,-0.0961,-0.0074,0.0453,0.2108,-1.3905,-0.2933
13.690937042236328,-0.0962,-0.008,0.0484,0.2761,-1.3914,-0.1397
13.691030979156494,-0.0963,-0.007,0.0521,0.2962,-1.3924,0.054
13.691123962402344,-0.0962,-0.0044,0.0563,0.227,-1.3933,0.2347
13.69121789932251,-0.0962,-0.0008,0.0584,0.1709,-1.3943,0.396
13.803505182266235,-0.096,0.0033,0.0623,0.0524,-1.3953,0.5118
13.803786039352417,-0.0959,0.0073,0.0629,-0.1705,-1.3962,0.4901
13.803900003433228,-0.0957,0.0099,0.0587,-0.3424,-1.3972,0.3289
13.804015159606934,-0.0956,0.0101,0.0516,-0.3389,-1.3981,0.1187
13.804113149642944,-0.0956,0.0083,0.0483,-0.2537,-1.3991,-0.0612
13.80420994758606,-0.0956,0.0052,0.0466,-0.2013,-1.4001,-0.2215
13.804305791854858,-0.0957,0.0015,0.0448,-0.1842,-1.401,-0.3863
13.804402828216553,-0.0958,-0.0027,0.0401,-0.0738,-1.402,-0.5164
13.804497241973877,-0.096,-0.007,0.0404,0.1323,-1.4029,-0.5144
13.804591178894043,-0.0961,-0.0099,0.0443,0.2367,-1.4039,-0.4194
13.804683923721313,-0.0963,-0.011,0.046,0.3003,-1.4048,-0.2718
13.816416025161743,-0.0963,-0.0104,0.0498,0.3801,-1.4058,-0.0452
13.927836179733276,-0.0964,-0.0077,0.0566,0.3408,-1.4068,0.2059
13.927982091903687,-0.0963,-0.0034,0.0605,0.1949,-1.4077,0.3929
13.928070783615112,-0.0962,0.0015,0.0622,0.0643,-1.4087,0.5108
13.928159952163696,-0.096,0.006,0.0634,-0.1141,-1.4097,0.5252
13.928248167037964,-0.0958,0.0093,0.061,-0.3212,-1.4106,0.3905
13.928337097167969,-0.0957,0.0103,0.0535,-0.3942,-1.4116,0.1553
13.928426027297974,-0.0957,0.0087,0.0481,-0.2824,-1.4125,-0.0475
13.928514957427979,-0.0957,0.0057,0.0465,-0.2085,-1.4135,-0.2164
13.928620100021362,-0.0957,0.0019,0.0437,-0.1262,-1.4144,-0.3542
13.9287109375,-0.0959,-0.0022,0.0425,-0.0051,-1.4154,-0.4257
13.928802013397217,-0.096,-0.0057,0.0438,0.127,-1.4164,-0.4053
14.038222074508667,-0.0961,-0.0079,0.046,0.2129,-1.4173,-0.3148
14.038395881652832,-0.0962,-0.0086,0.0482,0.2848,-1.4183,-0.1629
14.038496017456055,-0.0963,-0.0076,0.0526,0.3199,-1.4193,0.0434
14.038601875305176,-0.0963,-0.0049,0.0572,0.265,-1.4202,0.2489
14.038703203201294,-0.0962,-0.001,0.0606,0.155,-1.4212,0.4096
14.038795948028564,-0.0961,0.0033,0.0621,0.0144,-1.4221,0.4928
14.038888931274414,-0.0959,0.0071,0.0619,-0.1801,-1.4231,0.4512
14.038982152938843,-0.0957,0.0094,0.0576,-0.3371,-1.4241,0.2787
14.039077043533325,-0.0957,0.0093,0.0508,-0.3178,-1.425,0.0697
14.039175987243652,-0.0956,0.0072,0.0481,-0.2209,-1.426,-0.0972
14.03927493095398,-0.0957,0.0041,0.0462,-0.1683,-1.4269,-0.2463
14.14856505393982,-0.0957,0.0005,0.044,-0.0734,-1.4279,-0.3519
14.148722887039185,-0.0959,-0.0031,0.0436,0.0358,-1.4288,-0.3926
14.14882516860962,-0.096,-0.006,0.0445,0.1367,-1.4298,-0.3635
14.148919105529785,-0.0961,-0.0078,0.0464,0.2152,-1.4308,-0.272
14.14901089668274,-0.0962,-0.0081,0.0489,0.2803,-1.4317,-0.1209
14.149117946624756,-0.0962,-0.0068,0.053,0.2982,-1.4327,0.0718
14.149219036102295,-0.0962,-0.0041,0.0573,0.2143,-1.4336,0.2422
14.149318218231201,-0.0961,-0.0005,0.0581,0.1667,-1.4346,0.3903
14.149408102035522,-0.096,0.0035,0.0625,0.0673,-1.4356,0.5077
14.149500846862793,-0.0958,0.0074,0.0632,-0.1638,-1.4365,0.4834
14.149590015411377,-0.0957,0.0099,0.0585,-0.3353,-1.4375,0.3162
14.149677991867065,-0.0956,0.01,0.0516,-0.3236,-1.4384,0.1072
14.261951923370361,-0.0955,0.008,0.0488,-0.24,-1.4394,-0.0697
14.262099981307983,-0.0956,0.0049,0.0458,-0.1728,-1.4403,-0.2263
14.262200117111206,-0.0956,0.0013,0.0441,-0.0465,-1.4413,-0.3163
14.262294054031372,-0.0957,-0.0022,0.0453,0.0078,-1.4423,-0.3651
14.2623929977417,-0.0959,-0.0051,0.0445,0.0965,-1.4432,-0.3648
14.262484073638916,-0.096,-0.0071,0.0465,0.2066,-1.4442,-0.2804
14.262573003768921,-0.0961,-0.0077,0.0497,0.26,-1.4451,-0.1393
14.262673139572144,-0.0961,-0.0068,0.0532,0.2789,-1.4461,0.0391
14.262762069702148,-0.0961,-0.0044,0.0582,0.215,-1.4471,0.2134
14.262854814529419,-0.096,-0.001,0.0605,0.047,-1.448,0.2981
14.262957096099854,-0.0959,0.0022,0.0583,-0.0072,-1.449,0.3339
14.373733043670654,-0.0958,0.0048,0.0603,-0.0913,-1.4499,0.3308
14.373887062072754,-0.0957,0.0066,0.0574,-0.2413,-1.4509,0.2113
14.37399697303772,-0.0957,0.0067,0.0518,-0.2487,-1.4519,0.0466
14.374096155166626,-0.0956,0.0051,0.0498,-0.1615,-1.4528,-0.0769
14.37420105934143,-0.0957,0.0028,0.0486,-0.1304,-1.4538,-0.1905
14.374305009841919,-0.0957,0.0001,0.0465,-0.0739,-1.4547,-0.2848
14.374402046203613,-0.0958,-0.0027,0.0455,0.0147,-1.4557,-0.3315
14.374500036239624,-0.0959,-0.0051,0.0466,0.115,-1.4566,-0.3073
14.374599933624268,-0.096,-0.0066,0.0486,0.181,-1.4576,-0.2276
14.374698877334595,-0.0961,-0.0068,0.0509,0.2268,-1.4586,-0.1021
14.374791860580444,-0.0961,-0.0058,0.0545,0.2482,-1.4595,0.0637
14.48478889465332,-0.0961,-0.0034,0.0576,0.201,-1.4605,0.2226
14.484946012496948,-0.096,-0.0002,0.0598,0.1705,-1.4614,0.3793
14.485048055648804,-0.0959,0.0035,0.0638,0.0537,-1.4624,0.4913
14.485139846801758,-0.0958,0.0073,0.064,-0.1609,-1.4634,0.4683
14.485233068466187,-0.0956,0.0097,0.059,-0.3062,-1.4643,0.3172
14.485322952270508,-0.0955,0.0099,0.0531,-0.2856,-1.4653,0.1376
14.485413074493408,-0.0955,0.0082,0.0513,-0.2409,-1.4662,-0.0278
14.485500812530518,-0.0955,0.0055,0.0474,-0.199,-1.4672,-0.1956
14.485589981079102,-0.0955,0.0019,0.0451,-0.0759,-1.4681,-0.3032
14.485679149627686,-0.0956,-0.0016,0.0455,0.012,-1.4691,-0.3535
14.485766887664795,-0.0957,-0.0046,0.0452,0.1045,-1.4701,-0.3485
14.604480981826782,-0.0959,-0.0066,0.0473,0.1937,-1.471,-0.2724
14.604630947113037,-0.0959,-0.0073,0.0499,0.2293,-1.472,-0.1551
14.604748010635376,-0.096,-0.0066,0.0527,0.2423,-1.4729,-0.0091
14.604842901229858,-0.096,-0.0047,0.0554,0.2177,-1.4739,0.1409
14.604942083358765,-0.0959,-0.0019,0.0584,0.1733,-1.4748,0.2856
14.605041027069092,-0.0959,0.0014,0.0605,0.0745,-1.4758,0.3832
14.605139017105103,-0.0957,0.0047,0.0621,-0.0683,-1.4768,0.4019
14.605234861373901,-0.0956,0.0072,0.0597,-0.2132,-1.4777,0.3117
14.60533595085144,-0.0955,0.0081,0.0551,-0.2488,-1.4787,0.1657
14.605432033538818,-0.0954,0.0073,0.0526,-0.221,-1.4796,0.0192
14.60553503036499,-0.0954,0.0053,0.05,-0.1863,-1.4806,-0.1253
14.605632066726685,-0.0955,0.0025,0.0482,-0.1564,-1.4815,-0.2651
14.715063095092773,-0.0956,-0.0008,0.0458,-0.091,-1.4825,-0.3826
14.715224981307983,-0.0957,-0.0043,0.0441,0.0307,-1.4835,-0.4357
14.715325832366943,-0.0958,-0.0073,0.046,0.1724,-1.4844,-0.3864
14.715420246124268,-0.096,-0.0089,0.0491,0.2358,-1.4854,-0.2748
14.7155179977417,-0.096,-0.0089,0.0514,0.2723,-1.4863,-0.124
14.715615034103394,-0.0961,-0.0074,0.055,0.2921,-1.4873,0.0662
14.71570897102356,-0.0961,-0.0046,0.0586,0.2433,-1.4883,0.2526
14.715797901153564,-0.096,-0.0007,0.0616,0.1789,-1.4892,0.421
14.715885162353516,-0.0958,0.0036,0.0647,0.0299,-1.4902,0.5183
14.715974807739258,-0.0957,0.0076,0.0642,-0.192,-1.4911,0.4708
14.716063976287842,-0.0955,0.0099,0.0586,-0.3173,-1.4921,0.3036
14.82738709449768,-0.0954,0.0099,0.0537,-0.2882,-1.493,0.1203
14.827552080154419,-0.0954,0.0081,0.0515,-0.245,-1.494,-0.0525
14.827670097351074,-0.0954,0.0052,0.0494,-0.2108,-1.4949,-0.22
14.827781200408936,-0.0955,0.0015,0.0465,-0.1557,-1.4959,-0.376
14.827889204025269,-0.0956,-0.0026,0.0435,-0.0226,-1.4969,-0.4697
14.828001976013184,-0.0958,-0.0064,0.0439,0.1571,-1.4978,-0.4478
14.828125953674316,-0.0959,-0.0089,0.0478,0.2496,-1.4988,-0.3395
14.828226089477539,-0.096,-0.0095,0.0508,0.2784,-1.4997,-0.1919
14.828323125839233,-0.0961,-0.0085,0.0539,0.3038,-1.5007,-0.0052
14.828428983688354,-0.0961,-0.006,0.0588,0.2779,-1.5017,0.2009
14.828519821166992,-0.096,-0.0023,0.0617,0.2092,-1.5026,0.3858
14.939167022705078,-0.0959,0.0022,0.0645,0.1198,-1.5036,0.5358
14.939303874969482,-0.0957,0.0068,0.0671,-0.0875,-1.5045,0.573
14.939417123794556,-0.0955,0.0103,0.0633,-0.3078,-1.5055,0.4426
14.93953800201416,-0.0954,0.0115,0.0564,-0.3406,-1.5064,0.243
14.939640045166016,-0.0953,0.0104,0.054,-0.3061,-1.5074,0.0472
14.939755916595459,-0.0953,0.0078,0.051,-0.2824,-1.5083,-0.1569
14.939857959747314,-0.0953,0.0039,0.0469,-0.2132,-1.5093,-0.3479
14.939962148666382,-0.0954,-0.0007,0.0445,-0.0723,-1.5103,-0.4683
14.940064907073975,-0.0956,-0.005,0.044,0.1077,-1.5112,-0.4791
14.940166234970093,-0.0958,-0.0082,0.0476,0.2563,-1.5122,-0.3706
14.94026494026184,-0.0959,-0.0093,0.052,0.285,-1.5131,-0.2129
14.940368175506592,-0.0959,-0.0086,0.0549,0.2737,-1.5141,-0.0416
15.050774097442627,-0.096,-0.0064,0.0591,0.2491,-1.515,0.1448
15.05093002319336,-0.0959,-0.0031,0.0612,0.181,-1.516,0.3041
15.051038026809692,-0.0958,0.0008,0.0636,0.1453,-1.517,0.4601
15.051133871078491,-0.0957,0.005,0.0675,-0.0277,-1.5179,0.5351
15.051225185394287,-0.0955,0.0087,0.0649,-0.2508,-1.5189,0.4493
15.05132794380188,-0.0953,0.0105,0.0588,-0.3088,-1.5198,0.2837
15.051420211791992,-0.0952,0.0101,0.0562,-0.2931,-1.5208,0.109
15.051512002944946,-0.0952,0.0081,0.0533,-0.296,-1.5217,-0.09
15.051609992980957,-0.0952,0.0048,0.0481,-0.231,-1.5227,-0.2865
15.051718950271606,-0.0953,0.0006,0.0457,-0.0646,-1.5236,-0.3959
15.051814794540405,-0.0955,-0.0035,0.0461,0.0541,-1.5246,-0.4285
15.162611961364746,-0.0956,-0.0066,0.0471,0.1811,-1.5255,-0.3738
15.16277813911438,-0.0957,-0.0083,0.0511,0.257,-1.5265,-0.2429
15.162889957427979,-0.0958,-0.0081,0.0547,0.2492,-1.5275,-0.0918
15.162992000579834,-0.0958,-0.0066,0.0574,0.2259,-1.5284,0.0642
15.163089990615845,-0.0958,-0.004,0.0606,0.1858,-1.5294,0.2187
15.163188934326172,-0.0957,-0.0007,0.0626,0.0831,-1.5303,0.3238
15.16328501701355,-0.0956,0.0027,0.0635,-0.0231,-1.5313,0.3685
15.163385152816772,-0.0955,0.0055,0.0627,-0.1519,-1.5322,0.3257
15.163484811782837,-0.0954,0.007,0.0591,-0.2178,-1.5332,0.2155
15.1635901927948,-0.0953,0.007,0.0565,-0.2138,-1.5342,0.0889
15.163699865341187,-0.0953,0.0058,0.0542,-0.2002,-1.5351,-0.0464
15.27573299407959,-0.0953,0.0036,0.0509,-0.1558,-1.5361,-0.1784
15.275881052017212,-0.0954,0.0008,0.0494,-0.0619,-1.537,-0.2622
15.275984048843384,-0.0955,-0.002,0.0488,0.0062,-1.538,-0.3085
15.276076078414917,-0.0956,-0.0044,0.0489,0.0995,-1.5389,-0.2955
15.276196002960205,-0.0957,-0.006,0.0513,0.1716,-1.5399,-0.2201
15.276295900344849,-0.0957,-0.0063,0.0535,0.187,-1.5408,-0.1194
15.276400089263916,-0.0958,-0.0056,0.0555,0.1891,-1.5418,-0.0031
15.276494979858398,-0.0958,-0.0039,0.0581,0.1587,-1.5428,0.1134
15.276594877243042,-0.0957,-0.0017,0.0591,0.1438,-1.5437,0.2289
15.276694059371948,-0.0957,0.0011,0.0617,0.1044,-1.5447,0.3387
15.276791095733643,-0.0956,0.0041,0.0638,-0.0091,-1.5456,0.3926
15.40342903137207,-0.0954,0.0067,0.0626,-0.1632,-1.5466,0.3399
15.403593063354492,-0.0953,0.008,0.0587,-0.2143,-1.5475,0.2262
15.403708934783936,-0.0952,0.0078,0.0565,-0.2081,-1.5485,0.1012
15.403810024261475,-0.0952,0.0064,0.0544,-0.2102,-1.5494,-0.0414
15.40391492843628,-0.0952,0.0041,0.0514,-0.1582,-1.5504,-0.1734
15.404011964797974,-0.0953,0.0012,0.0513,-0.1266,-1.5513,-0.2884
15.404113054275513,-0.0954,-0.002,0.0486,-0.0912,-1.5523,-0.4023
15.404209852218628,-0.0955,-0.0053,0.0466,0.0759,-1.5533,-0.4247
15.404307842254639,-0.0956,-0.0079,0.05,0.2175,-1.5542,-0.3332
15.404413938522339,-0.0958,-0.0088,0.0535,0.2371,-1.5552,-0.2048
15.404518127441406,-0.0958,-0.0081,0.0559,0.2463,-1.5561,-0.0533
15.404614925384521,-0.0958,-0.0062,0.0593,0.2491,-1.5571,0.1251
15.4047110080719,-0.0958,-0.0031,0.0635,0.165,-1.558,0.2811
15.519382953643799,-0.0957,0.0006,0.0642,0.0456,-1.559,0.3676
15.519548892974854,-0.0956,0.004,0.0646,-0.0552,-1.56,0.3938
15.519659042358398,-0.0955,0.0066,0.0633,-0.1691,-1.5609,0.3386
15.519761800765991,-0.0953,0.0079,0.0598,-0.221,-1.5619,0.2258
15.519867897033691,-0.0953,0.0078,0.0572,-0.2293,-1.5628,0.0883
15.519969940185547,-0.0952,0.0063,0.0541,-0.2188,-1.5638,-0.0658
15.520070791244507,-0.0953,0.0038,0.0519,-0.1564,-1.5647,-0.1971
15.520172119140625,-0.0953,0.0007,0.0507,-0.1407,-1.5657,-0.3286
15.520274877548218,-0.0954,-0.0027,0.0469,-0.0609,-1.5666,-0.4387
15.52037501335144,-0.0956,-0.0062,0.0461,0.1352,-1.5676,-0.4304
15.520475149154663,-0.0957,-0.0085,0.0506,0.2603,-1.5685,-0.3108
15.520582914352417,-0.0958,-0.009,0.0549,0.2573,-1.5695,-0.1631
15.638237953186035,-0.0959,-0.0079,0.057,0.2459,-1.5705,-0.007
15.63849401473999,-0.0959,-0.0056,0.0604,0.219,-1.5714,0.1573
15.638613939285278,-0.0958,-0.0024,0.0625,0.1765,-1.5724,0.3114
15.638720035552979,-0.0957,0.0014,0.0649,0.1086,-1.5733,0.4407
15.638818979263306,-0.0956,0.0053,0.0672,-0.0508,-1.5743,0.4862
15.638916015625,-0.0954,0.0084,0.0645,-0.2189,-1.5752,0.4054
15.63901424407959,-0.0953,0.0098,0.0606,-0.2622,-1.5762,0.2694
15.639113903045654,-0.0952,0.0095,0.0583,-0.2829,-1.5771,0.103
15.639217138290405,-0.0952,0.0077,0.0546,-0.2896,-1.5781,-0.095
15.639318943023682,-0.0952,0.0044,0.0513,-0.2184,-1.579,-0.2731
15.639419794082642,-0.0953,0.0004,0.0491,-0.1674,-1.58,-0.4373
15.752784013748169,-0.0954,-0.004,0.0451,-0.0157,-1.581,-0.5351
15.75295114517212,-0.0956,-0.008,0.0459,0.2275,-1.5819,-0.4729
15.753077030181885,-0.0958,-0.0102,0.0523,0.3365,-1.5829,-0.2963
15.753180265426636,-0.0959,-0.01,0.0569,0.2978,-1.5838,-0.1115
15.75328516960144,-0.0959,-0.0081,0.059,0.2732,-1.5848,0.0729
15.753384828567505,-0.0959,-0.005,0.0632,0.2428,-1.5857,0.2696
15.7534818649292,-0.0958,-0.0008,0.0662,0.1129,-1.5867,0.4068
15.753578901290894,-0.0956,0.0034,0.0672,-0.0321,-1.5877,0.46
15.753675937652588,-0.0955,0.0068,0.0656,-0.1733,-1.5886,0.4122
15.753772020339966,-0.0954,0.0088,0.0624,-0.2429,-1.5896,0.2977
15.753866910934448,-0.0953,0.0091,0.0596,-0.2703,-1.5905,0.1457
15.753965139389038,-0.0952,0.0078,0.0565,-0.2793,-1.5915,-0.0355
15.86762809753418,-0.0952,0.0051,0.0525,-0.222,-1.5924,-0.2104
15.867779016494751,-0.0953,0.0015,0.0509,-0.1737,-1.5934,-0.3678
15.86789608001709,-0.0954,-0.0025,0.0476,-0.09,-1.5943,-0.4974
15.868003129959106,-0.0956,-0.0066,0.046,0.1269,-1.5953,-0.5015
15.868102073669434,-0.0957,-0.0095,0.0505,0.3071,-1.5962,-0.3592
15.868206024169922,-0.0959,-0.0102,0.0567,0.3118,-1.5972,-0.1702
15.8683021068573,-0.0959,-0.0088,0.0587,0.2703,-1.5982,0.0068
15.868396997451782,-0.0959,-0.0061,0.0618,0.2359,-1.5991,0.1855
15.868492126464844,-0.0959,-0.0024,0.0644,0.1917,-1.6001,0.3566
15.868584871292114,-0.0957,0.0018,0.0669,0.1046,-1.601,0.4918
15.868680000305176,-0.0956,0.006,0.0683,-0.0819,-1.602,0.5194
15.981364011764526,-0.0954,0.0093,0.0643,-0.2429,-1.603,0.4163
15.981521844863892,-0.0953,0.0106,0.0606,-0.2854,-1.6039,0.2596
15.981624126434326,-0.0952,0.0099,0.058,-0.3208,-1.6049,0.061
15.981722116470337,-0.0952,0.0075,0.0536,-0.3188,-1.6058,-0.1699
15.98181700706482,-0.0952,0.0036,0.0482,-0.2006,-1.6068,-0.3654
15.981910943984985,-0.0953,-0.001,0.0467,-0.0309,-1.6077,-0.4653
15.982002019882202,-0.0955,-0.0053,0.0467,0.1276,-1.6087,-0.4659
15.982094049453735,-0.0956,-0.0082,0.0501,0.2765,-1.6096,-0.3482
15.98219108581543,-0.0958,-0.0091,0.0556,0.3033,-1.6106,-0.1746
15.982289791107178,-0.0958,-0.0081,0.0584,0.2601,-1.6115,-0.0086
15.982385873794556,-0.0958,-0.0058,0.0613,0.2188,-1.6125,0.1531
15.982492208480835,-0.0958,-0.0025,0.0635,0.1801,-1.6135,0.3074
16.096850872039795,-0.0957,0.0012,0.0661,0.1091,-1.6144,0.4366
16.096993923187256,-0.0955,0.0051,0.0685,-0.0485,-1.6154,0.4836
16.09709596633911,-0.0954,0.0083,0.0659,-0.2173,-1.6163,0.4044
16.09718608856201,-0.0952,0.0097,0.062,-0.2633,-1.6173,0.2688
16.097284078598022,-0.0952,0.0094,0.0598,-0.2821,-1.6182,0.105
16.097384929656982,-0.0951,0.0076,0.0564,-0.2893,-1.6192,-0.0894
16.09748101234436,-0.0951,0.0045,0.0527,-0.2154,-1.6201,-0.2651
16.097574949264526,-0.0952,0.0005,0.0514,-0.1688,-1.6211,-0.4227
16.097668170928955,-0.0954,-0.0037,0.0469,-0.0461,-1.622,-0.5361
16.097763061523438,-0.0955,-0.0078,0.0471,0.2034,-1.623,-0.4901
16.097851991653442,-0.0957,-0.0103,0.0535,0.3356,-1.6239,-0.3142
16.222184896469116,-0.0958,-0.0103,0.0585,0.3017,-1.6249,-0.125
16.222347021102905,-0.0958,-0.0084,0.0604,0.2703,-1.6259,0.0586
16.222470998764038,-0.0958,-0.0053,0.0644,0.2521,-1.6268,0.261
16.22257709503174,-0.0957,-0.0012,0.0678,0.1301,-1.6278,0.4115
16.222676038742065,-0.0956,0.0032,0.0689,-0.0155,-1.6287,0.4785
16.22277808189392,-0.0955,0.0069,0.0675,-0.1662,-1.6297,0.4404
16.222875118255615,-0.0953,0.0091,0.0642,-0.2434,-1.6306,0.3301
16.222970008850098,-0.0952,0.0096,0.0617,-0.2809,-1.6316,0.1778
16.223068237304688,-0.0951,0.0085,0.0581,-0.2949,-1.6325,-0.0106
16.22316598892212,-0.0952,0.0058,0.0545,-0.2603,-1.6335,-0.204
16.223268032073975,-0.0952,0.0021,0.0507,-0.1463,-1.6344,-0.3538
16.22337007522583,-0.0953,-0.002,0.0489,-0.0204,-1.6354,-0.4384
16.223473072052002,-0.0955,-0.0057,0.0484,0.1445,-1.6364,-0.4226
16.34160304069519,-0.0956,-0.0081,0.0522,0.2855,-1.6373,-0.2898
16.341742038726807,-0.0957,-0.0085,0.0576,0.2896,-1.6383,-0.1165
16.3418550491333,-0.0957,-0.0071,0.0604,0.2306,-1.6392,0.039
16.341957092285156,-0.0957,-0.0046,0.0624,0.1752,-1.6402,0.1747
16.34205198287964,-0.0957,-0.0015,0.0633,0.1557,-1.6411,0.3061
16.342144012451172,-0.0956,0.0019,0.0665,0.1037,-1.6421,0.429
16.3422429561615,-0.0954,0.0055,0.0684,-0.0747,-1.6431,0.4527
16.34233808517456,-0.0953,0.0083,0.0649,-0.2046,-1.644,0.3686
16.342432022094727,-0.0952,0.0094,0.0623,-0.2429,-1.645,0.2421
16.342528104782104,-0.0951,0.0089,0.06,-0.2912,-1.6459,0.067
16.342626094818115,-0.0951,0.0069,0.0557,-0.2949,-1.6469,-0.1427
16.342721939086914,-0.0951,0.0034,0.0512,-0.2103,-1.6478,-0.3326
16.457786083221436,-0.0952,-0.0008,0.0492,-0.0707,-1.6488,-0.4493
16.45794415473938,-0.0954,-0.005,0.0486,0.0821,-1.6497,-0.4749
16.458062171936035,-0.0955,-0.0081,0.0508,0.2503,-1.6507,-0.3779
16.458168029785156,-0.0956,-0.0094,0.0565,0.303,-1.6516,-0.2071
16.458266019821167,-0.0957,-0.0086,0.0601,0.2573,-1.6526,-0.0403
16.45836901664734,-0.0957,-0.0064,0.0624,0.2237,-1.6535,0.1229
16.458468198776245,-0.0957,-0.0033,0.066,0.1305,-1.6545,0.2532
16.458560943603516,-0.0956,0.0002,0.0662,0.0231,-1.6555,0.3178
16.458653926849365,-0.0955,0.0032,0.0661,-0.0439,-1.6564,0.3404
16.45876979827881,-0.0954,0.0056,0.0653,-0.1421,-1.6574,0.2948
16.45887589454651,-0.0953,0.0068,0.0626,-0.2006,-1.6583,0.1929
16.577816009521484,-0.0952,0.0066,0.06,-0.2091,-1.6593,0.0664
16.577975034713745,-0.0952,0.0053,0.0571,-0.1974,-1.6602,-0.0744
16.57807207107544,-0.0952,0.003,0.0552,-0.1292,-1.6612,-0.1867
16.5781729221344,-0.0953,0.0003,0.0551,-0.1238,-1.6621,-0.2978
16.57827091217041,-0.0954,-0.0027,0.0517,-0.083,-1.6631,-0.4092
16.578361988067627,-0.0955,-0.0059,0.0505,0.1127,-1.664,-0.4053
16.578450918197632,-0.0957,-0.0081,0.0548,0.2515,-1.665,-0.2824
16.578541040420532,-0.0957,-0.0084,0.059,0.2524,-1.6659,-0.1296
16.578628063201904,-0.0958,-0.0071,0.061,0.2314,-1.6669,0.0249
16.57871699333191,-0.0958,-0.0048,0.0634,0.1994,-1.6679,0.1772
16.57880401611328,-0.0957,-0.0016,0.0656,0.1732,-1.6688,0.3301
16.57888889312744,-0.0956,0.0021,0.0682,0.0877,-1.6698,0.4489
16.693464994430542,-0.0955,0.0058,0.0689,-0.0751,-1.6707,0.4695
16.69361400604248,-0.0953,0.0087,0.0659,-0.1857,-1.6717,0.3985
16.693717002868652,-0.0952,0.01,0.0635,-0.2415,-1.6726,0.2752
16.693814039230347,-0.0951,0.0097,0.0605,-0.2989,-1.6736,0.0931
16.693912982940674,-0.0951,0.0077,0.056,-0.3039,-1.6745,-0.1261
16.69400906562805,-0.0951,0.0041,0.0509,-0.2277,-1.6755,-0.3348
16.694106101989746,-0.0952,-0.0004,0.0485,-0.0855,-1.6764,-0.4724
16.69420099258423,-0.0954,-0.0049,0.0479,0.0737,-1.6774,-0.5144
16.694298028945923,-0.0955,-0.0084,0.0495,0.2673,-1.6784,-0.4222
16.694395780563354,-0.0957,-0.01,0.056,0.3683,-1.6793,-0.22
16.69449281692505,-0.0957,-0.0092,0.0611,0.3119,-1.6803,-0.0172
16.69458794593811,-0.0958,-0.0066,0.0635,0.2414,-1.6812,0.1584
16.81117582321167,-0.0957,-0.0031,0.0657,0.2008,-1.6822,0.3262
16.81133198738098,-0.0956,0.001,0.0689,0.1028,-1.6831,0.4561
16.81142807006836,-0.0954,0.0052,0.0702,-0.0664,-1.6841,0.4881
16.811518907546997,-0.0953,0.0084,0.0671,-0.1951,-1.685,0.4168
16.811609983444214,-0.0952,0.0099,0.0645,-0.2611,-1.686,0.2853
16.811702013015747,-0.0951,0.0097,0.0615,-0.3238,-1.6869,0.091
16.811789989471436,-0.095,0.0077,0.0566,-0.3249,-1.6879,-0.1404
16.811878204345703,-0.0951,0.004,0.0512,-0.2278,-1.6888,-0.3503
16.81196904182434,-0.0952,-0.0006,0.0492,-0.073,-1.6898,-0.4776
16.812056064605713,-0.0953,-0.0051,0.0489,0.083,-1.6908,-0.5094
16.812154054641724,-0.0955,-0.0085,0.0504,0.2733,-1.6917,-0.4102
16.81225299835205,-0.0956,-0.01,0.0568,0.3595,-1.6927,-0.2108
16.927298069000244,-0.0957,-0.009,0.0615,0.2939,-1.6936,-0.0193
16.927443981170654,-0.0957,-0.0065,0.0631,0.2307,-1.6946,0.1436
16.92754292488098,-0.0957,-0.0032,0.0662,0.1872,-1.6955,0.3026
16.927630186080933,-0.0956,0.0007,0.0684,0.0796,-1.6965,0.4107
16.92771887779236,-0.0954,0.0045,0.0688,-0.0646,-1.6974,0.4303
16.92781686782837,-0.0953,0.0074,0.0662,-0.1772,-1.6984,0.3602
16.927905082702637,-0.0952,0.0087,0.064,-0.2351,-1.6994,0.2378
16.927993059158325,-0.0951,0.0084,0.0612,-0.2732,-1.7003,0.0704
16.92810297012329,-0.0951,0.0066,0.0573,-0.2681,-1.7013,-0.1228
16.9282009601593,-0.0951,0.0034,0.0535,-0.2087,-1.7022,-0.3071
16.928297996520996,-0.0952,-0.0006,0.051,-0.0914,-1.7032,-0.4365
17.053476095199585,-0.0954,-0.0047,0.0496,0.065,-1.7041,-0.4779
17.053643941879272,-0.0955,-0.0079,0.052,0.2449,-1.7051,-0.3881
17.053756952285767,-0.0956,-0.0093,0.058,0.3183,-1.706,-0.2095
17.053858041763306,-0.0957,-0.0086,0.0616,0.2789,-1.707,-0.0298
17.053961038589478,-0.0957,-0.0063,0.0636,0.2341,-1.7079,0.1365
17.054062128067017,-0.0957,-0.0031,0.0668,0.1846,-1.7089,0.2952
17.0541570186615,-0.0956,0.0007,0.0687,0.0762,-1.7098,0.4002
17.05425500869751,-0.0955,0.0044,0.0692,-0.0566,-1.7108,0.4248
17.054351091384888,-0.0953,0.0072,0.0669,-0.1639,-1.7118,0.3657
17.054447174072266,-0.0952,0.0086,0.0647,-0.2247,-1.7127,0.252
17.054543018341064,-0.0951,0.0085,0.0619,-0.2632,-1.7137,0.0933
17.05464005470276,-0.0951,0.0069,0.0585,-0.2649,-1.7146,-0.0922
17.05473780632019,-0.0951,0.0039,0.0545,-0.2065,-1.7156,-0.271
17.16974401473999,-0.0952,0.0001,0.052,-0.0836,-1.7165,-0.3904
17.169908046722412,-0.0953,-0.0037,0.0507,0.0506,-1.7175,-0.4352
17.170027017593384,-0.0955,-0.0069,0.0521,0.2139,-1.7184,-0.3673
17.170128107070923,-0.0956,-0.0084,0.0572,0.3012,-1.7194,-0.2076
17.17022681236267,-0.0957,-0.0079,0.0616,0.2663,-1.7203,-0.0388
17.170329093933105,-0.0957,-0.0059,0.0634,0.2201,-1.7213,0.1144
17.17042899131775,-0.0956,-0.003,0.0667,0.1597,-1.7222,0.2538
17.17052412033081,-0.0956,0.0004,0.068,0.0601,-1.7232,0.3401
17.170619010925293,-0.0954,0.0036,0.0685,-0.0244,-1.7242,0.3772
17.17071509361267,-0.0953,0.0062,0.068,-0.1223,-1.7251,0.349
17.17080807685852,-0.0952,0.0077,0.0661,-0.2045,-1.7261,0.2551
17.170918941497803,-0.0951,0.0079,0.0636,-0.2574,-1.727,0.1086
17.28569197654724,-0.0951,0.0066,0.0601,-0.2598,-1.728,-0.065
17.28585386276245,-0.0951,0.004,0.0554,-0.1749,-1.7289,-0.2192
17.285974979400635,-0.0952,0.0006,0.0542,-0.022,-1.7299,-0.2862
17.28607702255249,-0.0953,-0.0023,0.0562,0.0189,-1.7308,-0.3145
17.286183834075928,-0.0954,-0.0047,0.0551,0.1141,-1.7318,-0.2912
17.286283016204834,-0.0955,-0.0061,0.0579,0.2386,-1.7327,-0.1679
17.286383152008057,-0.0955,-0.0059,0.0629,0.2323,-1.7337,-0.0132
17.286478996276855,-0.0955,-0.0043,0.0658,0.1511,-1.7346,0.1107
17.2865788936615,-0.0955,-0.0019,0.0664,0.0778,-1.7356,0.1925
17.286672115325928,-0.0954,0.0005,0.0668,0.0436,-1.7365,0.2566
17.286768198013306,-0.0953,0.0029,0.0676,-0.0226,-1.7375,0.2851
17.402733087539673,-0.0953,0.0048,0.0669,-0.121,-1.7385,0.2463
17.40289306640625,-0.0952,0.0058,0.0648,-0.1856,-1.7394,0.151
17.403007984161377,-0.0951,0.0055,0.0626,-0.2144,-1.7404,0.0208
17.40311098098755,-0.0951,0.0041,0.0598,-0.1965,-1.7413,-0.1188
17.403218984603882,-0.0952,0.0017,0.0572,-0.1702,-1.7423,-0.2616
17.4033260345459,-0.0952,-0.0014,0.0547,-0.0927,-1.7432,-0.3752
17.403424978256226,-0.0954,-0.0046,0.0525,0.0408,-1.7442,-0.4206
17.40352201461792,-0.0955,-0.0073,0.0539,0.2031,-1.7451,-0.3528
17.403625965118408,-0.0956,-0.0086,0.0588,0.2765,-1.7461,-0.2037
17.403727054595947,-0.0957,-0.008,0.0624,0.2415,-1.747,-0.0514
17.403823137283325,-0.0957,-0.0061,0.0643,0.1912,-1.748,0.0831
17.40391707420349,-0.0957,-0.0035,0.0667,0.162,-1.7489,0.2172
17.51718497276306,-0.0956,-0.0003,0.0689,0.0805,-1.7499,0.3169
17.51733708381653,-0.0955,0.0029,0.0695,-0.0165,-1.7509,0.3598
17.51744294166565,-0.0954,0.0055,0.0685,-0.1226,-1.7518,0.3285
17.517539978027344,-0.0953,0.0071,0.0665,-0.1833,-1.7528,0.2445
17.517635107040405,-0.0952,0.0073,0.0643,-0.2228,-1.7537,0.1196
17.5177321434021,-0.0952,0.0063,0.0615,-0.2324,-1.7547,-0.033
17.517836093902588,-0.0952,0.0041,0.057,-0.1675,-1.7556,-0.1771
17.517937183380127,-0.0952,0.0011,0.0557,-0.0137,-1.7566,-0.2336
17.518033981323242,-0.0953,-0.0015,0.0583,0.0149,-1.7575,-0.255
17.518131017684937,-0.0954,-0.0035,0.0558,0.0555,-1.7585,-0.2695
17.51822590827942,-0.0955,-0.0051,0.0573,0.1932,-1.7594,-0.1851
17.639875173568726,-0.0955,-0.0054,0.0619,0.2135,-1.7604,-0.0554
17.6400408744812,-0.0955,-0.0043,0.0645,0.1511,-1.7613,0.053
17.640169858932495,-0.0955,-0.0025,0.0646,0.1141,-1.7623,0.1391
17.64026403427124,-0.0955,-0.0004,0.0664,0.1402,-1.7633,0.256
17.64036989212036,-0.0954,0.0022,0.0696,0.0697,-1.7642,0.3517
17.640464067459106,-0.0953,0.005,0.0695,-0.0596,-1.7652,0.3647
17.640554904937744,-0.0952,0.007,0.0678,-0.1383,-1.7661,0.3161
17.640646934509277,-0.0951,0.008,0.0667,-0.1998,-1.7671,0.2206
17.640738010406494,-0.095,0.0078,0.0641,-0.2553,-1.768,0.0698
17.640830039978027,-0.095,0.0061,0.0598,-0.2496,-1.769,-0.1094
17.640923023223877,-0.095,0.0032,0.0573,-0.168,-1.7699,-0.2557
17.64101815223694,-0.0951,-0.0002,0.0557,-0.144,-1.7709,-0.4003
17.641113996505737,-0.0952,-0.0041,0.0519,-0.0157,-1.7718,-0.4923
17.75669503211975,-0.0954,-0.0077,0.0528,0.2043,-1.7728,-0.4377
17.756843090057373,-0.0955,-0.0096,0.0583,0.3375,-1.7737,-0.2595
17.756951093673706,-0.0956,-0.0093,0.0644,0.3031,-1.7747,-0.0599
17.757045030593872,-0.0956,-0.0071,0.0665,0.2318,-1.7756,0.11
17.757143020629883,-0.0956,-0.0039,0.0689,0.1958,-1.7766,0.2757
17.757243871688843,-0.0955,-0.0,0.0716,0.1007,-1.7775,0.4018
17.757336139678955,-0.0954,0.0039,0.0727,-0.0337,-1.7785,0.4509
17.757426977157593,-0.0952,0.0071,0.0712,-0.1489,-1.7795,0.4166
17.75751805305481,-0.0951,0.0091,0.0695,-0.2344,-1.7804,0.3163
17.757608890533447,-0.095,0.0094,0.0668,-0.315,-1.7814,0.1446
17.757702112197876,-0.0949,0.008,0.062,-0.3266,-1.7823,-0.0701
17.873677968978882,-0.095,0.0049,0.0578,-0.2323,-1.7833,-0.2562
17.87383198738098,-0.095,0.0009,0.0557,-0.1655,-1.7842,-0.4168
17.873950958251953,-0.0952,-0.0034,0.0529,-0.0335,-1.7852,-0.5157
17.874052047729492,-0.0953,-0.0074,0.0531,0.1851,-1.7861,-0.4745
17.874156951904297,-0.0955,-0.0098,0.0571,0.3485,-1.7871,-0.3008
17.874256134033203,-0.0956,-0.0098,0.0641,0.356,-1.788,-0.0728
17.87435221672058,-0.0956,-0.0076,0.0681,0.2529,-1.789,0.1185
17.874449253082275,-0.0956,-0.0041,0.0689,0.1711,-1.7899,0.2652
17.874544143676758,-0.0955,-0.0003,0.0696,0.1724,-1.7909,0.4196
17.874637126922607,-0.0954,0.0039,0.0744,0.0501,-1.7918,0.5322
17.87473201751709,-0.0952,0.0079,0.0729,-0.1642,-1.7928,0.4977
17.874828100204468,-0.095,0.0104,0.0691,-0.2625,-1.7937,0.3746
18.000061988830566,-0.0949,0.0109,0.0667,-0.3408,-1.7947,0.1839
18.000232934951782,-0.0948,0.0094,0.0612,-0.3791,-1.7956,-0.0721
18.000340938568115,-0.0949,0.0059,0.0558,-0.2773,-1.7966,-0.3036
18.0004620552063,-0.095,0.0012,0.0537,-0.1835,-1.7975,-0.4931
18.000569105148315,-0.0951,-0.004,0.0502,-0.0286,-1.7985,-0.6113
18.000673055648804,-0.0953,-0.0088,0.0504,0.2206,-1.7994,-0.57
18.000764846801758,-0.0955,-0.0117,0.055,0.4123,-1.8004,-0.3746
18.000854969024658,-0.0956,-0.0118,0.0637,0.4175,-1.8014,-0.1138
18.000944137573242,-0.0957,-0.0094,0.0681,0.3034,-1.8023,0.1063
18.00103187561035,-0.0956,-0.0055,0.0687,0.2317,-1.8033,0.2864
18.001121044158936,-0.0955,-0.0011,0.0721,0.2015,-1.8042,0.4743
18.00120711326599,-0.0954,0.0039,0.0764,0.0173,-1.8052,0.577
18.001296043395996,-0.0952,0.0083,0.0736,-0.1892,-1.8061,0.5287
18.118276119232178,-0.095,0.011,0.0703,-0.276,-1.8071,0.4025
18.118430852890015,-0.0949,0.0116,0.0679,-0.3637,-1.808,0.203
18.1185359954834,-0.0948,0.0101,0.062,-0.4029,-1.809,-0.0656
18.1186261177063,-0.0949,0.0064,0.0563,-0.2926,-1.8099,-0.3061
18.118720054626465,-0.095,0.0015,0.0541,-0.1713,-1.8109,-0.4878
18.11881399154663,-0.0951,-0.0037,0.0515,-0.0067,-1.8118,-0.5849
18.118902921676636,-0.0953,-0.0083,0.0521,0.2264,-1.8128,-0.5304
18.118991136550903,-0.0955,-0.011,0.0564,0.4129,-1.8137,-0.3265
18.11907982826233,-0.0956,-0.0109,0.0656,0.4137,-1.8147,-0.0566
18.119165897369385,-0.0956,-0.0082,0.0694,0.2896,-1.8156,0.1613
18.119261026382446,-0.0955,-0.0041,0.0711,0.2197,-1.8166,0.3493
18.119345903396606,-0.0954,0.0005,0.0739,0.1164,-1.8176,0.4932
18.235064029693604,-0.0953,0.0052,0.0752,-0.0474,-1.8185,0.5431
18.235196828842163,-0.0951,0.0089,0.0731,-0.1924,-1.8195,0.4872
18.23529291152954,-0.0949,0.011,0.0708,-0.3076,-1.8204,0.3414
18.235382080078125,-0.0948,0.011,0.067,-0.3982,-1.8214,0.1095
18.23547387123108,-0.0948,0.0088,0.0598,-0.352,-1.8223,-0.1455
18.235562086105347,-0.0948,0.0047,0.0567,-0.2155,-1.8233,-0.3373
18.235657930374146,-0.0949,0.0,0.0554,-0.1693,-1.8242,-0.5118
18.235761165618896,-0.0951,-0.005,0.0506,0.0237,-1.8252,-0.5998
18.235857248306274,-0.0953,-0.0093,0.0526,0.2774,-1.8261,-0.5124
18.235952138900757,-0.0955,-0.0115,0.0576,0.4284,-1.8271,-0.2935
18.23604917526245,-0.0956,-0.0109,0.0653,0.4311,-1.828,-0.0179
18.348740100860596,-0.0956,-0.0078,0.0703,0.2906,-1.829,0.2046
18.34888005256653,-0.0955,-0.0035,0.0711,0.1887,-1.8299,0.3698
18.348977088928223,-0.0954,0.0012,0.074,0.0952,-1.8309,0.4982
18.349069118499756,-0.0952,0.0057,0.0755,-0.0772,-1.8318,0.5288
18.34915804862976,-0.0951,0.0091,0.0732,-0.2309,-1.8328,0.4459
18.34927010536194,-0.0949,0.0107,0.0705,-0.3484,-1.8337,0.2686
18.34937596321106,-0.0948,0.0101,0.0653,-0.394,-1.8347,0.0237
18.349467039108276,-0.0948,0.0073,0.0592,-0.308,-1.8356,-0.2109
18.349558115005493,-0.0949,0.0031,0.0564,-0.1908,-1.8366,-0.3932
18.34964919090271,-0.095,-0.0017,0.0543,-0.0673,-1.8375,-0.5138
18.34975004196167,-0.0952,-0.0062,0.0527,0.1304,-1.8385,-0.5216
18.349844932556152,-0.0954,-0.0094,0.0555,0.313,-1.8394,-0.3935
18.46378803253174,-0.0955,-0.0104,0.0606,0.4161,-1.8404,-0.1637
18.463948965072632,-0.0955,-0.0089,0.0683,0.3598,-1.8413,0.0856
18.464056968688965,-0.0955,-0.0054,0.072,0.2196,-1.8423,0.2729
18.46415114402771,-0.0954,-0.0011,0.0722,0.104,-1.8433,0.39
18.464242935180664,-0.0953,0.003,0.0741,0.0151,-1.8442,0.4654
18.464359998703003,-0.0951,0.0067,0.0746,-0.1409,-1.8452,0.4462
18.4644558429718,-0.095,0.009,0.0719,-0.2934,-1.8461,0.3101
18.464548110961914,-0.0949,0.0093,0.067,-0.3698,-1.8471,0.0894
18.46464204788208,-0.0949,0.0074,0.0604,-0.3078,-1.848,-0.1391
18.46473503112793,-0.0949,0.0038,0.0588,-0.2193,-1.849,-0.3249
18.464829921722412,-0.095,-0.0005,0.0558,-0.1635,-1.8499,-0.4989
18.584280967712402,-0.0952,-0.0052,0.0526,0.0407,-1.8509,-0.5674
18.584444999694824,-0.0954,-0.0092,0.0554,0.2667,-1.8518,-0.4732
18.58455801010132,-0.0955,-0.011,0.0597,0.4023,-1.8528,-0.2617
18.584657192230225,-0.0956,-0.0103,0.0678,0.4096,-1.8537,0.0126
18.584759950637817,-0.0956,-0.0071,0.0735,0.2682,-1.8547,0.2386
18.584858179092407,-0.0955,-0.0026,0.0737,0.1377,-1.8556,0.3841
18.584952116012573,-0.0954,0.0019,0.0752,0.0531,-1.8566,0.4884
18.58505392074585,-0.0952,0.0061,0.0763,-0.1091,-1.8575,0.4986
18.585153102874756,-0.0951,0.0091,0.0742,-0.2803,-1.8585,0.385
18.5852530002594,-0.0949,0.0101,0.0699,-0.3829,-1.8594,0.1747
18.58535408973694,-0.0949,0.0088,0.0641,-0.3603,-1.8604,-0.0637
18.585455179214478,-0.0949,0.0055,0.0593,-0.2601,-1.8613,-0.2739
18.703108072280884,-0.095,0.0012,0.0584,-0.1978,-1.8623,-0.453
18.70327591896057,-0.0951,-0.0036,0.0539,-0.089,-1.8632,-0.598
18.703410863876343,-0.0953,-0.0083,0.0528,0.1796,-1.8642,-0.5803
18.703505992889404,-0.0955,-0.0115,0.0578,0.3774,-1.8651,-0.4018
18.703612804412842,-0.0957,-0.012,0.0638,0.4583,-1.8661,-0.1284
18.703702926635742,-0.0957,-0.0096,0.0714,0.3814,-1.8671,0.151
18.703792095184326,-0.0957,-0.0053,0.0752,0.2252,-1.868,0.359
18.70388102531433,-0.0955,-0.0002,0.0753,0.0962,-1.869,0.4881
18.703969955444336,-0.0954,0.0046,0.0772,-0.0319,-1.8699,0.5505
18.70405912399292,-0.0952,0.0086,0.0767,-0.2269,-1.8709,0.4864
18.70414686203003,-0.095,0.0108,0.0731,-0.395,-1.8718,0.2885
18.704249143600464,-0.0949,0.0104,0.0661,-0.4242,-1.8728,0.0213
18.830260038375854,-0.0949,0.0075,0.0606,-0.3306,-1.8737,-0.2269
18.830420970916748,-0.095,0.003,0.0571,-0.195,-1.8747,-0.4152
18.830544233322144,-0.0951,-0.0019,0.0556,-0.0452,-1.8756,-0.5215
18.83065700531006,-0.0953,-0.0064,0.0554,0.1553,-1.8766,-0.5026
18.830761909484863,-0.0955,-0.0094,0.0591,0.3279,-1.8775,-0.3481
18.830865144729614,-0.0956,-0.01,0.0642,0.4167,-1.8785,-0.1004
18.830962896347046,-0.0956,-0.008,0.0712,0.3594,-1.8795,0.1618
18.83105993270874,-0.0956,-0.004,0.0754,0.2223,-1.8804,0.3674
18.831153869628906,-0.0955,0.0008,0.0758,0.0948,-1.8814,0.4969
18.831249237060547,-0.0953,0.0054,0.0772,-0.0503,-1.8823,0.5455
18.831362009048462,-0.0951,0.0091,0.0768,-0.2506,-1.8833,0.4638
18.831462144851685,-0.095,0.0109,0.0723,-0.4051,-1.8842,0.2512
18.831559896469116,-0.0949,0.0101,0.0653,-0.4105,-1.8852,-0.0159
18.943240880966187,-0.0949,0.0069,0.0597,-0.3183,-1.8861,-0.2653
18.943378925323486,-0.095,0.0022,0.0568,-0.2208,-1.8871,-0.4761
18.943495988845825,-0.0951,-0.0031,0.053,-0.0769,-1.888,-0.6246
18.943600177764893,-0.0953,-0.0082,0.0515,0.1827,-1.889,-0.6198
18.94372820854187,-0.0955,-0.0118,0.056,0.3996,-1.8899,-0.4451
18.943858861923218,-0.0957,-0.0126,0.0624,0.49,-1.8909,-0.1675
18.943963050842285,-0.0957,-0.0105,0.0711,0.4181,-1.8918,0.1274
18.944072008132935,-0.0957,-0.0061,0.0753,0.2573,-1.8928,0.3509
18.944167852401733,-0.0956,-0.0008,0.0761,0.1329,-1.8937,0.5031
18.9442720413208,-0.0954,0.0043,0.0783,-0.0022,-1.8947,0.5872
18.944369792938232,-0.0952,0.0087,0.0782,-0.2071,-1.8957,0.5408
18.956377029418945,-0.095,0.0114,0.0747,-0.3938,-1.8966,0.3504
19.068928003311157,-0.0949,0.0114,0.0669,-0.4473,-1.8976,0.0697
19.06907892227173,-0.0949,0.0087,0.0613,-0.3733,-1.8985,-0.2054
19.069191932678223,-0.095,0.0041,0.0566,-0.2541,-1.8995,-0.4404
19.06929612159729,-0.0951,-0.0015,0.0538,-0.0768,-1.9004,-0.5845
19.069394826889038,-0.0953,-0.0067,0.0532,0.1501,-1.9014,-0.5903
19.0695059299469,-0.0955,-0.0105,0.0569,0.3555,-1.9023,-0.4395
19.06960415840149,-0.0956,-0.0116,0.0623,0.4671,-1.9033,-0.1794
19.069698095321655,-0.0957,-0.0099,0.0702,0.4438,-1.9042,0.1232
19.069793939590454,-0.0957,-0.0057,0.0755,0.2665,-1.9052,0.3517
19.069889068603516,-0.0955,-0.0006,0.0747,0.1869,-1.9061,0.526
19.069990873336792,-0.0954,0.0047,0.0794,0.0715,-1.9071,0.663
19.07009506225586,-0.0952,0.0098,0.0802,-0.1951,-1.908,0.6364
19.184820890426636,-0.095,0.013,0.0765,-0.417,-1.909,0.4422
19.184975147247314,-0.0948,0.0134,0.0692,-0.4857,-1.9099,0.1515
19.185083866119385,-0.0948,0.0109,0.0631,-0.4404,-1.9109,-0.1556
19.18518900871277,-0.0948,0.0061,0.056,-0.3064,-1.9118,-0.4305
19.185297966003418,-0.095,0.0001,0.054,-0.0726,-1.9128,-0.5722
19.185399055480957,-0.0951,-0.0055,0.0542,0.124,-1.9137,-0.5894
19.185497045516968,-0.0953,-0.0096,0.0564,0.3344,-1.9147,-0.4583
19.185595989227295,-0.0955,-0.0112,0.0624,0.4625,-1.9156,-0.2028
19.185691118240356,-0.0955,-0.0098,0.0697,0.4665,-1.9166,0.1085
19.185797214508057,-0.0955,-0.0058,0.0766,0.3014,-1.9176,0.3646
19.185893058776855,-0.0954,-0.0005,0.0768,0.1919,-1.9185,0.5546
19.30352520942688,-0.0952,0.005,0.0805,0.0476,-1.9195,0.6813
19.303683042526245,-0.095,0.0102,0.0814,-0.2254,-1.9204,0.6414
19.30377507209778,-0.0948,0.0134,0.0771,-0.4566,-1.9214,0.4234
19.303863048553467,-0.0946,0.0135,0.069,-0.5158,-1.9223,0.109
19.30395793914795,-0.0946,0.0105,0.0614,-0.4446,-1.9233,-0.2157
19.30404806137085,-0.0947,0.0053,0.0552,-0.2538,-1.9242,-0.4655
19.30413794517517,-0.0948,-0.0009,0.0553,-0.0549,-1.9251,-0.5903
19.304227113723755,-0.095,-0.0064,0.0549,0.1411,-1.9261,-0.5951
19.30431580543518,-0.0952,-0.0103,0.0569,0.3683,-1.9271,-0.4418
19.30440592765808,-0.0954,-0.0115,0.0641,0.4828,-1.928,-0.1638
19.304492950439453,-0.0954,-0.0096,0.0722,0.453,-1.929,0.1541
19.304578065872192,-0.0954,-0.0052,0.0779,0.31,-1.9299,0.4229
19.31641697883606,-0.0952,0.0005,0.0804,0.1462,-1.9309,0.6072
19.434530019760132,-0.095,0.0062,0.082,-0.0573,-1.9318,0.6749
19.434694051742554,-0.0948,0.0109,0.0815,-0.321,-1.9328,0.572
19.43481707572937,-0.0946,0.0132,0.0751,-0.5006,-1.9337,0.3083
19.434924125671387,-0.0945,0.0123,0.067,-0.5192,-1.9347,-0.0263
19.435034036636353,-0.0945,0.0083,0.0591,-0.3653,-1.9356,-0.3203
19.435140132904053,-0.0946,0.0027,0.0575,-0.1869,-1.9365,-0.5148
19.435250997543335,-0.0948,-0.0031,0.0558,-0.0443,-1.9375,-0.6335
19.435353994369507,-0.095,-0.0084,0.0545,0.185,-1.9384,-0.6168
19.43545699119568,-0.0952,-0.0119,0.0577,0.4264,-1.9394,-0.4234
19.435558795928955,-0.0953,-0.0124,0.0659,0.5054,-1.9404,-0.1212
19.435660123825073,-0.0954,-0.0099,0.0734,0.4422,-1.9413,0.195
19.435760021209717,-0.0953,-0.005,0.0784,0.2809,-1.9423,0.4458
19.55411982536316,-0.0952,0.0008,0.0805,0.1885,-1.9432,0.6558
19.55427598953247,-0.095,0.007,0.0844,-0.0406,-1.9442,0.7497
19.554394006729126,-0.0947,0.0122,0.0831,-0.3673,-1.9451,0.6263
19.55449914932251,-0.0945,0.0146,0.0753,-0.5558,-1.9461,0.3268
19.554604053497314,-0.0944,0.0134,0.0658,-0.5511,-1.947,-0.039
19.554707050323486,-0.0944,0.009,0.0583,-0.3709,-1.9479,-0.3451
19.554805994033813,-0.0945,0.003,0.0572,-0.2054,-1.9489,-0.5561
19.55490803718567,-0.0947,-0.0034,0.0546,-0.0502,-1.9498,-0.6895
19.55500602722168,-0.0949,-0.0091,0.0535,0.1953,-1.9508,-0.6762
19.555105924606323,-0.0952,-0.0129,0.0568,0.453,-1.9517,-0.4756
19.555202960968018,-0.0953,-0.0137,0.0658,0.5533,-1.9527,-0.1465
19.555302143096924,-0.0954,-0.011,0.0747,0.4818,-1.9536,0.201
19.673692226409912,-0.0953,-0.0058,0.0804,0.3235,-1.9546,0.4904
19.6738600730896,-0.0951,0.0008,0.0828,0.1278,-1.9555,0.6745
19.67397713661194,-0.0949,0.0071,0.0843,-0.1021,-1.9565,0.7252
19.674078941345215,-0.0947,0.012,0.0831,-0.3845,-1.9574,0.5878
19.674182176589966,-0.0945,0.0142,0.0753,-0.5505,-1.9584,0.2888
19.674289226531982,-0.0944,0.0127,0.0648,-0.5395,-1.9593,-0.0796
19.674388885498047,-0.0944,0.0081,0.0576,-0.3355,-1.9603,-0.3708
19.67448902130127,-0.0945,0.0021,0.0572,-0.141,-1.9612,-0.5434
19.674588918685913,-0.0947,-0.0038,0.0559,-0.0149,-1.9622,-0.6478
19.674686908721924,-0.0949,-0.009,0.0543,0.2136,-1.9631,-0.6201
19.674787044525146,-0.0951,-0.0124,0.0581,0.462,-1.9641,-0.4068
19.674887895584106,-0.0953,-0.0126,0.0673,0.5328,-1.965,-0.0828
19.8123939037323,-0.0953,-0.0096,0.0748,0.4505,-1.966,0.2434
19.81269407272339,-0.0952,-0.0044,0.0808,0.2664,-1.9669,0.497
19.812798976898193,-0.0951,0.0018,0.0817,0.0669,-1.9679,0.6324
19.81291389465332,-0.0948,0.0074,0.0825,-0.1623,-1.9688,0.6285
19.813031911849976,-0.0946,0.0113,0.0791,-0.3915,-1.9698,0.4548
19.813122034072876,-0.0945,0.0124,0.072,-0.5025,-1.9707,0.1587
19.813212156295776,-0.0944,0.0102,0.0628,-0.4389,-1.9717,-0.1631
19.813302040100098,-0.0945,0.0055,0.0589,-0.2465,-1.9726,-0.3919
19.81339120864868,-0.0946,0.0001,0.0588,-0.168,-1.9736,-0.5746
19.81348204612732,-0.0948,-0.0056,0.0551,0.0074,-1.9745,-0.6744
19.813570976257324,-0.095,-0.0105,0.0559,0.2745,-1.9754,-0.5998
19.813688039779663,-0.0952,-0.0132,0.0607,0.479,-1.9764,-0.3606
19.813796043395996,-0.0953,-0.0127,0.0694,0.515,-1.9774,-0.0358
19.81389808654785,-0.0954,-0.0093,0.0762,0.435,-1.9783,0.2885
19.934481859207153,-0.0953,-0.0037,0.0816,0.2669,-1.9793,0.5461
19.934638023376465,-0.0951,0.0028,0.0835,0.0659,-1.9802,0.6915
19.934741973876953,-0.0949,0.0087,0.0844,-0.1991,-1.9812,0.6758
19.93483304977417,-0.0946,0.0127,0.0803,-0.4425,-1.9821,0.4756
19.93492817878723,-0.0945,0.0135,0.0727,-0.5462,-1.9831,0.1543
19.935046911239624,-0.0944,0.011,0.0631,-0.4438,-1.984,-0.1706
19.93514895439148,-0.0945,0.006,0.0597,-0.24,-1.9849,-0.3923
19.935245990753174,-0.0946,0.0004,0.0603,-0.1871,-1.9859,-0.5795
19.935344219207764,-0.0948,-0.0054,0.0556,-0.0118,-1.9868,-0.6908
19.935440063476562,-0.095,-0.0105,0.0569,0.2636,-1.9878,-0.6185
19.935549020767212,-0.0952,-0.0134,0.0612,0.464,-1.9887,-0.3884
19.935646057128906,-0.0954,-0.0132,0.0692,0.5203,-1.9897,-0.0648
20.056514024734497,-0.0954,-0.0098,0.077,0.4501,-1.9906,0.2716
20.056680917739868,-0.0953,-0.0042,0.0819,0.2752,-1.9916,0.5333
20.05679202079773,-0.0951,0.0022,0.0833,0.155,-1.9925,0.7316
20.056893825531006,-0.0949,0.0087,0.0879,-0.0741,-1.9935,0.819
20.05699896812439,-0.0946,0.0141,0.0859,-0.4317,-1.9944,0.6644
20.05710196495056,-0.0944,0.0163,0.0763,-0.6277,-1.9954,0.3153
20.057201147079468,-0.0943,0.0145,0.0638,-0.5287,-1.9963,-0.06
20.0572988986969,-0.0943,0.0096,0.0605,-0.3359,-1.9973,-0.3382
20.057398080825806,-0.0944,0.0034,0.0588,-0.2713,-1.9982,-0.5909
20.05749821662903,-0.0946,-0.0034,0.0525,-0.0813,-1.9992,-0.7706
20.05759596824646,-0.0949,-0.0099,0.0531,0.2318,-2.0001,-0.7486
20.05769395828247,-0.0951,-0.0142,0.0578,0.423,-2.0011,-0.5724
20.175145864486694,-0.0953,-0.0155,0.0631,0.5615,-2.002,-0.2699
20.17530608177185,-0.0954,-0.0135,0.0722,0.5643,-2.003,0.1005
20.175419807434082,-0.0953,-0.0085,0.0797,0.4318,-2.0039,0.4423
20.175527811050415,-0.0952,-0.0016,0.0837,0.2671,-2.0049,0.7108
20.175629138946533,-0.095,0.0058,0.0879,0.0139,-2.0058,0.8501
20.175734043121338,-0.0947,0.0123,0.0877,-0.3448,-2.0068,0.7606
20.17583203315735,-0.0945,0.0161,0.0803,-0.5913,-2.0077,0.4608
20.17593002319336,-0.0943,0.0157,0.0681,-0.5939,-2.0087,0.0718
20.176029920578003,-0.0943,0.0117,0.062,-0.4137,-2.0096,-0.247
20.176130056381226,-0.0944,0.0058,0.0595,-0.2745,-2.0105,-0.4978
20.176230907440186,-0.0945,-0.0008,0.0567,-0.0918,-2.0115,-0.6554
20.176330089569092,-0.0947,-0.0069,0.0565,0.1552,-2.0124,-0.6593
20.294108867645264,-0.0949,-0.0113,0.0602,0.3315,-2.0134,-0.526
20.294261932373047,-0.0951,-0.013,0.0639,0.4726,-2.0143,-0.2761
20.294376850128174,-0.0952,-0.0118,0.0718,0.5065,-2.0153,0.0525
20.294478178024292,-0.0952,-0.0078,0.0788,0.388,-2.0162,0.3576
20.294584035873413,-0.0951,-0.0019,0.0826,0.2548,-2.0172,0.6068
20.29468011856079,-0.0949,0.0046,0.0872,0.0467,-2.0181,0.7593
20.2947781085968,-0.0946,0.0106,0.0873,-0.2752,-2.0191,0.7076
20.294876098632812,-0.0944,0.0143,0.0815,-0.5149,-2.02,0.4621
20.294976949691772,-0.0942,0.0145,0.0706,-0.5376,-2.021,0.1238
20.295075178146362,-0.0942,0.0114,0.0647,-0.3869,-2.0219,-0.1611
20.295177936553955,-0.0943,0.0064,0.0624,-0.2565,-2.0229,-0.3819
20.295275926589966,-0.0944,0.0008,0.0611,-0.2037,-2.0238,-0.5819
20.41389799118042,-0.0946,-0.0051,0.0553,-0.0123,-2.0247,-0.7038
20.41407799720764,-0.0948,-0.0105,0.0579,0.2768,-2.0257,-0.6239
20.414180994033813,-0.095,-0.0134,0.0638,0.4059,-2.0266,-0.4206
20.414283990859985,-0.0951,-0.0135,0.0679,0.4808,-2.0276,-0.1401
20.41437792778015,-0.0952,-0.0108,0.0759,0.4607,-2.0286,0.1858
20.414470911026,-0.0951,-0.0058,0.0815,0.3295,-2.0295,0.4701
20.414562940597534,-0.095,0.0006,0.0855,0.1842,-2.0305,0.6938
20.414655923843384,-0.0948,0.0072,0.0878,-0.0879,-2.0314,0.7621
20.414751052856445,-0.0945,0.0124,0.085,-0.3874,-2.0323,0.6199
20.41485095024109,-0.0943,0.0148,0.0759,-0.538,-2.0333,0.317
20.414993047714233,-0.0942,0.0134,0.0668,-0.4489,-2.0342,0.0056
20.415107011795044,-0.0942,0.0094,0.0639,-0.343,-2.0352,-0.2612
20.546020030975342,-0.0943,0.0041,0.0607,-0.2893,-2.0361,-0.5203
20.546185970306396,-0.0945,-0.0022,0.0548,-0.1221,-2.0371,-0.7175
20.546283960342407,-0.0947,-0.0086,0.0527,0.1831,-2.038,-0.7374
20.546380043029785,-0.0949,-0.0132,0.0596,0.395,-2.039,-0.5739
20.54647397994995,-0.0951,-0.0148,0.0642,0.4661,-2.0399,-0.3332
20.546566247940063,-0.0952,-0.0136,0.0696,0.529,-2.0409,-0.0123
20.546655893325806,-0.0952,-0.0097,0.0777,0.454,-2.0418,0.3205
20.546746015548706,-0.0951,-0.0036,0.0832,0.2988,-2.0428,0.5958
20.54683494567871,-0.0949,0.0033,0.0871,0.099,-2.0437,0.7744
20.546931982040405,-0.0947,0.0098,0.0878,-0.2114,-2.0447,0.7613
20.547022104263306,-0.0944,0.0143,0.0829,-0.4943,-2.0456,0.5336
20.54711079597473,-0.0943,0.0152,0.0718,-0.5362,-2.0465,0.1995
20.547203063964844,-0.0942,0.0126,0.0657,-0.4101,-2.0475,-0.0985
20.679445028305054,-0.0942,0.0079,0.0632,-0.3257,-2.0484,-0.363
20.67960810661316,-0.0943,0.002,0.0583,-0.2049,-2.0494,-0.5891
20.67973303794861,-0.0945,-0.0044,0.0556,0.0517,-2.0503,-0.673
20.679840087890625,-0.0947,-0.0096,0.0595,0.303,-2.0513,-0.5701
20.679942846298218,-0.0949,-0.0123,0.0658,0.394,-2.0522,-0.3658
20.68003821372986,-0.0951,-0.0122,0.0691,0.4461,-2.0532,-0.104
20.680129051208496,-0.0951,-0.0095,0.0751,0.451,-2.0541,0.2056
20.68022084236145,-0.095,-0.0047,0.0831,0.3095,-2.0551,0.4836
20.680320978164673,-0.0949,0.0014,0.0855,0.0872,-2.056,0.6394
20.68041491508484,-0.0947,0.0072,0.0859,-0.1321,-2.057,0.6596
20.68050718307495,-0.0944,0.0115,0.083,-0.3734,-2.0579,0.5057
20.6806001663208,-0.0943,0.013,0.0741,-0.4378,-2.0588,0.2474
20.680694103240967,-0.0942,0.0115,0.0692,-0.3623,-2.0598,0.0017
20.68078589439392,-0.0942,0.0081,0.0661,-0.3012,-2.0607,-0.2286
20.802721977233887,-0.0943,0.0034,0.0617,-0.18,-2.0617,-0.4156
20.802869081497192,-0.0944,-0.0017,0.0598,-0.0041,-2.0626,-0.5062
20.80297017097473,-0.0946,-0.0061,0.0613,0.1979,-2.0636,-0.4586
20.80306601524353,-0.0947,-0.0087,0.0669,0.3153,-2.0645,-0.2975
20.80316424369812,-0.0948,-0.009,0.0708,0.3232,-2.0655,-0.1037
20.80325984954834,-0.0948,-0.0073,0.074,0.3009,-2.0664,0.0995
20.80334997177124,-0.0948,-0.0042,0.0776,0.2314,-2.0674,0.2856
20.80343794822693,-0.0947,-0.0001,0.0792,0.201,-2.0683,0.4657
20.803524017333984,-0.0946,0.0045,0.0841,0.0725,-2.0692,0.6012
20.803612232208252,-0.0944,0.009,0.0842,-0.2042,-2.0702,0.5615
20.80369997024536,-0.0942,0.0118,0.0774,-0.3257,-2.0711,0.3957
20.803793907165527,-0.0941,0.0121,0.0736,-0.3309,-2.0721,0.1997
20.816455841064453,-0.094,0.0104,0.0707,-0.3562,-2.073,-0.0346
20.924437999725342,-0.094,0.0069,0.0658,-0.3135,-2.074,-0.2793
20.924597024917603,-0.0941,0.0021,0.0614,-0.1817,-2.0749,-0.4732
20.924710988998413,-0.0943,-0.0031,0.0596,-0.0025,-2.0758,-0.5679
20.924810886383057,-0.0944,-0.0077,0.0602,0.2391,-2.0768,-0.5058
20.9249210357666,-0.0946,-0.0103,0.066,0.4126,-2.0777,-0.2917
20.925019025802612,-0.0947,-0.0101,0.0733,0.3835,-2.0787,-0.0447
20.92511010169983,-0.0947,-0.0075,0.0764,0.2989,-2.0796,0.1717
20.925201892852783,-0.0947,-0.0036,0.0794,0.2319,-2.0806,0.3687
20.925294160842896,-0.0945,0.0011,0.0826,0.1045,-2.0815,0.5093
20.92538595199585,-0.0944,0.0057,0.0838,-0.0702,-2.0825,0.5479
20.925479888916016,-0.0942,0.0094,0.0814,-0.2055,-2.0834,0.4842
21.030627012252808,-0.094,0.0113,0.0791,-0.3078,-2.0843,0.3394
21.03077983856201,-0.0939,0.0112,0.0756,-0.3986,-2.0853,0.1108
21.030894994735718,-0.0939,0.0089,0.069,-0.3613,-2.0862,-0.143
21.030998945236206,-0.0939,0.0048,0.0636,-0.2279,-2.0872,-0.3518
21.031105995178223,-0.0941,-0.0,0.0621,-0.0717,-2.0881,-0.4742
21.031206130981445,-0.0942,-0.0046,0.0611,0.0868,-2.089,-0.5043
21.03130602836609,-0.0944,-0.0082,0.0624,0.2823,-2.09,-0.4016
21.031404972076416,-0.0945,-0.0096,0.0678,0.4243,-2.0909,-0.1697
21.031501054763794,-0.0946,-0.0084,0.0755,0.3896,-2.0919,0.0954
21.031595945358276,-0.0945,-0.0049,0.0792,0.2424,-2.0928,0.2943
21.031697988510132,-0.0944,-0.0006,0.0792,0.205,-2.0938,0.4715
21.13626217842102,-0.0943,0.0042,0.0842,0.1049,-2.0947,0.6225
21.13640284538269,-0.0941,0.009,0.0847,-0.1421,-2.0956,0.6208
21.136499881744385,-0.0939,0.0123,0.0814,-0.328,-2.0966,0.4776
21.13658905029297,-0.0937,0.0133,0.0766,-0.4385,-2.0975,0.2286
21.136677026748657,-0.0936,0.0115,0.0697,-0.4288,-2.0985,-0.0644
21.136785984039307,-0.0937,0.0075,0.0643,-0.3216,-2.0994,-0.3298
21.136873960494995,-0.0938,0.002,0.0612,-0.1911,-2.1003,-0.5372
21.136961936950684,-0.0939,-0.0038,0.0576,0.0214,-2.1013,-0.637
21.1370530128479,-0.0942,-0.0089,0.0587,0.2984,-2.1022,-0.5535
21.13714098930359,-0.0943,-0.0116,0.0646,0.4729,-2.1032,-0.3166
21.242674827575684,-0.0944,-0.0112,0.0723,0.522,-2.1041,0.0068
21.242816925048828,-0.0944,-0.0078,0.0809,0.3955,-2.105,0.3123
21.242929220199585,-0.0943,-0.0024,0.0834,0.2079,-2.106,0.5177
21.243024110794067,-0.0942,0.0034,0.0849,0.0722,-2.1069,0.6494
21.24312710762024,-0.094,0.0087,0.0869,-0.1377,-2.1079,0.6631
21.243242025375366,-0.0937,0.0125,0.0846,-0.3895,-2.1088,0.5
21.243343114852905,-0.0936,0.0137,0.0769,-0.4881,-2.1097,0.2191
21.243439197540283,-0.0935,0.0117,0.069,-0.438,-2.1107,-0.0873
21.243534088134766,-0.0935,0.0073,0.0638,-0.2793,-2.1116,-0.332
21.243628978729248,-0.0936,0.0019,0.0624,-0.1168,-2.1126,-0.4854
21.24372410774231,-0.0938,-0.0034,0.0613,0.0565,-2.1135,-0.5383
21.34425401687622,-0.094,-0.0076,0.0622,0.27,-2.1144,-0.4495
21.344390869140625,-0.0941,-0.0097,0.0666,0.4508,-2.1154,-0.214
21.344500064849854,-0.0942,-0.0089,0.0741,0.4695,-2.1163,0.0872
21.344601154327393,-0.0942,-0.0054,0.0799,0.3673,-2.1173,0.3657
21.344699144363403,-0.094,-0.0002,0.0836,0.2797,-2.1182,0.6176
21.344799041748047,-0.0938,0.0059,0.0885,0.0666,-2.1191,0.7708
21.344897031784058,-0.0936,0.0116,0.088,-0.2401,-2.1201,0.7255
21.344994068145752,-0.0934,0.0152,0.0827,-0.4603,-2.121,0.5024
21.345094919204712,-0.0932,0.0156,0.0724,-0.4704,-2.1219,0.1997
21.345192909240723,-0.0931,0.0128,0.0678,-0.3502,-2.1229,-0.0609
21.361199140548706,-0.0931,0.0084,0.0649,-0.246,-2.1238,-0.2775
21.3613440990448,-0.0932,0.0032,0.0633,-0.168,-2.1247,-0.4591
21.47013807296753,-0.0934,-0.0023,0.059,-0.006,-2.1257,-0.5704
21.470275163650513,-0.0936,-0.0071,0.0593,0.2732,-2.1266,-0.5029
21.470370054244995,-0.0937,-0.0099,0.0668,0.414,-2.1275,-0.2927
21.47046399116516,-0.0938,-0.0098,0.0725,0.3979,-2.1285,-0.0523
21.47054886817932,-0.0938,-0.0074,0.0759,0.3892,-2.1294,0.2084
21.470636129379272,-0.0938,-0.0031,0.0812,0.3548,-2.1304,0.4875
21.470731019973755,-0.0936,0.0026,0.0871,0.1918,-2.1313,0.7068
21.470818996429443,-0.0934,0.0087,0.0894,-0.0777,-2.1322,0.7723
21.470904111862183,-0.0931,0.0136,0.0847,-0.2746,-2.1332,0.6799
21.470991134643555,-0.0929,0.0162,0.0817,-0.3675,-2.1341,0.5077
21.471076011657715,-0.0928,0.0163,0.0774,-0.4767,-2.135,0.2342
21.58698606491089,-0.0927,0.0137,0.0684,-0.4451,-2.1359,-0.0853
21.58713698387146,-0.0927,0.0087,0.062,-0.277,-2.1369,-0.3456
21.587234020233154,-0.0928,0.0027,0.06,-0.0286,-2.1378,-0.4633
21.587328910827637,-0.093,-0.0026,0.0618,0.1667,-2.1387,-0.4458
21.587440013885498,-0.0931,-0.0062,0.0643,0.3675,-2.1397,-0.2836
21.58755087852478,-0.0932,-0.0071,0.0714,0.4908,-2.1406,0.0084
21.587636947631836,-0.0932,-0.0049,0.0784,0.4767,-2.1415,0.3426
21.587722063064575,-0.0931,-0.0001,0.0842,0.3986,-2.1424,0.6712
21.58780598640442,-0.0929,0.0065,0.0908,0.2336,-2.1434,0.9444
21.58789086341858,-0.0926,0.0138,0.0945,-0.1174,-2.1443,1.0214
21.58797597885132,-0.0922,0.0196,0.0899,-0.4531,-2.1452,0.8531
21.696603059768677,-0.092,0.022,0.0782,-0.5444,-2.1461,0.5431
21.696763038635254,-0.0918,0.0207,0.0729,-0.4793,-2.1471,0.2362
21.69687509536743,-0.0917,0.0168,0.0672,-0.412,-2.148,-0.0701
21.696983098983765,-0.0917,0.0111,0.0609,-0.2387,-2.1489,-0.3139
21.697083950042725,-0.0918,0.0047,0.0584,0.0338,-2.1498,-0.4036
21.697185039520264,-0.092,-0.0006,0.0614,0.2194,-2.1507,-0.3561
21.697282075881958,-0.0921,-0.0039,0.0641,0.3789,-2.1517,-0.1884
21.697381019592285,-0.0921,-0.0046,0.0704,0.4951,-2.1526,0.0989
21.697479009628296,-0.0921,-0.0022,0.0778,0.4835,-2.1535,0.4327
21.697574853897095,-0.092,0.0026,0.0844,0.3553,-2.1544,0.7342
21.697672843933105,-0.0917,0.009,0.0894,0.1312,-2.1553,0.931
21.806161165237427,-0.0914,0.0154,0.0903,-0.1675,-2.1562,0.9447
21.806318998336792,-0.0911,0.02,0.0854,-0.4201,-2.1572,0.7632
21.806425094604492,-0.0909,0.0214,0.0759,-0.4468,-2.1581,0.4978
21.80654215812683,-0.0907,0.0199,0.073,-0.4066,-2.159,0.236
21.806671142578125,-0.0906,0.0162,0.0684,-0.3519,-2.1599,-0.0257
21.806775093078613,-0.0906,0.0111,0.0635,-0.1782,-2.1608,-0.2135
21.806864023208618,-0.0907,0.0057,0.0625,0.0041,-2.1617,-0.2944
21.806952953338623,-0.0908,0.0011,0.063,0.1579,-2.1626,-0.2757
21.807042121887207,-0.0909,-0.0019,0.0652,0.3413,-2.1635,-0.1252
21.807130098342896,-0.0909,-0.0026,0.071,0.444,-2.1644,0.1326
21.807228803634644,-0.0909,-0.0005,0.0772,0.4037,-2.1653,0.4097
21.915289163589478,-0.0908,0.0036,0.0808,0.3868,-2.1662,0.7048
21.91549801826477,-0.0905,0.0094,0.0884,0.2271,-2.1671,0.9549
21.915611028671265,-0.0902,0.0159,0.0915,-0.1163,-2.168,1.0089
21.91571617126465,-0.0899,0.021,0.0845,-0.3761,-2.1689,0.8484
21.91582417488098,-0.0896,0.023,0.0788,-0.4324,-2.1698,0.6123
21.91592812538147,-0.0894,0.022,0.0745,-0.4881,-2.1707,0.3083
21.916035175323486,-0.0893,0.0184,0.0669,-0.4457,-2.1716,-0.0254
21.91614007949829,-0.0893,0.0127,0.0598,-0.1942,-2.1725,-0.2511
21.916229009628296,-0.0894,0.0064,0.0614,0.058,-2.1734,-0.3064
21.916314125061035,-0.0895,0.0015,0.064,0.1892,-2.1743,-0.2622
21.916401147842407,-0.0896,-0.0015,0.0658,0.3427,-2.1752,-0.1079
22.02298593521118,-0.0896,-0.0021,0.0708,0.4543,-2.1761,0.1541
22.023125886917114,-0.0896,0.0,0.0777,0.4532,-2.177,0.4656
22.023217916488647,-0.0894,0.0046,0.0842,0.3255,-2.1779,0.7436
22.023303985595703,-0.0892,0.0104,0.088,0.1156,-2.1788,0.9175
22.023396015167236,-0.0889,0.0163,0.0865,-0.0949,-2.1797,0.9481
22.02348303794861,-0.0886,0.0206,0.0855,-0.2697,-2.1806,0.8618
22.023569107055664,-0.0883,0.0228,0.0822,-0.473,-2.1814,0.6215
22.02365493774414,-0.0881,0.022,0.0718,-0.5312,-2.1823,0.2682
22.023741960525513,-0.088,0.018,0.0627,-0.3064,-2.1832,-0.0076
22.023833990097046,-0.088,0.0126,0.0636,-0.0905,-2.1841,-0.1412
22.023925065994263,-0.0881,0.0074,0.0647,0.0103,-2.185,-0.2049
22.03644108772278,-0.0881,0.0032,0.0643,0.1311,-2.1858,-0.1964
22.14388394355774,-0.0882,0.0003,0.0655,0.2807,-2.1867,-0.085
22.144037008285522,-0.0882,-0.0006,0.0708,0.3868,-2.1876,0.1324
22.14414405822754,-0.0882,0.0009,0.0765,0.398,-2.1885,0.3985
22.144243001937866,-0.088,0.0045,0.0806,0.3515,-2.1894,0.6664
22.14434313774109,-0.0878,0.0096,0.0863,0.2158,-2.1902,0.8902
22.144438982009888,-0.0875,0.0154,0.0903,-0.0582,-2.1911,0.9693
22.144536018371582,-0.0872,0.0203,0.0875,-0.3383,-2.192,0.8503
22.144630908966064,-0.0869,0.0225,0.0777,-0.4432,-2.1929,0.5949
22.144726037979126,-0.0867,0.0215,0.0717,-0.3572,-2.1937,0.3513
22.144819974899292,-0.0866,0.0185,0.0693,-0.3061,-2.1946,0.1214
22.14491605758667,-0.0866,0.0141,0.0647,-0.2063,-2.1955,-0.0797
22.252054929733276,-0.0866,0.0091,0.0605,0.0063,-2.1963,-0.1772
22.252203941345215,-0.0867,0.0047,0.0629,0.2321,-2.1972,-0.1147
22.25230097770691,-0.0867,0.0021,0.0685,0.2808,-2.1981,0.0175
22.252390146255493,-0.0867,0.0017,0.0706,0.3254,-2.1989,0.1931
22.25248885154724,-0.0866,0.0031,0.0753,0.3767,-2.1998,0.4365
22.252582788467407,-0.0865,0.0064,0.081,0.3025,-2.2007,0.6749
22.25267195701599,-0.0863,0.0111,0.0852,0.1095,-2.2015,0.8214
22.25276207923889,-0.086,0.0157,0.0845,-0.1121,-2.2024,0.8228
22.252856016159058,-0.0857,0.019,0.0802,-0.1848,-2.2032,0.7488
22.252952098846436,-0.0855,0.0206,0.0802,-0.2757,-2.2041,0.6171
22.25305485725403,-0.0853,0.0205,0.0759,-0.3572,-2.2049,0.4012
22.35946011543274,-0.0852,0.0182,0.069,-0.3118,-2.2058,0.1637
22.359633922576904,-0.0851,0.0144,0.0653,-0.1074,-2.2067,0.0292
22.359755039215088,-0.0851,0.0103,0.067,0.0665,-2.2075,0.0169
22.359850883483887,-0.0851,0.0074,0.0701,0.1207,-2.2084,0.0593
22.359943866729736,-0.0851,0.0058,0.0701,0.1924,-2.2092,0.1473
22.360037088394165,-0.085,0.0055,0.073,0.2947,-2.2101,0.3217
22.3601291179657,-0.0849,0.007,0.0777,0.3075,-2.2109,0.5384
22.360220909118652,-0.0848,0.0101,0.0824,0.1694,-2.2118,0.7015
22.36031413078308,-0.0845,0.0139,0.0841,-0.0539,-2.2126,0.7347
22.36040711402893,-0.0843,0.0169,0.0813,-0.2062,-2.2134,0.6519
22.36050510406494,-0.0841,0.0182,0.0767,-0.2767,-2.2143,0.4915
22.46688985824585,-0.0839,0.0175,0.0705,-0.2141,-2.2151,0.3262
22.467040061950684,-0.0838,0.0155,0.0704,-0.1314,-2.216,0.212
22.467141151428223,-0.0837,0.0129,0.0703,-0.0891,-2.2168,0.1224
22.467232942581177,-0.0837,0.0102,0.0684,-0.0137,-2.2176,0.0665
22.467334032058716,-0.0837,0.0078,0.0681,0.1011,-2.2185,0.0807
22.467429161071777,-0.0837,0.0062,0.07,0.1685,-2.2193,0.151
22.4675190448761,-0.0836,0.0058,0.0726,0.2354,-2.2201,0.2825
22.467607021331787,-0.0835,0.0068,0.077,0.2335,-2.221,0.445
22.467694997787476,-0.0834,0.0091,0.0807,0.116,-2.2218,0.5597
22.46778392791748,-0.0832,0.0118,0.0812,-0.0381,-2.2226,0.5799
22.58531880378723,-0.083,0.0139,0.0781,-0.0942,-2.2235,0.5428
22.585498094558716,-0.0828,0.0151,0.0774,-0.0646,-2.2243,0.5209
22.585613012313843,-0.0827,0.0156,0.079,-0.1246,-2.2251,0.4713
22.585702896118164,-0.0825,0.0155,0.0768,-0.2065,-2.226,0.353
22.585790872573853,-0.0824,0.0143,0.0727,-0.1763,-2.2268,0.224
22.585877895355225,-0.0823,0.0122,0.0709,-0.1029,-2.2276,0.128
22.585966110229492,-0.0823,0.0098,0.0695,-0.0191,-2.2284,0.0742
22.586050033569336,-0.0823,0.0076,0.0694,0.0906,-2.2292,0.0895
22.586134910583496,-0.0822,0.0062,0.0719,0.1786,-2.2301,0.1786
22.58621907234192,-0.0822,0.0061,0.0743,0.182,-2.2309,0.2867
22.586304903030396,-0.0821,0.007,0.0767,0.2001,-2.2317,0.4242
22.586400032043457,-0.0819,0.0091,0.0803,0.1508,-2.2325,0.5569
22.693966150283813,-0.0818,0.0118,0.0823,0.0257,-2.2333,0.6245
22.694113969802856,-0.0815,0.0143,0.083,-0.1171,-2.2342,0.6061
22.694221019744873,-0.0814,0.0159,0.0802,-0.2188,-2.235,0.5035
22.69431495666504,-0.0812,0.0161,0.0766,-0.2608,-2.2358,0.3473
22.694417238235474,-0.0811,0.0146,0.0716,-0.2255,-2.2366,0.1776
22.69451904296875,-0.081,0.012,0.0695,-0.0822,-2.2374,0.0836
22.694609880447388,-0.081,0.0092,0.071,0.0005,-2.2382,0.0515
22.694700956344604,-0.081,0.0069,0.0711,0.0584,-2.239,0.056
22.69479012489319,-0.081,0.0054,0.0725,0.0863,-2.2398,0.0876
22.69488000869751,-0.0809,0.0046,0.0731,0.1207,-2.2406,0.1447
22.694969177246094,-0.0809,0.0047,0.0755,0.1658,-2.2415,0.2481
22.803287982940674,-0.0808,0.0057,0.0798,0.1263,-2.2423,0.3574
22.803428173065186,-0.0807,0.0075,0.0822,-0.0112,-2.2431,0.3958
22.80352520942688,-0.0806,0.0091,0.0815,-0.1408,-2.2439,0.3462
22.803613901138306,-0.0804,0.0097,0.0783,-0.1807,-2.2447,0.2488
22.803711891174316,-0.0804,0.0092,0.0759,-0.1805,-2.2455,0.1333
22.803805828094482,-0.0803,0.0078,0.0737,-0.17,-2.2463,0.008
22.80389714241028,-0.0803,0.0055,0.0711,-0.1197,-2.2471,-0.105
22.803985834121704,-0.0803,0.0028,0.0698,-0.0039,-2.2479,-0.1541
22.80407404899597,-0.0804,0.0005,0.0717,0.053,-2.2487,-0.1551
22.80416202545166,-0.0804,-0.0012,0.0721,0.0836,-2.2495,-0.1345
22.804256916046143,-0.0805,-0.0021,0.0733,0.1483,-2.2503,-0.0644
22.91342806816101,-0.0805,-0.0021,0.0755,0.177,-2.2511,0.0397
22.913575887680054,-0.0805,-0.0011,0.0786,0.1364,-2.2519,0.1401
22.91367506980896,-0.0805,0.0006,0.0798,0.0631,-2.2527,0.2032
22.913766145706177,-0.0804,0.0024,0.0805,0.0262,-2.2535,0.2484
22.913862228393555,-0.0803,0.0041,0.082,-0.0478,-2.2543,0.2575
22.913968086242676,-0.0802,0.0054,0.0808,-0.1481,-2.2551,0.1939
22.91406011581421,-0.0802,0.0057,0.0778,-0.1808,-2.2559,0.0878
22.91415286064148,-0.0801,0.0048,0.0757,-0.1578,-2.2567,-0.0196
22.914259910583496,-0.0801,0.0032,0.0738,-0.1187,-2.2575,-0.1163
22.914353132247925,-0.0802,0.0011,0.0729,-0.0597,-2.2583,-0.1834
22.914449214935303,-0.0802,-0.001,0.073,-0.0263,-2.2591,-0.2297
23.022228956222534,-0.0803,-0.003,0.0723,0.0213,-2.2599,-0.2515
23.022398948669434,-0.0804,-0.0045,0.0729,0.0898,-2.2607,-0.2258
23.022496938705444,-0.0805,-0.0054,0.0746,0.1372,-2.2616,-0.158
23.022597074508667,-0.0805,-0.0053,0.0761,0.165,-2.2624,-0.0617
23.022691011428833,-0.0805,-0.0043,0.079,0.1599,-2.2632,0.0522
23.0227792263031,-0.0805,-0.0025,0.0807,0.103,-2.264,0.1425
23.022865056991577,-0.0805,-0.0004,0.0817,0.102,-2.2648,0.2407
23.022950887680054,-0.0804,0.0021,0.0843,0.0479,-2.2656,0.3239
23.023037910461426,-0.0803,0.0046,0.0851,-0.0984,-2.2664,0.3199
23.023128986358643,-0.0802,0.0064,0.0821,-0.2288,-2.2672,0.2111
23.023218870162964,-0.0801,0.0065,0.0772,-0.2601,-2.268,0.0467
23.12957215309143,-0.0801,0.005,0.073,-0.2141,-2.2688,-0.1185
23.129728078842163,-0.0801,0.0024,0.0714,-0.1315,-2.2696,-0.2439
23.12984013557434,-0.0802,-0.0007,0.0712,-0.1279,-2.2704,-0.3706
23.129945039749146,-0.0803,-0.0041,0.0671,-0.0733,-2.2712,-0.4941
23.13004493713379,-0.0805,-0.0077,0.0665,0.1136,-2.272,-0.5038
23.130143880844116,-0.0807,-0.0103,0.069,0.2663,-2.2728,-0.3984
23.130245208740234,-0.0808,-0.0111,0.0721,0.3694,-2.2736,-0.2053
23.130341053009033,-0.0809,-0.0098,0.0784,0.3827,-2.2744,0.0421
23.130436182022095,-0.0808,-0.0064,0.0845,0.299,-2.2752,0.2813
23.130532026290894,-0.0808,-0.0018,0.0875,0.1074,-2.276,0.4207
23.130629062652588,-0.0806,0.0029,0.0869,-0.0024,-2.2768,0.4883
23.23679208755493,-0.0805,0.0068,0.0883,-0.1433,-2.2776,0.4768
23.236938953399658,-0.0803,0.0094,0.0857,-0.3236,-2.2784,0.3321
23.237035989761353,-0.0802,0.0098,0.0785,-0.3931,-2.2793,0.0911
23.237126111984253,-0.0802,0.0078,0.0719,-0.2796,-2.2801,-0.1253
23.237215042114258,-0.0802,0.0042,0.0706,-0.1421,-2.2809,-0.265
23.23730778694153,-0.0803,0.0004,0.0706,-0.0549,-2.2817,-0.3505
23.237402200698853,-0.0804,-0.0032,0.0692,0.0395,-2.2825,-0.388
23.23749089241028,-0.0805,-0.006,0.0696,0.1846,-2.2833,-0.3309
23.23757791519165,-0.0806,-0.0074,0.073,0.2962,-2.2841,-0.1782
23.237663984298706,-0.0807,-0.0069,0.0774,0.3371,-2.2849,0.032
23.34545397758484,-0.0807,-0.0045,0.0825,0.2746,-2.2857,0.24
23.345629930496216,-0.0806,-0.0008,0.085,0.2074,-2.2865,0.4248
23.345734119415283,-0.0805,0.0036,0.0887,0.1105,-2.2873,0.5763
23.345840215682983,-0.0803,0.0081,0.0905,-0.1143,-2.2881,0.5984
23.345937967300415,-0.0801,0.0115,0.0875,-0.3389,-2.2889,0.4556
23.346035957336426,-0.0799,0.0125,0.079,-0.3888,-2.2897,0.2202
23.346133947372437,-0.0799,0.0109,0.0748,-0.306,-2.2905,0.0071
23.346233129501343,-0.0799,0.0077,0.0727,-0.2464,-2.2913,-0.1843
23.34633207321167,-0.0799,0.0036,0.07,-0.1818,-2.2921,-0.3564
23.346431970596313,-0.08,-0.001,0.0673,-0.0632,-2.2929,-0.4743
23.34653115272522,-0.0802,-0.0053,0.0668,0.125,-2.2937,-0.477
23.453207969665527,-0.0804,-0.0084,0.0708,0.2766,-2.2945,-0.3559
23.453361988067627,-0.0805,-0.0093,0.0751,0.3195,-2.2953,-0.1768
23.45346188545227,-0.0805,-0.0082,0.0788,0.325,-2.2961,0.0328
23.453558921813965,-0.0805,-0.0055,0.0825,0.3092,-2.2969,0.2602
23.453651905059814,-0.0804,-0.0013,0.0871,0.2043,-2.2977,0.4556
23.45375418663025,-0.0803,0.0035,0.0897,0.0372,-2.2985,0.5642
23.453848123550415,-0.0801,0.008,0.0888,-0.1765,-2.2993,0.5315
23.45394515991211,-0.0799,0.0108,0.0834,-0.2822,-2.3001,0.3929
23.45403790473938,-0.0798,0.0114,0.0804,-0.3082,-2.3009,0.2169
23.45413088798523,-0.0797,0.0101,0.0779,-0.3338,-2.3017,0.0049
23.454230070114136,-0.0797,0.0071,0.0725,-0.2922,-2.3025,-0.2204
23.571392059326172,-0.0798,0.0028,0.0686,-0.1838,-2.3033,-0.4066
23.5715389251709,-0.0799,-0.002,0.0666,-0.06,-2.3041,-0.5311
23.571640968322754,-0.0801,-0.0066,0.0651,0.1475,-2.3049,-0.5351
23.571733951568604,-0.0803,-0.0098,0.0688,0.3678,-2.3057,-0.3729
23.571837902069092,-0.0804,-0.0105,0.0769,0.4169,-2.3065,-0.1215
23.571932077407837,-0.0804,-0.0085,0.082,0.3181,-2.3073,0.1034
23.572021961212158,-0.0804,-0.005,0.0834,0.269,-2.3081,0.3088
23.572111129760742,-0.0803,-0.0005,0.0878,0.2071,-2.3089,0.5084
23.57219886779785,-0.0801,0.0046,0.0909,0.0073,-2.3097,0.6048
23.572288990020752,-0.0799,0.0091,0.0882,-0.1839,-2.3105,0.5609
23.572378158569336,-0.0798,0.0119,0.0855,-0.29,-2.3113,0.4314
23.57246685028076,-0.0796,0.0125,0.083,-0.4063,-2.3121,0.2083
23.681164979934692,-0.0796,0.0108,0.0756,-0.4281,-2.3129,-0.083
23.68131709098816,-0.0796,0.0067,0.0701,-0.2981,-2.3137,-0.332
23.681428909301758,-0.0797,0.0015,0.068,-0.1886,-2.3145,-0.5291
23.681535959243774,-0.0799,-0.0041,0.064,-0.0032,-2.3153,-0.6387
23.681638956069946,-0.0801,-0.0091,0.0651,0.2636,-2.3161,-0.5721
23.68173909187317,-0.0803,-0.012,0.0704,0.46,-2.3169,-0.3427
23.681838035583496,-0.0804,-0.0117,0.0801,0.4802,-2.3177,-0.0309
23.68193507194519,-0.0804,-0.0085,0.0855,0.3392,-2.3185,0.2308
23.682036876678467,-0.0803,-0.0037,0.0872,0.2435,-2.3193,0.4457
23.68213391304016,-0.0802,0.0018,0.0908,0.1334,-2.3201,0.6182
23.682230949401855,-0.08,0.0073,0.0923,-0.0812,-2.3209,0.6664
23.793411016464233,-0.0797,0.0116,0.0897,-0.2775,-2.3217,0.5717
23.793573141098022,-0.0796,0.0137,0.0861,-0.437,-2.3225,0.35
23.7936749458313,-0.0794,0.013,0.0784,-0.487,-2.3233,0.0404
23.793779850006104,-0.0794,0.0095,0.0718,-0.3986,-2.3241,-0.2621
23.79388689994812,-0.0795,0.0041,0.0671,-0.2731,-2.3249,-0.5212
23.793982982635498,-0.0797,-0.0022,0.0636,-0.0885,-2.3257,-0.6902
23.794076919555664,-0.0799,-0.0083,0.0616,0.1967,-2.3265,-0.6935
23.79417109489441,-0.0801,-0.0126,0.0661,0.446,-2.3273,-0.5066
23.79426407814026,-0.0803,-0.0137,0.0741,0.5581,-2.3281,-0.1909
23.794354915618896,-0.0804,-0.0115,0.0834,0.4838,-2.3289,0.1447
23.79444718360901,-0.0803,-0.0066,0.0888,0.2841,-2.3297,0.3928
23.90676999092102,-0.0802,-0.0008,0.0879,0.1088,-2.3305,0.5247
23.90692400932312,-0.08,0.0046,0.089,0.0038,-2.3313,0.6003
23.907031059265137,-0.0798,0.009,0.09,-0.1978,-2.3321,0.5553
23.907130002975464,-0.0796,0.0117,0.0865,-0.4063,-2.3329,0.3527
23.907230854034424,-0.0795,0.0117,0.0784,-0.4503,-2.3337,0.0631
23.90733003616333,-0.0795,0.0088,0.0727,-0.3543,-2.3345,-0.2073
23.907430171966553,-0.0796,0.0041,0.0686,-0.2452,-2.3353,-0.4394
23.907541036605835,-0.0797,-0.0014,0.0653,-0.082,-2.3361,-0.594
23.907641172409058,-0.0799,-0.0068,0.0636,0.1634,-2.3369,-0.606
23.907742023468018,-0.0801,-0.0106,0.0677,0.3777,-2.3377,-0.4528
23.907840967178345,-0.0803,-0.0119,0.0734,0.4898,-2.3385,-0.1868
24.01973295211792,-0.0803,-0.0101,0.0816,0.4782,-2.3393,0.1306
24.019882917404175,-0.0803,-0.0058,0.0877,0.3081,-2.3401,0.3849
24.019978046417236,-0.0801,-0.0003,0.088,0.2131,-2.3409,0.5829
24.02006697654724,-0.08,0.0055,0.0917,0.0612,-2.3417,0.7131
24.02015519142151,-0.0797,0.0108,0.0923,-0.214,-2.3425,0.673
24.020249128341675,-0.0795,0.0141,0.0882,-0.4476,-2.3433,0.4549
24.020344018936157,-0.0794,0.0143,0.08,-0.5048,-2.3441,0.141
24.02043318748474,-0.0793,0.0114,0.0728,-0.4428,-2.3449,-0.1861
24.02052092552185,-0.0794,0.0062,0.0669,-0.2649,-2.3457,-0.4439
24.020612001419067,-0.0795,-0.0,0.0675,-0.0506,-2.3465,-0.5631
24.020700216293335,-0.0797,-0.0055,0.0675,0.134,-2.3473,-0.5675
24.020787954330444,-0.0799,-0.0094,0.0696,0.3438,-2.3481,-0.4239
24.132797956466675,-0.08,-0.0107,0.076,0.4615,-2.3489,-0.1596
24.132941007614136,-0.0801,-0.009,0.0828,0.4575,-2.3497,0.1517
24.133036136627197,-0.08,-0.0049,0.0907,0.315,-2.3505,0.4302
24.133124113082886,-0.0799,0.0008,0.0917,0.0892,-2.3513,0.5737
24.13322401046753,-0.0797,0.0062,0.0919,-0.0795,-2.3521,0.6128
24.133315086364746,-0.0795,0.0103,0.0907,-0.294,-2.3529,0.5073
24.133402109146118,-0.0793,0.0121,0.0846,-0.4374,-2.3537,0.2664
24.133489847183228,-0.0792,0.0111,0.076,-0.4384,-2.3544,-0.0371
24.13357901573181,-0.0793,0.0074,0.0697,-0.2796,-2.3552,-0.286
24.13367199897766,-0.0794,0.0024,0.0688,-0.0796,-2.356,-0.4157
24.133763074874878,-0.0795,-0.0024,0.0689,-0.0032,-2.3568,-0.4987
24.24395489692688,-0.0796,-0.0065,0.0664,0.1503,-2.3576,-0.5029
24.244127988815308,-0.0798,-0.0095,0.0689,0.3656,-2.3584,-0.3521
24.244252920150757,-0.0799,-0.0101,0.0763,0.4348,-2.3592,-0.1049
24.244349002838135,-0.08,-0.0081,0.0821,0.3691,-2.36,0.1431
24.244460105895996,-0.0799,-0.0043,0.0856,0.2629,-2.3608,0.3498
24.24455189704895,-0.0798,0.0004,0.0878,0.2161,-2.3616,0.545
24.244646072387695,-0.0796,0.0056,0.0927,0.0199,-2.3624,0.6515
24.24473810195923,-0.0794,0.0103,0.0915,-0.282,-2.3632,0.5574
24.244832038879395,-0.0792,0.0126,0.0851,-0.4416,-2.364,0.3154
24.24492383003235,-0.0791,0.0119,0.0771,-0.4508,-2.3648,0.0097
24.245018005371094,-0.0791,0.0084,0.0706,-0.3271,-2.3656,-0.2651
24.355627059936523,-0.0792,0.0033,0.0687,-0.1929,-2.3664,-0.4699
24.355798959732056,-0.0794,-0.0023,0.0663,-0.0761,-2.3672,-0.6202
24.35590410232544,-0.0796,-0.0076,0.0647,0.1301,-2.368,-0.6532
24.356000900268555,-0.0798,-0.0117,0.0664,0.3658,-2.3688,-0.5243
24.356092929840088,-0.0799,-0.0133,0.0728,0.5034,-2.3696,-0.2619
24.356189966201782,-0.08,-0.0119,0.0802,0.4969,-2.3704,0.05
24.35628390312195,-0.08,-0.0078,0.0871,0.399,-2.3712,0.3507
24.356371879577637,-0.0799,-0.0021,0.0918,0.2353,-2.372,0.5828
24.356462001800537,-0.0797,0.0042,0.0939,0.011,-2.3728,0.6885
24.35654902458191,-0.0795,0.0097,0.0935,-0.2607,-2.3736,0.6192
24.35664987564087,-0.0793,0.0128,0.0879,-0.4483,-2.3743,0.3909
24.477570056915283,-0.0792,0.0128,0.0798,-0.4951,-2.3751,0.0743
24.477720975875854,-0.0791,0.0097,0.0718,-0.3678,-2.3759,-0.2196
24.47783899307251,-0.0792,0.0046,0.0696,-0.1875,-2.3767,-0.4164
24.477942943572998,-0.0793,-0.0008,0.0691,-0.064,-2.3775,-0.5405
24.4780490398407,-0.0795,-0.0058,0.0679,0.1036,-2.3783,-0.5684
24.47814917564392,-0.0797,-0.0096,0.0696,0.3183,-2.3791,-0.4483
24.47824788093567,-0.0798,-0.0111,0.0752,0.4523,-2.3799,-0.2022
24.478343963623047,-0.0799,-0.0098,0.0822,0.4323,-2.3807,0.0815
24.478439807891846,-0.0799,-0.006,0.0894,0.3094,-2.3815,0.3395
24.478535890579224,-0.0798,-0.0009,0.0918,0.0866,-2.3823,0.474
24.47863006591797,-0.0796,0.004,0.0908,-0.0138,-2.3831,0.5393
24.478726148605347,-0.0794,0.008,0.0915,-0.1981,-2.3839,0.4933
24.589494943618774,-0.0793,0.0104,0.0872,-0.3766,-2.3847,0.3026
24.589643955230713,-0.0792,0.0103,0.0798,-0.4089,-2.3855,0.0373
24.589755058288574,-0.0792,0.0075,0.0742,-0.2693,-2.3863,-0.1796
24.589852809906006,-0.0792,0.0035,0.0738,-0.1419,-2.3871,-0.3197
24.589972019195557,-0.0793,-0.0006,0.0726,-0.0745,-2.3879,-0.4281
24.59006690979004,-0.0795,-0.0046,0.0709,0.0697,-2.3887,-0.4578
24.590156078338623,-0.0796,-0.0077,0.073,0.2357,-2.3894,-0.3677
24.590245008468628,-0.0797,-0.009,0.0766,0.3489,-2.3902,-0.1794
24.59033179283142,-0.0798,-0.008,0.0827,0.362,-2.391,0.0609
24.590418815612793,-0.0798,-0.005,0.0871,0.2806,-2.3918,0.2821
24.590506076812744,-0.0797,-0.0008,0.0905,0.1975,-2.3926,0.4769
24.590590000152588,-0.0795,0.0041,0.0941,0.0321,-2.3934,0.5931
24.701844930648804,-0.0793,0.0087,0.0934,-0.2035,-2.3942,0.5551
24.70199203491211,-0.0792,0.0115,0.0893,-0.3811,-2.395,0.3745
24.70210599899292,-0.079,0.0117,0.0807,-0.4034,-2.3958,0.1186
24.702208042144775,-0.079,0.0093,0.0762,-0.2876,-2.3966,-0.0969
24.702299118041992,-0.079,0.0056,0.0752,-0.1922,-2.3974,-0.2603
24.702402114868164,-0.0791,0.0014,0.0743,-0.165,-2.3982,-0.4157
24.702494859695435,-0.0793,-0.0031,0.0697,-0.048,-2.399,-0.5313
24.702584981918335,-0.0794,-0.0073,0.0708,0.1814,-2.3998,-0.4943
24.70267391204834,-0.0796,-0.01,0.0754,0.2917,-2.4006,-0.355
24.702764987945557,-0.0797,-0.0104,0.0782,0.349,-2.4014,-0.1589
24.70285701751709,-0.0798,-0.0089,0.0824,0.3868,-2.4022,0.0925
24.814136028289795,-0.0797,-0.0053,0.0895,0.3063,-2.403,0.345
24.814289093017578,-0.0796,-0.0003,0.0925,0.097,-2.4038,0.4866
24.814399003982544,-0.0795,0.0045,0.0919,-0.0384,-2.4045,0.5393
24.814499139785767,-0.0793,0.0084,0.0917,-0.2247,-2.4053,0.473
24.81460189819336,-0.0791,0.0105,0.0854,-0.3567,-2.4061,0.2776
24.814697980880737,-0.079,0.0101,0.0797,-0.3032,-2.4069,0.0752
24.814796924591064,-0.079,0.0078,0.0777,-0.2359,-2.4077,-0.0995
24.814895153045654,-0.079,0.0045,0.0746,-0.1943,-2.4085,-0.2719
24.814996004104614,-0.0791,0.0005,0.0718,-0.0774,-2.4093,-0.3915
24.815096139907837,-0.0793,-0.0035,0.0706,0.0727,-2.4101,-0.4256
24.815194129943848,-0.0794,-0.0066,0.073,0.2081,-2.4109,-0.3573
24.927107095718384,-0.0795,-0.0081,0.0768,0.2647,-2.4117,-0.2265
24.927252054214478,-0.0796,-0.0079,0.0799,0.2816,-2.4125,-0.0623
24.927361965179443,-0.0796,-0.0061,0.0833,0.2722,-2.4133,0.1206
24.92746114730835,-0.0796,-0.0031,0.0876,0.1872,-2.4141,0.2817
24.927561044692993,-0.0795,0.0006,0.0892,0.0596,-2.4149,0.3737
24.927659034729004,-0.0794,0.004,0.0895,-0.0452,-2.4156,0.4021
24.927754878997803,-0.0792,0.0068,0.0886,-0.1639,-2.4164,0.3492
24.927850008010864,-0.0791,0.0081,0.0853,-0.2279,-2.4172,0.2323
24.92794704437256,-0.079,0.008,0.0825,-0.237,-2.418,0.0893
24.928042888641357,-0.079,0.0064,0.0795,-0.2196,-2.4188,-0.0655
24.92813992500305,-0.079,0.0039,0.0776,-0.1857,-2.4196,-0.2139
25.03927493095398,-0.0791,0.0006,0.0748,-0.134,-2.4204,-0.3513
25.03942084312439,-0.0792,-0.003,0.0718,-0.0129,-2.4212,-0.4341
25.039520025253296,-0.0794,-0.0063,0.0722,0.1628,-2.422,-0.4029
25.03961181640625,-0.0795,-0.0084,0.0766,0.2674,-2.4228,-0.2746
25.039716005325317,-0.0796,-0.0085,0.0805,0.263,-2.4236,-0.1211
25.039807081222534,-0.0796,-0.0071,0.0828,0.2433,-2.4244,0.0365
25.039895057678223,-0.0796,-0.0046,0.0864,0.1997,-2.4252,0.1933
25.03998303413391,-0.0795,-0.0014,0.089,0.0876,-2.426,0.2979
25.0400710105896,-0.0794,0.0019,0.089,-0.0029,-2.4268,0.3467
25.040159940719604,-0.0793,0.0047,0.0889,-0.0998,-2.4275,0.3338
25.040246963500977,-0.0792,0.0066,0.0866,-0.1813,-2.4283,0.2526
25.040335178375244,-0.0791,0.0071,0.0843,-0.2132,-2.4291,0.1347
25.15411400794983,-0.0791,0.0063,0.0818,-0.2162,-2.4299,-0.0038
25.15425395965576,-0.0791,0.0043,0.078,-0.1625,-2.4307,-0.1364
25.1543550491333,-0.0791,0.0017,0.0765,-0.0268,-2.4315,-0.1939
25.154449224472046,-0.0792,-0.0007,0.0792,0.0034,-2.4323,-0.2143
25.15455412864685,-0.0793,-0.0026,0.0767,-0.012,-2.4331,-0.2638
25.154645919799805,-0.0794,-0.0044,0.0758,0.1237,-2.4339,-0.2336
25.1547372341156,-0.0794,-0.0053,0.0797,0.1928,-2.4347,-0.1315
25.154826879501343,-0.0795,-0.005,0.0821,0.1563,-2.4355,-0.0362
25.154929876327515,-0.0795,-0.0039,0.0834,0.1315,-2.4363,0.0529
25.155025959014893,-0.0795,-0.0022,0.0845,0.1417,-2.4371,0.158
25.1551411151886,-0.0794,0.0,0.0874,0.0976,-2.4379,0.2561
25.268626928329468,-0.0793,0.0025,0.0878,0.0201,-2.4386,0.3085
25.26877212524414,-0.0792,0.0048,0.0884,-0.064,-2.4394,0.3121
25.268877029418945,-0.0791,0.0064,0.087,-0.1454,-2.4402,0.2546
25.268983125686646,-0.0791,0.0069,0.0849,-0.1861,-2.441,0.1559
25.26909303665161,-0.079,0.0064,0.0826,-0.2064,-2.4418,0.0272
25.26922106742859,-0.079,0.0047,0.079,-0.1753,-2.4426,-0.1091
25.26931095123291,-0.079,0.0022,0.0776,-0.089,-2.4434,-0.2008
25.269405841827393,-0.0791,-0.0004,0.0783,-0.1,-2.4442,-0.2969
25.269502878189087,-0.0792,-0.0032,0.0744,-0.0749,-2.445,-0.4065
25.269594192504883,-0.0793,-0.0062,0.0732,0.1128,-2.4458,-0.4059
25.26968288421631,-0.0795,-0.0083,0.0774,0.24,-2.4466,-0.2946
25.269773960113525,-0.0796,-0.0087,0.0813,0.2418,-2.4474,-0.1549
25.381273984909058,-0.0796,-0.0076,0.0839,0.228,-2.4482,-0.0048
25.38143515586853,-0.0796,-0.0054,0.0866,0.2222,-2.449,0.1621
25.381542205810547,-0.0796,-0.0022,0.0904,0.1477,-2.4497,0.3101
25.381648063659668,-0.0794,0.0015,0.0912,0.047,-2.4505,0.401
25.381752967834473,-0.0793,0.005,0.0916,-0.0692,-2.4513,0.4219
25.381852865219116,-0.0792,0.0076,0.0896,-0.1787,-2.4521,0.3593
25.381953954696655,-0.0791,0.0088,0.0869,-0.2407,-2.4529,0.2383
25.38205599784851,-0.079,0.0085,0.0843,-0.2728,-2.4537,0.0775
25.382161855697632,-0.079,0.0067,0.0808,-0.2623,-2.4545,-0.1036
25.382269859313965,-0.079,0.0037,0.0767,-0.1902,-2.4553,-0.2693
25.382394075393677,-0.0791,-0.0,0.074,-0.0596,-2.4561,-0.3722
25.504475116729736,-0.0792,-0.0037,0.0737,0.0674,-2.4569,-0.3983
25.504647970199585,-0.0793,-0.0064,0.0749,0.2174,-2.4577,-0.3206
25.50475311279297,-0.0794,-0.0076,0.0799,0.2983,-2.4585,-0.1558
25.50484800338745,-0.0795,-0.0069,0.0843,0.2601,-2.4593,0.0159
25.50494909286499,-0.0795,-0.0047,0.0869,0.191,-2.46,0.1633
25.505036115646362,-0.0794,-0.0017,0.0884,0.088,-2.4608,0.2564
25.505120038986206,-0.0793,0.0013,0.0882,0.0339,-2.4616,0.3148
25.50520610809326,-0.0792,0.004,0.0898,-0.0242,-2.4624,0.3485
25.505293130874634,-0.0791,0.0062,0.0889,-0.1489,-2.4632,0.2967
25.50537896156311,-0.079,0.0072,0.086,-0.2221,-2.464,0.1775
25.505465030670166,-0.079,0.0068,0.0836,-0.2459,-2.4648,0.0254
25.505555868148804,-0.079,0.005,0.0797,-0.2198,-2.4656,-0.1393
25.61721110343933,-0.079,0.0021,0.0776,-0.179,-2.4664,-0.295
25.617350816726685,-0.0791,-0.0014,0.0747,-0.1121,-2.4672,-0.4302
25.617455005645752,-0.0793,-0.0052,0.0718,0.0479,-2.468,-0.4855
25.617543935775757,-0.0794,-0.0083,0.0732,0.2529,-2.4688,-0.4008
25.61764907836914,-0.0795,-0.0097,0.079,0.3601,-2.4696,-0.2064
25.617763996124268,-0.0796,-0.0088,0.0847,0.3129,-2.4703,-0.0012
25.617851972579956,-0.0796,-0.0062,0.0873,0.2277,-2.4711,0.169
25.61794090270996,-0.0796,-0.0027,0.0889,0.1953,-2.4719,0.3315
25.618033170700073,-0.0794,0.0013,0.0923,0.1195,-2.4727,0.4724
25.618161916732788,-0.0793,0.0055,0.0939,-0.0528,-2.4735,0.5156
25.61827802658081,-0.0791,0.0089,0.0912,-0.1899,-2.4743,0.4528
25.729921102523804,-0.079,0.0107,0.089,-0.2791,-2.4751,0.3183
25.730072021484375,-0.0789,0.0106,0.0862,-0.3725,-2.4759,0.1028
25.730183839797974,-0.0788,0.0084,0.0793,-0.3515,-2.4767,-0.15
25.730283975601196,-0.0789,0.0044,0.076,-0.2251,-2.4775,-0.3478
25.730385065078735,-0.079,-0.0003,0.074,-0.1565,-2.4783,-0.5183
25.73048710823059,-0.0792,-0.0053,0.0709,0.0396,-2.4791,-0.5881
25.73058819770813,-0.0794,-0.0094,0.0729,0.2932,-2.4798,-0.4825
25.730684995651245,-0.0795,-0.0113,0.0792,0.4432,-2.4806,-0.2363
25.73078203201294,-0.0796,-0.0102,0.0874,0.3958,-2.4814,0.0385
25.73087787628174,-0.0796,-0.0068,0.0913,0.273,-2.4822,0.2635
25.730973958969116,-0.0795,-0.0022,0.0923,0.2259,-2.483,0.4684
25.7310688495636,-0.0793,0.003,0.0973,0.1127,-2.4838,0.6388
25.844594955444336,-0.0791,0.0084,0.0984,-0.1212,-2.4846,0.6695
25.84477996826172,-0.0789,0.0124,0.0953,-0.2965,-2.4854,0.5674
25.84489393234253,-0.0787,0.0142,0.0924,-0.4391,-2.4862,0.3535
25.84500503540039,-0.0786,0.0134,0.0851,-0.4902,-2.487,0.0538
25.8451189994812,-0.0786,0.0099,0.0781,-0.4166,-2.4878,-0.2509
25.84524393081665,-0.0787,0.0045,0.0728,-0.2414,-2.4885,-0.4841
25.845342874526978,-0.0788,-0.0016,0.0715,-0.0328,-2.4893,-0.5959
25.84543514251709,-0.079,-0.0069,0.0718,0.208,-2.4901,-0.5541
25.845526933670044,-0.0792,-0.0102,0.0762,0.4004,-2.4909,-0.3585
25.845618963241577,-0.0793,-0.0107,0.0829,0.4858,-2.4917,-0.0606
25.845712184906006,-0.0793,-0.0081,0.0911,0.4136,-2.4925,0.2508
25.958918809890747,-0.0793,-0.0032,0.0955,0.2468,-2.4933,0.489
25.959070920944214,-0.0791,0.0025,0.0961,0.0987,-2.4941,0.6395
25.959196090698242,-0.0789,0.008,0.098,-0.0988,-2.4949,0.6795
25.959296941757202,-0.0787,0.0122,0.0973,-0.3521,-2.4957,0.5535
25.95940613746643,-0.0785,0.014,0.0904,-0.4941,-2.4965,0.287
25.959505796432495,-0.0784,0.0126,0.0825,-0.4858,-2.4972,-0.0311
25.95960807800293,-0.0784,0.0085,0.0752,-0.351,-2.498,-0.3174
25.959709882736206,-0.0785,0.0029,0.0733,-0.1841,-2.4988,-0.5134
25.95981001853943,-0.0787,-0.003,0.0721,-0.0249,-2.4996,-0.6193
25.959907054901123,-0.0789,-0.0081,0.0714,0.2104,-2.5004,-0.5813
25.96001100540161,-0.0791,-0.0114,0.0751,0.4357,-2.5012,-0.3736
25.960114002227783,-0.0792,-0.0116,0.0829,0.5096,-2.502,-0.0633
26.07517695426941,-0.0792,-0.0087,0.0913,0.4427,-2.5028,0.2655
26.075343132019043,-0.0791,-0.0035,0.095,0.3114,-2.5035,0.5396
26.075441122055054,-0.079,0.0028,0.0992,0.1905,-2.5043,0.7697
26.075556993484497,-0.0787,0.0095,0.103,-0.1164,-2.5051,0.833
26.075653076171875,-0.0784,0.0147,0.0995,-0.4584,-2.5059,0.6536
26.075746059417725,-0.0782,0.0167,0.0901,-0.6115,-2.5067,0.3091
26.075839042663574,-0.0781,0.0147,0.0794,-0.5059,-2.5075,-0.0454
26.075932264328003,-0.0781,0.0098,0.077,-0.3347,-2.5083,-0.3098
26.076033115386963,-0.0782,0.0039,0.075,-0.2304,-2.509,-0.5253
26.076133012771606,-0.0784,-0.0024,0.0706,-0.0318,-2.5098,-0.6482
26.0762300491333,-0.0786,-0.008,0.0721,0.2123,-2.5106,-0.6065
26.188808917999268,-0.0788,-0.0115,0.0764,0.3562,-2.5114,-0.4437
26.18895697593689,-0.079,-0.0124,0.0807,0.4659,-2.5122,-0.1799
26.189069032669067,-0.079,-0.0104,0.0893,0.4688,-2.513,0.1485
26.189172983169556,-0.079,-0.0059,0.0956,0.3453,-2.5138,0.445
26.189267873764038,-0.0788,0.0002,0.1,0.1731,-2.5146,0.6659
26.189364910125732,-0.0786,0.0067,0.1016,-0.0749,-2.5153,0.7418
26.18946886062622,-0.0784,0.0119,0.0993,-0.3522,-2.5161,0.6251
26.189563989639282,-0.0782,0.0144,0.091,-0.524,-2.5169,0.3396
26.18966293334961,-0.0781,0.0134,0.0822,-0.4546,-2.5177,0.0354
26.189759016036987,-0.078,0.0097,0.0787,-0.3288,-2.5185,-0.215
26.18985605239868,-0.0781,0.0047,0.0769,-0.2165,-2.5192,-0.4091
26.18995499610901,-0.0782,-0.0007,0.0751,-0.1581,-2.52,-0.5827
26.301905870437622,-0.0784,-0.0062,0.0706,0.0307,-2.5208,-0.6699
26.30206799507141,-0.0787,-0.0108,0.0733,0.303,-2.5216,-0.5651
26.302162885665894,-0.0788,-0.0131,0.0799,0.4045,-2.5224,-0.3492
26.302258014678955,-0.079,-0.0126,0.0838,0.4359,-2.5232,-0.0848
26.302356004714966,-0.079,-0.0096,0.0893,0.4241,-2.524,0.2131
26.302443981170654,-0.0789,-0.0047,0.0966,0.2832,-2.5248,0.4751
26.302529096603394,-0.0788,0.0014,0.0989,0.0686,-2.5255,0.6186
26.30261492729187,-0.0786,0.007,0.0989,-0.1465,-2.5263,0.6267
26.302701950073242,-0.0784,0.011,0.0958,-0.3747,-2.5271,0.4677
26.30278706550598,-0.0782,0.0123,0.0867,-0.429,-2.5279,0.2089
26.30287504196167,-0.0781,0.0106,0.0826,-0.3453,-2.5287,-0.0264
26.424829959869385,-0.0781,0.0072,0.0798,-0.2786,-2.5295,-0.2407
26.424983978271484,-0.0782,0.0027,0.0774,-0.2295,-2.5302,-0.4436
26.425096035003662,-0.0784,-0.0025,0.0724,-0.1063,-2.531,-0.6065
26.42519187927246,-0.0786,-0.0076,0.0708,0.1607,-2.5318,-0.6116
26.425286054611206,-0.0788,-0.0113,0.0769,0.3441,-2.5326,-0.457
26.425389051437378,-0.0789,-0.0124,0.0821,0.3818,-2.5334,-0.2425
26.425493001937866,-0.079,-0.011,0.0849,0.4178,-2.5342,0.0166
26.425589084625244,-0.079,-0.0076,0.0903,0.3801,-2.535,0.292
26.42568016052246,-0.0789,-0.0024,0.0957,0.2352,-2.5358,0.5155
26.425768852233887,-0.0787,0.0033,0.0982,0.0531,-2.5365,0.6426
26.425858974456787,-0.0785,0.0086,0.098,-0.2034,-2.5373,0.606
26.42594814300537,-0.0783,0.0119,0.0908,-0.399,-2.5381,0.3937
26.53820490837097,-0.0782,0.0122,0.0838,-0.3817,-2.5389,0.1428
26.538363218307495,-0.0781,0.0099,0.082,-0.3275,-2.5397,-0.0877
26.538485050201416,-0.0782,0.0061,0.0772,-0.2711,-2.5405,-0.3192
26.538589000701904,-0.0783,0.0012,0.0732,-0.0839,-2.5412,-0.4615
26.538688898086548,-0.0784,-0.0037,0.0739,0.0833,-2.542,-0.494
26.538792848587036,-0.0786,-0.0074,0.0764,0.2391,-2.5428,-0.4105
26.53889298439026,-0.0787,-0.0092,0.0813,0.3196,-2.5436,-0.2416
26.53899097442627,-0.0788,-0.0088,0.085,0.3218,-2.5444,-0.0445
26.53908610343933,-0.0788,-0.0066,0.0887,0.2928,-2.5452,0.1613
26.53918218612671,-0.0788,-0.003,0.0926,0.238,-2.546,0.3618
26.539278030395508,-0.0786,0.0014,0.0957,0.1225,-2.5467,0.5124
26.53937315940857,-0.0785,0.006,0.0975,-0.073,-2.5475,0.5527
26.652096033096313,-0.0783,0.0096,0.0934,-0.2601,-2.5483,0.4449
26.65224003791809,-0.0781,0.011,0.0879,-0.3047,-2.5491,0.2697
26.652335166931152,-0.0781,0.0104,0.0853,-0.3099,-2.5499,0.0723
26.652423858642578,-0.078,0.008,0.0816,-0.3008,-2.5507,-0.1478
26.65253496170044,-0.0781,0.0041,0.0764,-0.2184,-2.5514,-0.3546
26.65262508392334,-0.0782,-0.0006,0.0742,-0.065,-2.5522,-0.481
26.65271496772766,-0.0784,-0.0051,0.0738,0.114,-2.553,-0.4977
26.65280294418335,-0.0785,-0.0084,0.0769,0.3004,-2.5538,-0.3743
26.652891159057617,-0.0786,-0.0095,0.0834,0.3586,-2.5546,-0.1677
26.65298104286194,-0.0787,-0.0083,0.087,0.3099,-2.5554,0.0333
26.653074979782104,-0.0787,-0.0055,0.0908,0.2576,-2.5561,0.2295
26.76659893989563,-0.0786,-0.0016,0.0936,0.1335,-2.5569,0.3683
26.766724109649658,-0.0785,0.0025,0.0946,0.0161,-2.5577,0.4406
26.76682710647583,-0.0783,0.006,0.0938,-0.1094,-2.5585,0.4284
26.766914129257202,-0.0782,0.0084,0.0914,-0.206,-2.5593,0.3382
26.76699995994568,-0.0781,0.0092,0.0886,-0.2719,-2.5601,0.1855
26.767099857330322,-0.078,0.0082,0.0853,-0.2988,-2.5608,-0.0089
26.767194032669067,-0.078,0.0057,0.0808,-0.2488,-2.5616,-0.205
26.76728391647339,-0.0781,0.002,0.078,-0.1722,-2.5624,-0.3745
26.76737403869629,-0.0782,-0.0023,0.0758,-0.069,-2.5632,-0.496
26.76745915412903,-0.0784,-0.0064,0.0745,0.1293,-2.564,-0.5012
26.7675461769104,-0.0786,-0.0094,0.0777,0.3324,-2.5648,-0.3545
26.886990070343018,-0.0787,-0.01,0.0851,0.3848,-2.5655,-0.1215
26.887171983718872,-0.0787,-0.0082,0.0897,0.3034,-2.5663,0.0925
26.887278079986572,-0.0787,-0.0048,0.0924,0.2299,-2.5671,0.2804
26.88738203048706,-0.0786,-0.0007,0.0945,0.1161,-2.5679,0.4122
26.887473821640015,-0.0784,0.0036,0.0956,-0.0032,-2.5687,0.4774
26.887566089630127,-0.0783,0.0071,0.0953,-0.1352,-2.5695,0.4575
26.887656927108765,-0.0781,0.0095,0.0932,-0.2528,-2.5703,0.3484
26.887749195098877,-0.078,0.01,0.0899,-0.3412,-2.571,0.1588
26.887841939926147,-0.078,0.0086,0.0846,-0.3404,-2.5718,-0.0696
26.88793396949768,-0.078,0.0053,0.0796,-0.2303,-2.5726,-0.2646
26.888025999069214,-0.0781,0.0011,0.0786,-0.1646,-2.5734,-0.4277
26.888128995895386,-0.0782,-0.0034,0.0746,-0.0466,-2.5742,-0.5462
27.004371881484985,-0.0784,-0.0077,0.0741,0.1948,-2.5749,-0.5157
27.00455403327942,-0.0786,-0.0104,0.0783,0.3814,-2.5757,-0.3364
27.004675149917603,-0.0787,-0.0106,0.0862,0.432,-2.5765,-0.0683
27.004780054092407,-0.0787,-0.0081,0.0922,0.3326,-2.5773,0.1805
27.00488018989563,-0.0786,-0.0039,0.0946,0.2287,-2.5781,0.3819
27.004975080490112,-0.0785,0.001,0.0972,0.1214,-2.5789,0.5352
27.00506901741028,-0.0783,0.0059,0.0995,-0.0448,-2.5797,0.6007
27.00516104698181,-0.0782,0.01,0.0985,-0.2275,-2.5804,0.5437
27.00527787208557,-0.078,0.0123,0.0954,-0.3892,-2.5812,0.361
27.00538206100464,-0.0779,0.0121,0.0887,-0.447,-2.582,0.0929
27.005475997924805,-0.0778,0.0094,0.0821,-0.3639,-2.5828,-0.1705
27.005568981170654,-0.0779,0.0049,0.0791,-0.2651,-2.5836,-0.3944
27.120342016220093,-0.078,-0.0004,0.0756,-0.146,-2.5843,-0.5703
27.120512008666992,-0.0782,-0.0058,0.073,0.1015,-2.5851,-0.6085
27.12062096595764,-0.0784,-0.01,0.0763,0.3428,-2.5859,-0.4705
27.120731115341187,-0.0785,-0.0116,0.0821,0.463,-2.5867,-0.2146
27.120829820632935,-0.0786,-0.0102,0.0902,0.4746,-2.5875,0.1078
27.120925903320312,-0.0786,-0.0061,0.0973,0.3376,-2.5883,0.3948
27.121021032333374,-0.0785,-0.0004,0.0991,0.1526,-2.589,0.5792
27.1211199760437,-0.0783,0.0054,0.1006,-0.004,-2.5898,0.6764
27.121214866638184,-0.078,0.0103,0.1019,-0.2385,-2.5906,0.6347
27.12130880355835,-0.0778,0.0134,0.097,-0.4576,-2.5914,0.4184
27.121418952941895,-0.0777,0.0135,0.0889,-0.5077,-2.5922,0.1115
27.121515035629272,-0.0777,0.0105,0.0814,-0.4125,-2.5929,-0.1896
27.234462022781372,-0.0777,0.0055,0.0776,-0.2418,-2.5937,-0.411
27.2345929145813,-0.0779,-0.0001,0.0767,-0.0664,-2.5945,-0.5294
27.23470687866211,-0.078,-0.0053,0.0762,0.1094,-2.5953,-0.5417
27.234803915023804,-0.0782,-0.009,0.0777,0.317,-2.5961,-0.4119
27.234910011291504,-0.0783,-0.0103,0.0836,0.4474,-2.5968,-0.1563
27.235008001327515,-0.0784,-0.0087,0.0904,0.4278,-2.5976,0.136
27.23510193824768,-0.0784,-0.0048,0.0957,0.3174,-2.5984,0.3969
27.235193014144897,-0.0782,0.0005,0.0979,0.2411,-2.5992,0.6283
27.23528814315796,-0.078,0.0065,0.1027,0.0352,-2.6,0.7643
27.235379934310913,-0.0778,0.012,0.1019,-0.2969,-2.6007,0.6838
27.235476970672607,-0.0775,0.0151,0.0951,-0.4981,-2.6015,0.4261
27.359822988510132,-0.0774,0.0147,0.0846,-0.4993,-2.6023,0.0923
27.359981060028076,-0.0774,0.0112,0.0785,-0.3426,-2.6031,-0.1864
27.36009383201599,-0.0774,0.006,0.0782,-0.2203,-2.6038,-0.3912
27.360198974609375,-0.0776,0.0004,0.0759,-0.179,-2.6046,-0.59
27.360301971435547,-0.0778,-0.0055,0.0718,0.0517,-2.6054,-0.6732
27.360400199890137,-0.078,-0.0104,0.0763,0.2943,-2.6062,-0.5708
27.36049795150757,-0.0782,-0.0128,0.0809,0.4179,-2.607,-0.3574
27.36059594154358,-0.0783,-0.0125,0.0864,0.4966,-2.6077,-0.0538
27.360692024230957,-0.0783,-0.0093,0.094,0.4454,-2.6085,0.2726
27.360793113708496,-0.0782,-0.0038,0.1,0.2998,-2.6093,0.5518
27.360888957977295,-0.078,0.0027,0.1028,0.0992,-2.6101,0.7253
27.360990047454834,-0.0778,0.009,0.1032,-0.1719,-2.6109,0.7306
27.361088037490845,-0.0776,0.0134,0.0996,-0.4238,-2.6116,0.5499
27.47406315803528,-0.0774,0.0147,0.0892,-0.491,-2.6124,0.2526
27.474213123321533,-0.0773,0.0128,0.0843,-0.3884,-2.6132,-0.015
27.474323987960815,-0.0773,0.0088,0.0821,-0.3055,-2.614,-0.2474
27.47442889213562,-0.0774,0.0037,0.0787,-0.2198,-2.6147,-0.4526
27.47452998161316,-0.0775,-0.0018,0.0746,-0.0407,-2.6155,-0.5752
27.474633932113647,-0.0777,-0.0069,0.0751,0.2163,-2.6163,-0.5314
27.474731922149658,-0.0779,-0.01,0.0819,0.3527,-2.6171,-0.3536
27.474828958511353,-0.078,-0.0104,0.0863,0.3592,-2.6178,-0.1402
27.47492504119873,-0.078,-0.0087,0.0898,0.3697,-2.6186,0.1055
27.475019931793213,-0.078,-0.005,0.0942,0.312,-2.6194,0.3478
27.47511601448059,-0.0779,-0.0001,0.0976,0.2378,-2.6202,0.5698
27.587199926376343,-0.0777,0.0055,0.1024,0.036,-2.621,0.6992
27.58735203742981,-0.0775,0.0106,0.1009,-0.2625,-2.6217,0.628
27.587462186813354,-0.0773,0.0136,0.0926,-0.3828,-2.6225,0.422
27.587559938430786,-0.0771,0.0136,0.0889,-0.3759,-2.6233,0.1936
27.587671995162964,-0.0771,0.0114,0.0856,-0.3926,-2.624,-0.0708
27.58776593208313,-0.0771,0.0073,0.0795,-0.3138,-2.6248,-0.3307
27.587865114212036,-0.0772,0.0019,0.0758,-0.1674,-2.6256,-0.5263
27.58795690536499,-0.0774,-0.0038,0.0733,0.0366,-2.6264,-0.6123
27.588048219680786,-0.0776,-0.0086,0.0745,0.2926,-2.6271,-0.5271
27.58814001083374,-0.0778,-0.0112,0.0814,0.4735,-2.6279,-0.2778
27.588229179382324,-0.0778,-0.0105,0.0898,0.4311,-2.6287,0.0047
27.701961994171143,-0.0778,-0.0073,0.0932,0.324,-2.6295,0.244
27.70211887359619,-0.0778,-0.0028,0.0956,0.2623,-2.6303,0.4634
27.702222108840942,-0.0776,0.0026,0.1,0.1311,-2.631,0.6332
27.702316999435425,-0.0774,0.008,0.1012,-0.0995,-2.6318,0.6657
27.702412128448486,-0.0772,0.0121,0.0978,-0.2598,-2.6326,0.5731
27.702515840530396,-0.077,0.014,0.0956,-0.3848,-2.6333,0.385
27.70261001586914,-0.0769,0.0136,0.0895,-0.4648,-2.6341,0.1012
27.702705144882202,-0.0768,0.0105,0.0819,-0.4018,-2.6349,-0.1987
27.702800035476685,-0.0769,0.0054,0.0776,-0.2412,-2.6357,-0.4292
27.70289707183838,-0.0771,-0.0004,0.0765,-0.1515,-2.6364,-0.6135
27.70299220085144,-0.0773,-0.0063,0.0723,0.0819,-2.6372,-0.6809
27.703086137771606,-0.0775,-0.011,0.0748,0.3933,-2.638,-0.5324
27.81618309020996,-0.0776,-0.0129,0.0822,0.5516,-2.6387,-0.2301
27.81631302833557,-0.0777,-0.0113,0.0925,0.5155,-2.6395,0.1234
27.81640601158142,-0.0777,-0.0067,0.0993,0.3415,-2.6403,0.4155
27.81649398803711,-0.0775,-0.0006,0.1002,0.1681,-2.6411,0.6059
27.81657910346985,-0.0773,0.0055,0.1018,0.0311,-2.6419,0.7235
27.816691875457764,-0.0771,0.0109,0.1036,-0.217,-2.6426,0.6974
27.81678581237793,-0.0769,0.0144,0.0998,-0.4684,-2.6434,0.4831
27.816878080368042,-0.0767,0.0148,0.0913,-0.5427,-2.6442,0.1605
27.816972970962524,-0.0767,0.0119,0.0822,-0.4395,-2.6449,-0.1625
27.81706690788269,-0.0767,0.0068,0.079,-0.242,-2.6457,-0.3847
27.817162036895752,-0.0769,0.001,0.0793,-0.1464,-2.6465,-0.5467
27.93159294128418,-0.077,-0.0046,0.0762,0.0427,-2.6472,-0.6127
27.931737184524536,-0.0772,-0.0092,0.0778,0.3029,-2.648,-0.5022
27.931835174560547,-0.0774,-0.0114,0.083,0.4787,-2.6488,-0.2427
27.931922912597656,-0.0775,-0.0103,0.091,0.4873,-2.6496,0.0805
27.932013034820557,-0.0774,-0.0064,0.0978,0.3924,-2.6503,0.3929
27.932111024856567,-0.0773,-0.0007,0.1025,0.1983,-2.6511,0.6177
27.93219804763794,-0.0771,0.0056,0.1044,-0.0085,-2.6519,0.7262
27.932286977767944,-0.0769,0.011,0.1038,-0.2559,-2.6526,0.674
27.932373046875,-0.0767,0.0142,0.0987,-0.4705,-2.6534,0.4485
27.932460069656372,-0.0765,0.0143,0.0882,-0.4697,-2.6542,0.1487
27.932547092437744,-0.0765,0.0115,0.0841,-0.3231,-2.6549,-0.0878
27.932634115219116,-0.0765,0.0072,0.082,-0.2449,-2.6557,-0.2921
28.050429821014404,-0.0766,0.0022,0.0782,-0.1203,-2.6565,-0.4465
28.05056619644165,-0.0767,-0.0028,0.0761,0.0667,-2.6572,-0.4986
28.050671100616455,-0.0769,-0.0068,0.0793,0.2323,-2.658,-0.4238
28.05076503753662,-0.077,-0.0089,0.0839,0.3032,-2.6588,-0.2718
28.050859928131104,-0.0771,-0.0089,0.0873,0.3367,-2.6595,-0.0737
28.050949096679688,-0.0772,-0.0069,0.0918,0.3269,-2.6603,0.1511
28.051038026809692,-0.0771,-0.0034,0.096,0.2679,-2.6611,0.37
28.05113196372986,-0.077,0.0012,0.0996,0.154,-2.6619,0.5438
28.051223039627075,-0.0768,0.0062,0.102,-0.0461,-2.6626,0.6088
28.05131220817566,-0.0766,0.0103,0.0987,-0.2751,-2.6634,0.5047
28.051421880722046,-0.0764,0.0121,0.0918,-0.3469,-2.6642,0.3063
28.051517963409424,-0.0763,0.0115,0.0884,-0.3303,-2.6649,0.0934
28.16819715499878,-0.0763,0.0089,0.0854,-0.3203,-2.6657,-0.1364
28.168351888656616,-0.0764,0.0049,0.0795,-0.2555,-2.6664,-0.3691
28.168457984924316,-0.0765,-0.0002,0.0761,-0.0818,-2.6672,-0.5172
28.168551921844482,-0.0766,-0.0052,0.076,0.113,-2.668,-0.544
28.168646812438965,-0.0768,-0.0089,0.0793,0.3086,-2.6687,-0.4233
28.16874384880066,-0.077,-0.0104,0.0863,0.371,-2.6695,-0.2134
28.168853044509888,-0.077,-0.0093,0.0907,0.3324,-2.6703,0.0033
28.168972969055176,-0.077,-0.0065,0.0941,0.2915,-2.6711,0.2194
28.16908097267151,-0.077,-0.0024,0.0982,0.1801,-2.6718,0.3958
28.169196128845215,-0.0768,0.0022,0.1,0.0389,-2.6726,0.4968
28.169291973114014,-0.0767,0.0064,0.0992,-0.1262,-2.6734,0.4882
28.16939687728882,-0.0765,0.0092,0.0956,-0.238,-2.6741,0.3833
28.283277988433838,-0.0764,0.0102,0.0932,-0.2899,-2.6749,0.2281
28.283435106277466,-0.0763,0.0094,0.0902,-0.3256,-2.6757,0.0275
28.283541917800903,-0.0763,0.0068,0.0849,-0.2859,-2.6764,-0.1869
28.28364109992981,-0.0764,0.0029,0.0813,-0.1905,-2.6772,-0.3687
28.283732891082764,-0.0765,-0.0015,0.0794,-0.0771,-2.6779,-0.4938
28.28382897377014,-0.0766,-0.0059,0.0785,0.1021,-2.6787,-0.5127
28.283919095993042,-0.0768,-0.0091,0.0809,0.3112,-2.6795,-0.3816
28.28400683403015,-0.0769,-0.0101,0.0879,0.3877,-2.6802,-0.1516
28.28409194946289,-0.077,-0.0086,0.0931,0.311,-2.681,0.0667
28.284178018569946,-0.077,-0.0053,0.0962,0.2148,-2.6818,0.2472
28.284276962280273,-0.0769,-0.0013,0.0976,0.0765,-2.6826,0.3504
28.296350955963135,-0.0768,0.0025,0.0976,0.0304,-2.6833,0.4263
28.42064905166626,-0.0766,0.0059,0.0995,-0.0854,-2.6841,0.4431
28.420796871185303,-0.0765,0.0084,0.0974,-0.2327,-2.6849,0.3514
28.42089605331421,-0.0764,0.0093,0.0939,-0.3118,-2.6856,0.1838
28.420984983444214,-0.0763,0.0083,0.0895,-0.3242,-2.6864,-0.0237
28.421087980270386,-0.0763,0.0056,0.0849,-0.2597,-2.6871,-0.2244
28.42117714881897,-0.0764,0.0017,0.0817,-0.1514,-2.6879,-0.381
28.42126703262329,-0.0765,-0.0025,0.0799,-0.0268,-2.6887,-0.473
28.421358108520508,-0.0767,-0.0064,0.0796,0.1559,-2.6894,-0.4516
28.421446084976196,-0.0768,-0.0089,0.0827,0.3294,-2.6902,-0.2982
28.42153286933899,-0.0769,-0.0091,0.09,0.3793,-2.691,-0.0607
28.42161798477173,-0.0769,-0.007,0.095,0.2798,-2.6917,0.15
28.42170286178589,-0.0769,-0.0034,0.0971,0.2076,-2.6925,0.3309
28.421786069869995,-0.0768,0.0008,0.099,0.1235,-2.6933,0.4738
28.536017894744873,-0.0766,0.0052,0.1005,-0.0239,-2.694,0.5353
28.536153078079224,-0.0764,0.0089,0.0993,-0.1852,-2.6948,0.4856
28.53625178337097,-0.0763,0.0109,0.0969,-0.3212,-2.6956,0.3322
28.536340951919556,-0.0762,0.0109,0.0912,-0.3994,-2.6963,0.0878
28.536432027816772,-0.0762,0.0085,0.0851,-0.3406,-2.6971,-0.1643
28.53652310371399,-0.0762,0.0043,0.0808,-0.2356,-2.6979,-0.382
28.536625862121582,-0.0763,-0.0007,0.0782,-0.0881,-2.6986,-0.5268
28.5367169380188,-0.0765,-0.0056,0.0767,0.1033,-2.6994,-0.5621
28.536806106567383,-0.0767,-0.0094,0.0788,0.3012,-2.7002,-0.457
28.53689694404602,-0.0768,-0.011,0.084,0.4423,-2.7009,-0.2252
28.536983966827393,-0.0769,-0.0099,0.0922,0.4234,-2.7017,0.0541
28.652651071548462,-0.0769,-0.0064,0.0961,0.2752,-2.7025,0.2678
28.652794122695923,-0.0768,-0.0019,0.0968,0.199,-2.7032,0.4395
28.65288805961609,-0.0767,0.003,0.0998,0.0857,-2.704,0.5629
28.65297794342041,-0.0765,0.0076,0.1002,-0.1225,-2.7048,0.5578
28.653076887130737,-0.0763,0.0107,0.0974,-0.2859,-2.7055,0.4284
28.653172969818115,-0.0762,0.0117,0.0933,-0.3926,-2.7063,0.2012
28.653264045715332,-0.0761,0.0101,0.0869,-0.3843,-2.707,-0.0674
28.65335202217102,-0.0761,0.0064,0.0825,-0.2773,-2.7078,-0.301
28.65343999862671,-0.0762,0.0016,0.0804,-0.1912,-2.7086,-0.4971
28.65353488922119,-0.0764,-0.0037,0.0768,-0.0198,-2.7093,-0.612
28.65362310409546,-0.0766,-0.0086,0.0778,0.2521,-2.7101,-0.5476
28.65371799468994,-0.0767,-0.0113,0.0833,0.4281,-2.7109,-0.332
28.770129203796387,-0.0769,-0.0112,0.0907,0.4852,-2.7116,-0.0269
28.770265102386475,-0.0769,-0.0081,0.0983,0.3815,-2.7124,0.2677
28.77035903930664,-0.0768,-0.0031,0.1011,0.2337,-2.7132,0.4902
28.77044916152954,-0.0766,0.0026,0.1025,0.1149,-2.7139,0.649
28.770534992218018,-0.0764,0.0082,0.105,-0.0898,-2.7147,0.697
28.770633935928345,-0.0762,0.0125,0.1037,-0.3433,-2.7155,0.5751
28.770720958709717,-0.076,0.0144,0.0967,-0.4894,-2.7162,0.3099
28.77080798149109,-0.0759,0.0131,0.0894,-0.4813,-2.717,-0.0039
28.770896196365356,-0.0759,0.0091,0.0821,-0.3618,-2.7177,-0.2949
28.770983934402466,-0.076,0.0035,0.0794,-0.1684,-2.7185,-0.4842
28.771088123321533,-0.0761,-0.0023,0.0783,0.0031,-2.7193,-0.5746
28.771174907684326,-0.0763,-0.0072,0.0781,0.2282,-2.72,-0.5246
28.88760018348694,-0.0765,-0.0101,0.0826,0.4261,-2.7208,-0.3169
28.887747049331665,-0.0766,-0.0102,0.09,0.4743,-2.7216,-0.0248
28.88784623146057,-0.0766,-0.0074,0.0963,0.417,-2.7223,0.277
28.887935876846313,-0.0765,-0.0025,0.1018,0.3177,-2.7231,0.5568
28.888062000274658,-0.0763,0.0037,0.106,0.1399,-2.7239,0.7557
28.888150930404663,-0.0761,0.01,0.1084,-0.1517,-2.7246,0.7872
28.888240098953247,-0.0758,0.0146,0.1044,-0.428,-2.7254,0.6148
28.888327836990356,-0.0756,0.0162,0.0966,-0.5516,-2.7261,0.3073
28.888417959213257,-0.0755,0.0144,0.0858,-0.4668,-2.7269,-0.0239
28.88850712776184,-0.0756,0.0098,0.0829,-0.2974,-2.7276,-0.2692
28.888597011566162,-0.0756,0.0043,0.0817,-0.2197,-2.7284,-0.4767
29.00745391845703,-0.0758,-0.0017,0.0766,-0.0739,-2.7292,-0.6306
29.00761389732361,-0.076,-0.0073,0.0764,0.1844,-2.7299,-0.6232
29.00774097442627,-0.0762,-0.0112,0.0814,0.3457,-2.7307,-0.4783
29.007848024368286,-0.0764,-0.0125,0.0851,0.449,-2.7314,-0.2413
29.00795006752014,-0.0764,-0.0111,0.092,0.4903,-2.7322,0.072
29.008049964904785,-0.0764,-0.0071,0.0994,0.3848,-2.733,0.373
29.008148908615112,-0.0763,-0.0013,0.1027,0.2761,-2.7337,0.631
29.008249044418335,-0.0761,0.0052,0.1082,0.0906,-2.7345,0.8124
29.008347034454346,-0.0758,0.0116,0.1084,-0.2502,-2.7353,0.7792
29.00844383239746,-0.0756,0.0157,0.1017,-0.5137,-2.736,0.5305
29.00854182243347,-0.0754,0.0162,0.0912,-0.5039,-2.7368,0.2132
29.00864005088806,-0.0753,0.0134,0.0872,-0.4045,-2.7375,-0.0702
29.13164210319519,-0.0753,0.0087,0.0841,-0.3483,-2.7383,-0.3427
29.131794929504395,-0.0755,0.0027,0.0783,-0.2157,-2.739,-0.5752
29.13189196586609,-0.0756,-0.0037,0.0749,0.0518,-2.7398,-0.6635
29.1319842338562,-0.0759,-0.0091,0.0783,0.325,-2.7405,-0.5547
29.132080078125,-0.076,-0.0117,0.0864,0.4252,-2.7413,-0.3253
29.132172107696533,-0.0761,-0.0114,0.0905,0.4244,-2.7421,-0.0674
29.132259130477905,-0.0762,-0.0086,0.0945,0.42,-2.7428,0.2181
29.132346153259277,-0.0761,-0.0039,0.1011,0.2917,-2.7436,0.4708
29.13243007659912,-0.0759,0.0018,0.1037,0.0896,-2.7443,0.6148
29.132517099380493,-0.0757,0.0073,0.1038,-0.1292,-2.7451,0.6222
29.132603883743286,-0.0755,0.0112,0.0988,-0.2987,-2.7459,0.4868
29.132707118988037,-0.0754,0.0126,0.0942,-0.3323,-2.7466,0.2976
29.13280415534973,-0.0753,0.0117,0.0922,-0.3611,-2.7474,0.0742
29.254591941833496,-0.0753,0.0089,0.0871,-0.3382,-2.7481,-0.1727
29.25475811958313,-0.0753,0.0046,0.0824,-0.1884,-2.7489,-0.3595
29.254886150360107,-0.0754,-0.0003,0.0824,-0.1178,-2.7496,-0.5042
29.254990100860596,-0.0756,-0.0051,0.0785,0.0435,-2.7504,-0.5759
29.255094051361084,-0.0758,-0.0092,0.0797,0.324,-2.7511,-0.4606
29.255196809768677,-0.0759,-0.0109,0.0875,0.4722,-2.7519,-0.1952
29.255298137664795,-0.076,-0.0096,0.0956,0.3852,-2.7527,0.0729
29.255393981933594,-0.076,-0.006,0.0982,0.2939,-2.7534,0.303
29.255489110946655,-0.0759,-0.0012,0.1016,0.2231,-2.7542,0.5144
29.255581855773926,-0.0757,0.0042,0.1052,0.0477,-2.7549,0.642
29.255675792694092,-0.0755,0.0092,0.1045,-0.1419,-2.7557,0.6448
29.255771160125732,-0.0753,0.0127,0.1028,-0.2967,-2.7564,0.5381
29.384392023086548,-0.0751,0.0141,0.0992,-0.4451,-2.7572,0.3103
29.384546041488647,-0.075,0.0129,0.0912,-0.4593,-2.7579,0.0154
29.384650945663452,-0.075,0.0092,0.085,-0.3557,-2.7587,-0.2598
29.384747982025146,-0.0751,0.0039,0.081,-0.2257,-2.7594,-0.4831
29.384855031967163,-0.0753,-0.002,0.0782,-0.0499,-2.7602,-0.6173
29.384946823120117,-0.0755,-0.0074,0.0773,0.2075,-2.7609,-0.5953
29.385038137435913,-0.0757,-0.011,0.0813,0.4444,-2.7617,-0.394
29.385128021240234,-0.0758,-0.0115,0.0885,0.5386,-2.7625,-0.0805
29.385215997695923,-0.0758,-0.0089,0.0965,0.4963,-2.7632,0.2644
29.385303020477295,-0.0757,-0.0036,0.1033,0.3333,-2.764,0.5558
29.385390043258667,-0.0755,0.0029,0.1052,0.1352,-2.7647,0.7371
29.38547706604004,-0.0753,0.0092,0.107,-0.1084,-2.7655,0.7777
29.38557481765747,-0.075,0.014,0.1049,-0.3817,-2.7662,0.6294
29.504550218582153,-0.0748,0.016,0.0975,-0.5276,-2.767,0.335
29.504700899124146,-0.0747,0.0144,0.0869,-0.4651,-2.7677,0.004
29.504812002182007,-0.0747,0.0101,0.0832,-0.2785,-2.7685,-0.2352
29.504913806915283,-0.0748,0.0048,0.0825,-0.154,-2.7692,-0.4029
29.5050151348114,-0.0749,-0.0006,0.0795,-0.0224,-2.77,-0.5111
29.505116939544678,-0.0751,-0.0054,0.0796,0.1777,-2.7707,-0.4921
29.5052170753479,-0.0753,-0.0086,0.084,0.3182,-2.7715,-0.3533
29.505314111709595,-0.0754,-0.0094,0.0874,0.4066,-2.7722,-0.1342
29.505409002304077,-0.0754,-0.0079,0.0935,0.424,-2.773,0.141
29.505505084991455,-0.0754,-0.0042,0.099,0.3376,-2.7737,0.4019
29.50559687614441,-0.0752,0.001,0.1034,0.2248,-2.7745,0.6245
29.505690097808838,-0.075,0.0068,0.107,0.0105,-2.7752,0.7382
29.62318205833435,-0.0748,0.012,0.106,-0.2802,-2.776,0.6599
29.623324871063232,-0.0746,0.0148,0.0972,-0.4198,-2.7767,0.4307
29.623441219329834,-0.0744,0.0146,0.092,-0.3759,-2.7775,0.1922
29.623542070388794,-0.0744,0.0121,0.0891,-0.3535,-2.7782,-0.0545
29.623646020889282,-0.0744,0.0079,0.0834,-0.2901,-2.779,-0.3038
29.623744010925293,-0.0745,0.0026,0.0789,-0.0957,-2.7797,-0.463
29.623842000961304,-0.0747,-0.0027,0.079,0.102,-2.7805,-0.498
29.623939037322998,-0.0748,-0.0068,0.0813,0.2946,-2.7812,-0.3946
29.624036073684692,-0.0749,-0.0086,0.0877,0.4244,-2.782,-0.1628
29.624129056930542,-0.075,-0.0076,0.0948,0.3772,-2.7827,0.0895
29.624223947525024,-0.075,-0.0044,0.0967,0.2733,-2.7835,0.2904
29.62431788444519,-0.0749,-0.0003,0.0994,0.2397,-2.7842,0.4916
29.636442184448242,-0.0747,0.0046,0.1044,0.0917,-2.785,0.6356
29.755064010620117,-0.0745,0.0094,0.1036,-0.1282,-2.7857,0.6353
29.75519299507141,-0.0743,0.0128,0.1012,-0.2871,-2.7864,0.5167
29.755295991897583,-0.0741,0.014,0.0979,-0.4147,-2.7872,0.2929
29.75539517402649,-0.074,0.0126,0.091,-0.4349,-2.7879,0.0057
29.7554931640625,-0.074,0.0089,0.0848,-0.34,-2.7887,-0.267
29.75558614730835,-0.0741,0.0036,0.0813,-0.1901,-2.7894,-0.4718
29.75568699836731,-0.0743,-0.0021,0.0796,-0.0202,-2.7902,-0.5829
29.755785942077637,-0.0745,-0.0071,0.0788,0.2265,-2.7909,-0.5435
29.75587821006775,-0.0746,-0.0103,0.0837,0.4211,-2.7916,-0.346
29.755972146987915,-0.0748,-0.0106,0.0898,0.498,-2.7924,-0.055
29.756062984466553,-0.0748,-0.0079,0.0985,0.4318,-2.7931,0.2564
29.75615906715393,-0.0747,-0.0031,0.1022,0.2704,-2.7939,0.4933
29.873646020889282,-0.0745,0.0027,0.1042,0.2104,-2.7946,0.7096
29.87379002571106,-0.0743,0.0088,0.1088,-0.0189,-2.7954,0.8148
29.87389898300171,-0.074,0.0141,0.1083,-0.364,-2.7961,0.6961
29.87399697303772,-0.0738,0.0167,0.1005,-0.5484,-2.7969,0.4042
29.87409210205078,-0.0737,0.0156,0.0907,-0.5387,-2.7976,0.0477
29.87419605255127,-0.0737,0.0114,0.0836,-0.3654,-2.7983,-0.2504
29.874293088912964,-0.0737,0.0055,0.0825,-0.1927,-2.7991,-0.4487
29.874392986297607,-0.0739,-0.0005,0.0815,-0.0494,-2.7998,-0.5661
29.874489068984985,-0.0741,-0.0059,0.0799,0.1541,-2.8005,-0.5668
29.874585151672363,-0.0743,-0.0096,0.0825,0.3557,-2.8013,-0.4217
29.874680042266846,-0.0744,-0.0109,0.0881,0.4931,-2.802,-0.1483
29.874774932861328,-0.0744,-0.009,0.0956,0.4786,-2.8028,0.1701
29.991890907287598,-0.0744,-0.0047,0.1026,0.3403,-2.8035,0.4521
29.992044925689697,-0.0742,0.0011,0.1047,0.1374,-2.8043,0.6218
29.99215793609619,-0.074,0.0069,0.106,-0.0486,-2.805,0.6841
29.992261171340942,-0.0738,0.0115,0.1051,-0.2736,-2.8057,0.5978
29.99236297607422,-0.0736,0.0139,0.098,-0.4334,-2.8065,0.3588
29.99246597290039,-0.0735,0.0132,0.0906,-0.3616,-2.8072,0.1125
29.992566108703613,-0.0735,0.0103,0.0885,-0.2604,-2.8079,-0.0856
29.992666006088257,-0.0735,0.0064,0.0872,-0.196,-2.8087,-0.2537
29.9927659034729,-0.0736,0.002,0.0842,-0.1441,-2.8094,-0.4131
29.99286699295044,-0.0737,-0.0026,0.0807,0.0295,-2.8102,-0.4888
29.992966175079346,-0.0739,-0.0066,0.0829,0.2655,-2.8109,-0.3991
29.993064880371094,-0.074,-0.0085,0.0897,0.3534,-2.8116,-0.2051
30.112571954727173,-0.0741,-0.008,0.0942,0.3228,-2.8124,0.0012
30.112717151641846,-0.0741,-0.0056,0.0971,0.3047,-2.8131,0.2182
30.11281394958496,-0.074,-0.0018,0.1016,0.238,-2.8139,0.4268
30.112901210784912,-0.0739,0.0029,0.1043,0.0967,-2.8146,0.5664
30.112990856170654,-0.0737,0.0076,0.1043,-0.075,-2.8153,0.5981
30.113092184066772,-0.0735,0.0111,0.1022,-0.2003,-2.8161,0.5356
30.11318612098694,-0.0733,0.013,0.1007,-0.3148,-2.8168,0.39
30.113291025161743,-0.0732,0.0129,0.0962,-0.4101,-2.8175,0.1499
30.113396883010864,-0.0731,0.0105,0.0883,-0.3622,-2.8183,-0.1173
30.113505125045776,-0.0732,0.0062,0.0847,-0.2371,-2.819,-0.3326
30.113599061965942,-0.0733,0.0011,0.0821,-0.1131,-2.8197,-0.4899
30.113687992095947,-0.0734,-0.004,0.0805,0.0947,-2.8205,-0.528
30.240955114364624,-0.0736,-0.008,0.0826,0.3192,-2.8212,-0.4088
30.241087913513184,-0.0737,-0.0096,0.0875,0.4549,-2.8219,-0.1676
30.241197109222412,-0.0738,-0.0083,0.0947,0.4766,-2.8227,0.1393
30.2413010597229,-0.0737,-0.0045,0.1027,0.3336,-2.8234,0.4134
30.241393089294434,-0.0736,0.0009,0.1036,0.131,-2.8241,0.5668
30.241500854492188,-0.0734,0.0062,0.1042,0.0075,-2.8249,0.6478
30.241594076156616,-0.0732,0.0106,0.1057,-0.2139,-2.8256,0.5996
30.24168610572815,-0.073,0.0133,0.1011,-0.4102,-2.8263,0.3931
30.241777181625366,-0.0729,0.0131,0.0938,-0.4474,-2.8271,0.1099
30.241870164871216,-0.0729,0.0103,0.0867,-0.3199,-2.8278,-0.1437
30.241962909698486,-0.0729,0.0058,0.0845,-0.1535,-2.8285,-0.3085
30.242054224014282,-0.073,0.001,0.0853,-0.0209,-2.8293,-0.3849
30.242146968841553,-0.0731,-0.003,0.0847,0.1069,-2.83,-0.3859
30.360426902770996,-0.0733,-0.0059,0.0866,0.2594,-2.8307,-0.2769
30.36058282852173,-0.0733,-0.0068,0.0908,0.3681,-2.8315,-0.0682
30.360706090927124,-0.0734,-0.0054,0.0963,0.3859,-2.8322,0.1918
30.360808849334717,-0.0733,-0.0019,0.102,0.295,-2.8329,0.4359
30.360912084579468,-0.0732,0.0029,0.1054,0.1521,-2.8336,0.615
30.361018180847168,-0.073,0.008,0.1075,-0.0441,-2.8344,0.6856
30.361129999160767,-0.0727,0.0123,0.1047,-0.2749,-2.8351,0.59
30.36124587059021,-0.0726,0.0144,0.0978,-0.3421,-2.8358,0.4027
30.36134910583496,-0.0724,0.014,0.0953,-0.3351,-2.8366,0.2017
30.361446857452393,-0.0724,0.0118,0.0917,-0.3468,-2.8373,-0.0344
30.361550092697144,-0.0724,0.0079,0.0855,-0.256,-2.838,-0.2587
30.361648082733154,-0.0724,0.003,0.0824,-0.0803,-2.8387,-0.3952
30.479246139526367,-0.0726,-0.0018,0.0827,0.0684,-2.8395,-0.4363
30.479430198669434,-0.0727,-0.0055,0.0842,0.2488,-2.8402,-0.3529
30.479526042938232,-0.0728,-0.0073,0.0887,0.4073,-2.8409,-0.1364
30.479614973068237,-0.0729,-0.0064,0.0962,0.4127,-2.8416,0.1378
30.479716062545776,-0.0728,-0.0032,0.1016,0.2783,-2.8424,0.3661
30.479805946350098,-0.0727,0.0014,0.1027,0.1534,-2.8431,0.5243
30.479890823364258,-0.0725,0.0061,0.1054,0.0493,-2.8438,0.6374
30.47999596595764,-0.0723,0.0105,0.1071,-0.17,-2.8445,0.6239
30.48009490966797,-0.0721,0.0134,0.103,-0.3739,-2.8453,0.4507
30.48019289970398,-0.072,0.0138,0.0962,-0.4195,-2.846,0.1996
30.480303049087524,-0.0719,0.0116,0.0894,-0.3631,-2.8467,-0.0654
30.480406999588013,-0.0719,0.0075,0.0841,-0.2069,-2.8474,-0.2702
30.599481105804443,-0.072,0.0026,0.0843,-0.0102,-2.8481,-0.3498
30.59963321685791,-0.0721,-0.0016,0.0854,0.0638,-2.8489,-0.3763
30.599738121032715,-0.0723,-0.0048,0.0842,0.187,-2.8496,-0.3341
30.59983801841736,-0.0724,-0.0066,0.0874,0.3502,-2.8503,-0.1653
30.59994602203369,-0.0724,-0.0062,0.0938,0.3943,-2.851,0.0777
30.600043058395386,-0.0724,-0.0036,0.1001,0.2983,-2.8518,0.3054
30.60013699531555,-0.0723,0.0005,0.1021,0.1437,-2.8525,0.4506
30.600230932235718,-0.0722,0.0047,0.103,0.0516,-2.8532,0.5451
30.60032606124878,-0.072,0.0086,0.105,-0.1327,-2.8539,0.5376
30.600419998168945,-0.0718,0.0113,0.1011,-0.3213,-2.8546,0.3816
30.600518226623535,-0.0717,0.0116,0.0936,-0.2992,-2.8554,0.1867
30.600616931915283,-0.0716,0.0099,0.0914,-0.2124,-2.8561,0.0309
30.720607042312622,-0.0716,0.0073,0.0904,-0.1911,-2.8568,-0.1203
30.72074294090271,-0.0717,0.0039,0.0869,-0.1095,-2.8575,-0.2462
30.720847129821777,-0.0717,0.0003,0.0864,0.0188,-2.8582,-0.2953
30.720945835113525,-0.0718,-0.0026,0.0875,0.1136,-2.8589,-0.2779
30.72104287147522,-0.0719,-0.0046,0.0898,0.1995,-2.8597,-0.19
30.721139907836914,-0.072,-0.005,0.0934,0.2354,-2.8604,-0.0534
30.721237897872925,-0.072,-0.0041,0.096,0.2115,-2.8611,0.0868
30.721341848373413,-0.072,-0.002,0.0986,0.1676,-2.8618,0.2184
30.7214572429657,-0.0719,0.0007,0.1003,0.0955,-2.8625,0.3175
30.721580982208252,-0.0718,0.0036,0.1009,0.0296,-2.8633,0.3797
30.72168493270874,-0.0717,0.0062,0.101,-0.0637,-2.864,0.3842
30.721787929534912,-0.0715,0.0081,0.1,-0.1596,-2.8647,0.3208
30.84158205986023,-0.0714,0.0088,0.0981,-0.2327,-2.8654,0.1967
30.841734886169434,-0.0714,0.0081,0.0946,-0.272,-2.8661,0.0216
30.841853857040405,-0.0714,0.0059,0.0904,-0.2239,-2.8668,-0.1539
30.841954946517944,-0.0714,0.0026,0.0874,-0.1181,-2.8675,-0.2846
30.84206199645996,-0.0715,-0.001,0.0877,-0.0153,-2.8683,-0.3495
30.84216022491455,-0.0716,-0.0041,0.0873,0.1037,-2.869,-0.3425
30.842257976531982,-0.0717,-0.0062,0.0889,0.2463,-2.8697,-0.2337
30.842355012893677,-0.0718,-0.0066,0.0934,0.3292,-2.8704,-0.0396
30.842450857162476,-0.0718,-0.005,0.0988,0.2914,-2.8711,0.1693
30.842545986175537,-0.0718,-0.0019,0.1019,0.1798,-2.8719,0.3305
30.84263801574707,-0.0717,0.0019,0.1031,0.0917,-2.8726,0.4458
30.842733144760132,-0.0715,0.0057,0.1053,-0.0271,-2.8733,0.5021
30.962319135665894,-0.0714,0.0089,0.1052,-0.21,-2.874,0.4416
30.962468147277832,-0.0712,0.0105,0.1006,-0.3344,-2.8747,0.2692
30.962562084197998,-0.0711,0.01,0.0947,-0.3364,-2.8754,0.0524
30.962652921676636,-0.0711,0.0075,0.0897,-0.2705,-2.8761,-0.1592
30.96275806427002,-0.0712,0.0037,0.0873,-0.1493,-2.8768,-0.3121
30.962852001190186,-0.0713,-0.0005,0.0867,-0.1046,-2.8776,-0.4434
30.962944984436035,-0.0714,-0.0046,0.0825,0.0614,-2.8783,-0.5009
30.96303415298462,-0.0716,-0.0081,0.0842,0.3131,-2.879,-0.3861
30.96314001083374,-0.0717,-0.0095,0.0906,0.4375,-2.8797,-0.1459
30.963227033615112,-0.0717,-0.008,0.0965,0.4252,-2.8804,0.1291
30.96331810951233,-0.0717,-0.0044,0.102,0.3451,-2.8811,0.3941
30.963412046432495,-0.0716,0.0008,0.1045,0.2909,-2.8819,0.6453
30.976463079452515,-0.0714,0.0068,0.1102,0.112,-2.8826,0.826
31.100831985473633,-0.0711,0.0128,0.1113,-0.2353,-2.8833,0.7938
31.101022958755493,-0.0708,0.0167,0.105,-0.4768,-2.884,0.563
31.101138830184937,-0.0707,0.0172,0.0941,-0.4822,-2.8847,0.251
31.10124897956848,-0.0706,0.0145,0.0895,-0.3565,-2.8854,-0.0149
31.10136103630066,-0.0706,0.01,0.088,-0.2605,-2.8861,-0.2326
31.10145401954651,-0.0707,0.0047,0.0851,-0.1392,-2.8868,-0.3961
31.101546049118042,-0.0708,-0.0006,0.0822,0.0484,-2.8875,-0.463
31.101638793945312,-0.0709,-0.0049,0.0833,0.2694,-2.8882,-0.3819
31.101738929748535,-0.0711,-0.0072,0.0898,0.3892,-2.8889,-0.1787
31.1018328666687,-0.0711,-0.0067,0.095,0.3764,-2.8896,0.0535
31.10192608833313,-0.0711,-0.0042,0.0987,0.3291,-2.8904,0.2832
31.10202693939209,-0.071,-0.0002,0.1012,0.3111,-2.8911,0.5219
31.10212802886963,-0.0708,0.005,0.1074,0.2148,-2.8918,0.7457
31.233185052871704,-0.0706,0.0107,0.11,-0.049,-2.8925,0.8214
31.233340978622437,-0.0703,0.0155,0.1071,-0.2514,-2.8932,0.7483
31.233453035354614,-0.0701,0.0182,0.1051,-0.4158,-2.8939,0.5563
31.233553886413574,-0.0699,0.0181,0.0981,-0.5088,-2.8946,0.2546
31.233659029006958,-0.0698,0.0152,0.0892,-0.4531,-2.8953,-0.0768
31.233762979507446,-0.0698,0.0099,0.0834,-0.2263,-2.896,-0.3074
31.23386287689209,-0.0699,0.0039,0.0848,-0.0561,-2.8967,-0.4215
31.233959913253784,-0.0701,-0.0014,0.0837,0.0827,-2.8974,-0.4574
31.234057903289795,-0.0702,-0.0054,0.0842,0.2893,-2.8981,-0.3594
31.23415493965149,-0.0703,-0.0073,0.089,0.4436,-2.8988,-0.1286
31.23425006866455,-0.0704,-0.0064,0.0967,0.4751,-2.8995,0.1782
31.234352111816406,-0.0703,-0.0027,0.1023,0.402,-2.9002,0.4802
31.234449863433838,-0.0702,0.0028,0.1081,0.3061,-2.9009,0.7649
31.355807065963745,-0.0699,0.0094,0.113,0.0685,-2.9016,0.9354
31.35596799850464,-0.0696,0.0157,0.1119,-0.2646,-2.9023,0.8872
31.356080055236816,-0.0693,0.0196,0.1036,-0.4008,-2.903,0.6937
31.35618495941162,-0.0691,0.0205,0.1006,-0.4551,-2.9037,0.4447
31.356287002563477,-0.069,0.0187,0.0942,-0.4795,-2.9044,0.1328
31.356385946273804,-0.0689,0.0144,0.0856,-0.3669,-2.9051,-0.1708
31.356486082077026,-0.069,0.0084,0.081,-0.1445,-2.9057,-0.3681
31.356586933135986,-0.0691,0.0023,0.0818,0.0673,-2.9064,-0.4271
31.356693029403687,-0.0692,-0.0026,0.0834,0.2561,-2.9071,-0.3558
31.356795072555542,-0.0693,-0.0053,0.0869,0.4512,-2.9078,-0.1356
31.356895923614502,-0.0694,-0.005,0.094,0.5383,-2.9085,0.1922
31.35699701309204,-0.0693,-0.0016,0.1033,0.4378,-2.9092,0.5234
31.477564811706543,-0.0692,0.004,0.1062,0.2682,-2.9099,0.7695
31.47769808769226,-0.0689,0.0103,0.1093,0.0789,-2.9106,0.9193
31.47779393196106,-0.0686,0.0162,0.1084,-0.1919,-2.9113,0.8919
31.477883100509644,-0.0683,0.02,0.1024,-0.3175,-2.912,0.7424
31.477969884872437,-0.0681,0.0212,0.1002,-0.3953,-2.9126,0.5281
31.478060960769653,-0.0679,0.02,0.0948,-0.4231,-2.9133,0.2563
31.47815489768982,-0.0678,0.0165,0.0866,-0.3157,-2.914,-0.0071
31.478265047073364,-0.0678,0.0115,0.0832,-0.0665,-2.9147,-0.1371
31.478364944458008,-0.0679,0.0067,0.0867,0.1095,-2.9154,-0.1318
31.478451013565063,-0.0679,0.0034,0.0887,0.1877,-2.916,-0.0643
31.478535890579224,-0.0679,0.0018,0.0895,0.2934,-2.9167,0.0765
31.478621006011963,-0.0679,0.002,0.0944,0.3803,-2.9174,0.3081
31.600865125656128,-0.0678,0.0044,0.1003,0.3629,-2.9181,0.5721
31.60102391242981,-0.0676,0.0086,0.1048,0.2611,-2.9187,0.8054
31.601140022277832,-0.0674,0.0139,0.108,0.0858,-2.9194,0.9518
31.60124111175537,-0.0671,0.019,0.11,-0.1687,-2.9201,0.9511
31.601346015930176,-0.0667,0.0226,0.1064,-0.3946,-2.9208,0.7814
31.601445198059082,-0.0665,0.0234,0.0962,-0.443,-2.9214,0.5076
31.60154390335083,-0.0663,0.0213,0.0901,-0.3135,-2.9221,0.2726
31.601643085479736,-0.0662,0.0176,0.0899,-0.2348,-2.9227,0.0845
31.60174298286438,-0.0662,0.0131,0.0867,-0.1115,-2.9234,-0.0497
31.601840019226074,-0.0662,0.0087,0.085,0.0785,-2.9241,-0.076
31.601936101913452,-0.0663,0.0054,0.0878,0.2169,-2.9247,0.0045
31.602030992507935,-0.0662,0.0038,0.0916,0.2844,-2.9254,0.1546
31.602126121520996,-0.0662,0.0042,0.0951,0.3368,-2.9261,0.3635
31.722204208374023,-0.0661,0.0065,0.0997,0.3321,-2.9267,0.6037
31.72233009338379,-0.0659,0.0104,0.1055,0.1822,-2.9274,0.7915
31.722447156906128,-0.0656,0.015,0.108,-0.0753,-2.928,0.8337
31.722554206848145,-0.0654,0.0186,0.1028,-0.2099,-2.9287,0.754
31.72265100479126,-0.0651,0.0204,0.1023,-0.2644,-2.9293,0.6367
31.72274899482727,-0.0649,0.0205,0.1002,-0.3724,-2.93,0.4342
31.72285008430481,-0.0648,0.0186,0.0938,-0.3939,-2.9306,0.1708
31.722947120666504,-0.0647,0.0147,0.0871,-0.2438,-2.9313,-0.0458
31.723045110702515,-0.0647,0.0098,0.0864,-0.0391,-2.9319,-0.1389
31.72314214706421,-0.0648,0.0055,0.0895,0.095,-2.9326,-0.1256
31.72324299812317,-0.0648,0.0026,0.091,0.1464,-2.9332,-0.0706
31.72333788871765,-0.0648,0.0012,0.0924,0.199,-2.9339,0.0273
31.842637062072754,-0.0648,0.0011,0.0963,0.2335,-2.9345,0.1749
31.842778205871582,-0.0648,0.0025,0.0995,0.1995,-2.9352,0.3247
31.84287405014038,-0.0647,0.0049,0.102,0.1476,-2.9358,0.4599
31.842962980270386,-0.0645,0.0079,0.1046,0.0429,-2.9365,0.5484
31.84306311607361,-0.0643,0.0109,0.1053,-0.1056,-2.9371,0.5478
31.84315323829651,-0.0642,0.013,0.1041,-0.2647,-2.9377,0.4368
31.843240976333618,-0.064,0.0133,0.0988,-0.3519,-2.9384,0.2317
31.843328952789307,-0.0639,0.0116,0.0929,-0.3203,-2.939,0.0038
31.843419075012207,-0.0639,0.0081,0.0886,-0.226,-2.9397,-0.1969
31.84350895881653,-0.064,0.0038,0.0864,-0.0716,-2.9403,-0.3162
31.843596935272217,-0.0641,-0.0004,0.087,0.0547,-2.9409,-0.3524
31.84369397163391,-0.0642,-0.0037,0.0873,0.1924,-2.9416,-0.3002
31.856431007385254,-0.0643,-0.0055,0.0908,0.3064,-2.9422,-0.1503
31.978471994400024,-0.0644,-0.0053,0.0963,0.3153,-2.9429,0.0446
31.978607177734375,-0.0644,-0.0033,0.1005,0.274,-2.9435,0.2441
31.97870111465454,-0.0643,0.0001,0.1041,0.1739,-2.9442,0.4069
31.978788137435913,-0.0641,0.004,0.1063,0.0391,-2.9448,0.5003
31.978875875473022,-0.064,0.0077,0.1062,-0.1393,-2.9454,0.4801
31.978962898254395,-0.0638,0.0101,0.1033,-0.286,-2.9461,0.3461
31.979051113128662,-0.0637,0.0104,0.0984,-0.3628,-2.9467,0.1277
31.979145050048828,-0.0637,0.0085,0.0923,-0.3011,-2.9474,-0.0964
31.979233026504517,-0.0637,0.005,0.0894,-0.1772,-2.948,-0.2634
31.979331970214844,-0.0638,0.001,0.0892,-0.0738,-2.9486,-0.368
31.979421854019165,-0.0639,-0.0029,0.0879,0.0103,-2.9493,-0.4305
31.979508876800537,-0.064,-0.0062,0.0879,0.1463,-2.9499,-0.4068
31.979597091674805,-0.0642,-0.0083,0.0904,0.2752,-2.9506,-0.2839
32.11418914794922,-0.0643,-0.0086,0.095,0.3419,-2.9512,-0.085
32.114339113235474,-0.0643,-0.0069,0.1003,0.295,-2.9518,0.1222
32.11445498466492,-0.0643,-0.0036,0.1038,0.214,-2.9525,0.3039
32.114551067352295,-0.0642,0.0004,0.1061,0.096,-2.9531,0.4288
32.11465287208557,-0.064,0.0045,0.1071,-0.0565,-2.9538,0.4644
32.11474299430847,-0.0639,0.0077,0.1055,-0.2241,-2.9544,0.3828
32.114832162857056,-0.0637,0.0091,0.1018,-0.3438,-2.955,0.198
32.11492300033569,-0.0637,0.0083,0.0955,-0.3476,-2.9557,-0.0348
32.11501407623291,-0.0637,0.0055,0.0911,-0.226,-2.9563,-0.2228
32.115103006362915,-0.0638,0.0017,0.091,-0.1575,-2.957,-0.3701
32.115195989608765,-0.0639,-0.0024,0.0884,-0.0933,-2.9576,-0.4972
32.11528491973877,-0.064,-0.0066,0.0865,0.0789,-2.9582,-0.5296
32.11537504196167,-0.0642,-0.0098,0.0885,0.2427,-2.9589,-0.4437
32.23660588264465,-0.0644,-0.0112,0.0921,0.3607,-2.9595,-0.2574
32.23676586151123,-0.0644,-0.0103,0.0979,0.3789,-2.9602,-0.0175
32.23687815666199,-0.0644,-0.0074,0.1026,0.3074,-2.9608,0.2118
32.23697781562805,-0.0644,-0.0031,0.1055,0.2154,-2.9614,0.4053
32.23707318305969,-0.0642,0.0018,0.1086,0.0898,-2.9621,0.5426
32.2371780872345,-0.0641,0.0065,0.11,-0.129,-2.9627,0.5516
32.23727798461914,-0.0639,0.01,0.1064,-0.3235,-2.9634,0.4112
32.23737382888794,-0.0638,0.011,0.101,-0.417,-2.964,0.1724
32.237473011016846,-0.0637,0.0094,0.094,-0.3897,-2.9646,-0.1002
32.23757004737854,-0.0637,0.0056,0.0895,-0.2329,-2.9653,-0.3058
32.23766803741455,-0.0638,0.0009,0.0901,-0.1592,-2.9659,-0.4632
32.23776698112488,-0.064,-0.0039,0.0861,-0.06,-2.9666,-0.5884
32.35811805725098,-0.0642,-0.0084,0.0857,0.1746,-2.9672,-0.5678
32.35826086997986,-0.0644,-0.0114,0.089,0.3668,-2.9678,-0.4014
32.35836315155029,-0.0645,-0.0119,0.0955,0.4476,-2.9685,-0.1373
32.35845398902893,-0.0645,-0.0097,0.1017,0.4097,-2.9691,0.148
32.358543157577515,-0.0645,-0.0053,0.1061,0.3035,-2.9698,0.3988
32.358635902404785,-0.0644,0.0002,0.1085,0.2263,-2.9704,0.6211
32.35873007774353,-0.0642,0.0062,0.1133,0.0076,-2.9711,0.74
32.35884690284729,-0.0639,0.0115,0.1118,-0.3073,-2.9717,0.6482
32.35895395278931,-0.0637,0.0144,0.105,-0.4902,-2.9723,0.3913
32.359062910079956,-0.0636,0.0139,0.0948,-0.4779,-2.973,0.0692
32.35916209220886,-0.0636,0.0104,0.09,-0.3175,-2.9736,-0.1864
32.359272956848145,-0.0636,0.0055,0.0886,-0.2039,-2.9742,-0.3815
32.47951316833496,-0.0637,0.0001,0.0861,-0.0767,-2.9749,-0.5168
32.479633808135986,-0.0639,-0.005,0.0851,0.1006,-2.9755,-0.548
32.47973704338074,-0.0641,-0.0088,0.0875,0.2508,-2.9762,-0.4672
32.47982692718506,-0.0642,-0.0107,0.0903,0.3748,-2.9768,-0.2878
32.47991609573364,-0.0643,-0.0103,0.096,0.4408,-2.9775,-0.0253
32.48001313209534,-0.0643,-0.0075,0.1029,0.3576,-2.9781,0.2347
32.480101108551025,-0.0643,-0.0029,0.1071,0.1898,-2.9787,0.4193
32.480185985565186,-0.0641,0.002,0.108,0.0497,-2.9794,0.5228
32.480271100997925,-0.064,0.0065,0.1083,-0.1246,-2.98,0.5185
32.48035717010498,-0.0638,0.0096,0.1059,-0.3085,-2.9807,0.3805
32.48044204711914,-0.0637,0.0104,0.0987,-0.3683,-2.9813,0.1527
32.48052906990051,-0.0636,0.0088,0.0929,-0.2497,-2.9819,-0.0413
32.480615854263306,-0.0636,0.0058,0.0931,-0.1646,-2.9826,-0.1806
32.60030508041382,-0.0637,0.0023,0.0914,-0.1406,-2.9832,-0.3193
32.600460052490234,-0.0638,-0.0015,0.0888,-0.0271,-2.9838,-0.4059
32.600574016571045,-0.0639,-0.005,0.09,0.1198,-2.9845,-0.3912
32.60067415237427,-0.0641,-0.0073,0.0929,0.1972,-2.9851,-0.3075
32.60077905654907,-0.0642,-0.0081,0.0949,0.255,-2.9858,-0.1732
32.6008780002594,-0.0642,-0.0074,0.0985,0.2946,-2.9864,0.0126
32.600977182388306,-0.0642,-0.005,0.1029,0.2709,-2.987,0.2162
32.601073026657104,-0.0641,-0.0014,0.1068,0.1473,-2.9877,0.3701
32.601166009902954,-0.064,0.0026,0.108,0.0269,-2.9883,0.457
32.60125994682312,-0.0639,0.0063,0.1082,-0.1336,-2.989,0.4445
32.60135293006897,-0.0637,0.0087,0.1041,-0.2786,-2.9896,0.31
32.6014461517334,-0.0636,0.0091,0.0982,-0.2723,-2.9902,0.1377
32.72198820114136,-0.0636,0.0077,0.0964,-0.2051,-2.9909,-0.0045
32.722167015075684,-0.0636,0.0054,0.094,-0.1846,-2.9915,-0.1528
32.722273111343384,-0.0636,0.0023,0.0913,-0.0872,-2.9921,-0.26
32.72238111495972,-0.0637,-0.0009,0.0919,-0.0089,-2.9928,-0.3145
32.72248196601868,-0.0638,-0.0037,0.0918,0.0716,-2.9934,-0.3195
32.72257995605469,-0.0639,-0.0057,0.0935,0.1624,-2.9941,-0.2548
32.72268009185791,-0.064,-0.0065,0.0962,0.1982,-2.9947,-0.1483
32.722777128219604,-0.064,-0.006,0.0986,0.1988,-2.9953,-0.0244
32.72287201881409,-0.0641,-0.0044,0.101,0.1737,-2.996,0.1014
32.72296690940857,-0.064,-0.0021,0.1028,0.1547,-2.9966,0.2289
32.72306203842163,-0.0639,0.0008,0.1051,0.0974,-2.9973,0.3379
32.72315692901611,-0.0638,0.0038,0.1069,-0.0113,-2.9979,0.3917
32.843721866607666,-0.0637,0.0065,0.1059,-0.1587,-2.9985,0.3447
32.84389400482178,-0.0636,0.0079,0.1019,-0.2165,-2.9992,0.2323
32.84399104118347,-0.0635,0.0078,0.0994,-0.2056,-2.9998,0.109
32.84409499168396,-0.0635,0.0065,0.0976,-0.2024,-3.0004,-0.0265
32.84419298171997,-0.0635,0.0043,0.0951,-0.1595,-3.0011,-0.1538
32.84428596496582,-0.0635,0.0015,0.0937,-0.1307,-3.0017,-0.2738
32.844380140304565,-0.0636,-0.0016,0.0917,-0.063,-3.0024,-0.3671
32.844475984573364,-0.0638,-0.0047,0.0901,0.0791,-3.003,-0.382
32.8445827960968,-0.0639,-0.007,0.0931,0.1996,-3.0036,-0.299
32.84468984603882,-0.064,-0.0078,0.0965,0.2214,-3.0043,-0.1789
32.84480404853821,-0.064,-0.0072,0.0985,0.2233,-3.0049,-0.0426
32.84491205215454,-0.064,-0.0055,0.1017,0.2208,-3.0055,0.1159
32.97518992424011,-0.064,-0.0027,0.1052,0.1232,-3.0062,0.2381
32.97533106803894,-0.0639,0.0004,0.1049,0.0327,-3.0068,0.3015
32.97542595863342,-0.0638,0.0032,0.1055,-0.0103,-3.0075,0.3429
32.975512981414795,-0.0637,0.0056,0.1058,-0.1053,-3.0081,0.3267
32.97559905052185,-0.0636,0.0071,0.1032,-0.1692,-3.0087,0.2517
32.97570300102234,-0.0635,0.0074,0.101,-0.1824,-3.0094,0.1523
32.97580599784851,-0.0635,0.0067,0.0991,-0.1842,-3.01,0.0372
32.97591018676758,-0.0635,0.005,0.096,-0.1612,-3.0106,-0.0863
32.976019859313965,-0.0635,0.0027,0.0933,-0.0494,-3.0113,-0.1582
32.976113080978394,-0.0636,0.0003,0.0944,0.0361,-3.0119,-0.1688
32.976210832595825,-0.0636,-0.0014,0.0955,0.0556,-3.0126,-0.1605
32.97632098197937,-0.0637,-0.0026,0.0955,0.1155,-3.0132,-0.114
32.976438999176025,-0.0637,-0.0029,0.0981,0.1771,-3.0138,-0.0094
33.096736907958984,-0.0637,-0.0021,0.1009,0.159,-3.0145,0.1039
33.09687805175781,-0.0637,-0.0005,0.1027,0.1107,-3.0151,0.1995
33.09697198867798,-0.0636,0.0016,0.1034,0.071,-3.0157,0.276
33.09705996513367,-0.0635,0.0038,0.1051,0.0068,-3.0164,0.3243
33.09714984893799,-0.0634,0.0058,0.1049,-0.1013,-3.017,0.3027
33.097245931625366,-0.0633,0.007,0.1031,-0.1841,-3.0176,0.2151
33.09733700752258,-0.0632,0.007,0.1002,-0.2275,-3.0183,0.0791
33.097426891326904,-0.0632,0.0057,0.0955,-0.2069,-3.0189,-0.079
33.09751796722412,-0.0632,0.0032,0.0938,-0.1296,-3.0195,-0.2008
33.09760785102844,-0.0633,0.0003,0.0925,-0.1043,-3.0202,-0.3174
33.09772491455078,-0.0634,-0.0029,0.0893,0.0025,-3.0208,-0.3902
33.09782814979553,-0.0635,-0.0058,0.0896,0.1771,-3.0214,-0.3499
33.22038388252258,-0.0636,-0.0075,0.093,0.288,-3.0221,-0.2149
33.22053098678589,-0.0637,-0.0073,0.0972,0.3405,-3.0227,-0.0165
33.22064399719238,-0.0637,-0.0053,0.1028,0.3012,-3.0233,0.1977
33.22074222564697,-0.0637,-0.0018,0.1055,0.2199,-3.024,0.3812
33.22083878517151,-0.0635,0.0025,0.1071,0.1444,-3.0246,0.5304
33.22094106674194,-0.0634,0.0069,0.1098,-0.0143,-3.0253,0.5989
33.22103500366211,-0.0632,0.0107,0.1095,-0.2264,-3.0259,0.5303
33.221128940582275,-0.063,0.0126,0.1044,-0.3644,-3.0265,0.3374
33.22122812271118,-0.0629,0.0121,0.0986,-0.3806,-3.0271,0.092
33.221325159072876,-0.0629,0.0094,0.0927,-0.3171,-3.0278,-0.1563
33.221421003341675,-0.0629,0.0051,0.0884,-0.1426,-3.0284,-0.3253
33.22151494026184,-0.063,0.0004,0.0896,0.0219,-3.029,-0.3827
33.22161102294922,-0.0631,-0.0035,0.0897,0.1315,-3.0297,-0.3717
33.34508013725281,-0.0633,-0.0061,0.0906,0.288,-3.0303,-0.255
33.345229148864746,-0.0633,-0.0067,0.0959,0.3916,-3.0309,-0.0341
33.345332860946655,-0.0633,-0.005,0.1022,0.3498,-3.0316,0.2058
33.34542989730835,-0.0633,-0.0015,0.106,0.2475,-3.0322,0.4094
33.34552812576294,-0.0631,0.0029,0.1084,0.1405,-3.0328,0.5639
33.34562397003174,-0.063,0.0075,0.1108,-0.0383,-3.0335,0.623
33.3457248210907,-0.0628,0.0114,0.1097,-0.2504,-3.0341,0.5396
33.345829010009766,-0.0626,0.0132,0.103,-0.3563,-3.0347,0.3406
33.34592294692993,-0.0625,0.0126,0.0966,-0.2795,-3.0353,0.1453
33.34601807594299,-0.0624,0.0102,0.0958,-0.2118,-3.036,-0.014
33.34611392021179,-0.0624,0.007,0.094,-0.1527,-3.0366,-0.15
33.34620904922485,-0.0625,0.0034,0.0927,-0.098,-3.0372,-0.2623
33.46746587753296,-0.0626,-0.0001,0.0908,-0.0081,-3.0378,-0.3328
33.46761393547058,-0.0627,-0.0033,0.0899,0.1413,-3.0385,-0.3155
33.467729806900024,-0.0628,-0.0054,0.0937,0.2839,-3.0391,-0.1801
33.467835903167725,-0.0628,-0.0055,0.0991,0.3041,-3.0397,0.0062
33.46793293952942,-0.0628,-0.0038,0.1017,0.2607,-3.0403,0.1844
33.46803402900696,-0.0628,-0.0009,0.1044,0.2189,-3.041,0.3568
33.468127965927124,-0.0627,0.0029,0.1072,0.1535,-3.0416,0.5096
33.468220949172974,-0.0625,0.007,0.1096,0.0154,-3.0422,0.5929
33.46831703186035,-0.0623,0.0107,0.1092,-0.1549,-3.0428,0.5651
33.4684112071991,-0.0621,0.013,0.1071,-0.3144,-3.0435,0.4209
33.46850609779358,-0.062,0.0132,0.1014,-0.3792,-3.0441,0.1945
33.46860313415527,-0.0619,0.0111,0.096,-0.3392,-3.0447,-0.0469
33.591633796691895,-0.0619,0.0073,0.0908,-0.2091,-3.0453,-0.244
33.59177589416504,-0.062,0.0028,0.0906,-0.0861,-3.0459,-0.3657
33.59187602996826,-0.0621,-0.0016,0.0885,0.0161,-3.0466,-0.4396
33.5919668674469,-0.0623,-0.0054,0.0878,0.2226,-3.0472,-0.388
33.59207510948181,-0.0624,-0.0076,0.0919,0.4057,-3.0478,-0.1903
33.59216499328613,-0.0625,-0.0072,0.0993,0.4545,-3.0484,0.0918
33.5922749042511,-0.0624,-0.0041,0.1048,0.399,-3.0491,0.3794
33.59237813949585,-0.0623,0.0008,0.1097,0.3144,-3.0497,0.6507
33.59247612953186,-0.0621,0.0069,0.1145,0.1206,-3.0503,0.8348
33.5925669670105,-0.0618,0.013,0.1152,-0.1628,-3.0509,0.8451
33.592657804489136,-0.0616,0.0173,0.1087,-0.3741,-3.0515,0.675
33.59275221824646,-0.0613,0.0187,0.1023,-0.3829,-3.0522,0.4546
33.59284496307373,-0.0612,0.0175,0.0993,-0.394,-3.0528,0.2048
33.71621799468994,-0.0611,0.0143,0.0925,-0.3374,-3.0534,-0.0596
33.716370820999146,-0.0611,0.0094,0.0868,-0.1611,-3.054,-0.2542
33.71647906303406,-0.0612,0.0041,0.0859,0.0765,-3.0546,-0.3054
33.716572999954224,-0.0613,-0.0001,0.0897,0.2255,-3.0552,-0.2361
33.71666598320007,-0.0614,-0.0024,0.0921,0.3517,-3.0558,-0.0692
33.71677207946777,-0.0614,-0.0023,0.0977,0.439,-3.0564,0.194
33.716861963272095,-0.0614,0.0003,0.1042,0.413,-3.0571,0.4882
33.71695113182068,-0.0612,0.0049,0.1096,0.3018,-3.0577,0.7526
33.717041969299316,-0.061,0.0108,0.1141,0.1059,-3.0583,0.9264
33.71713089942932,-0.0607,0.0166,0.1151,-0.1687,-3.0589,0.9334
33.717231035232544,-0.0603,0.0207,0.1079,-0.3291,-3.0595,0.7879
33.71731996536255,-0.0601,0.0222,0.1051,-0.3732,-3.0601,0.5947
33.84108209609985,-0.0599,0.0213,0.1011,-0.4145,-3.0607,0.346
33.84121799468994,-0.0598,0.0183,0.0935,-0.3528,-3.0613,0.0805
33.84133505821228,-0.0598,0.0136,0.0876,-0.1275,-3.0619,-0.0846
33.841428995132446,-0.0598,0.0087,0.0892,0.0981,-3.0625,-0.0959
33.84153699874878,-0.0598,0.0051,0.0928,0.2119,-3.0631,-0.0102
33.84163308143616,-0.0598,0.0035,0.0945,0.2993,-3.0637,0.1429
33.841728925704956,-0.0598,0.0038,0.0987,0.3667,-3.0643,0.3696
33.841821908950806,-0.0597,0.0063,0.1043,0.36,-3.0649,0.6338
33.841915130615234,-0.0594,0.0106,0.1096,0.2496,-3.0655,0.8676
33.84200596809387,-0.0592,0.0159,0.113,0.0282,-3.0661,0.9857
33.84209895133972,-0.0588,0.0207,0.113,-0.2258,-3.0666,0.9426
33.84219217300415,-0.0585,0.0237,0.1076,-0.3908,-3.0672,0.7567
33.8422908782959,-0.0583,0.024,0.0987,-0.3538,-3.0678,0.5313
33.97679305076599,-0.0581,0.022,0.0979,-0.2923,-3.0684,0.3381
33.97693586349487,-0.058,0.0187,0.0952,-0.2324,-3.069,0.162
33.977033853530884,-0.058,0.0146,0.0916,-0.0895,-3.0696,0.0503
33.977121114730835,-0.0579,0.0107,0.0907,0.0802,-3.0701,0.0391
33.97720813751221,-0.0579,0.0079,0.0934,0.1821,-3.0707,0.1109
33.977307081222534,-0.0579,0.0066,0.0956,0.2803,-3.0713,0.2607
33.97741103172302,-0.0578,0.0072,0.0998,0.3549,-3.0719,0.4896
33.97749614715576,-0.0577,0.0098,0.106,0.2734,-3.0724,0.7113
33.97758197784424,-0.0574,0.0138,0.1079,0.111,-3.073,0.8446
33.97766900062561,-0.0571,0.0179,0.1095,-0.0204,-3.0736,0.9071
33.977755069732666,-0.0569,0.0214,0.1101,-0.2086,-3.0742,0.8547
33.977845907211304,-0.0566,0.0233,0.1049,-0.37,-3.0747,0.6616
33.977948904037476,-0.0564,0.0228,0.0954,-0.3206,-3.0753,0.4323
34.10299205780029,-0.0562,0.0201,0.0945,-0.2006,-3.0759,0.2727
34.10314702987671,-0.0561,0.0168,0.0937,-0.1415,-3.0764,0.1428
34.10325813293457,-0.0561,0.0131,0.0905,-0.0172,-3.077,0.0678
34.103355884552,-0.0561,0.0098,0.0902,0.1256,-3.0775,0.081
34.10345911979675,-0.056,0.0077,0.0934,0.2545,-3.0781,0.1985
34.10355615615845,-0.056,0.0073,0.0979,0.2834,-3.0787,0.3669
34.103652000427246,-0.0559,0.0087,0.1019,0.2656,-3.0792,0.5536
34.10375094413757,-0.0557,0.0115,0.1062,0.1512,-3.0798,0.6989
34.10384678840637,-0.0554,0.0149,0.1059,0.0375,-3.0803,0.7704
34.10394287109375,-0.0552,0.0179,0.1069,-0.0287,-3.0809,0.8082
34.104039907455444,-0.0549,0.0204,0.1087,-0.1858,-3.0814,0.7589
34.10413599014282,-0.0547,0.0217,0.105,-0.3308,-3.082,0.5906
34.10423493385315,-0.0545,0.0209,0.0963,-0.3178,-3.0825,0.3681
34.11635208129883,-0.0544,0.0182,0.0931,-0.1464,-3.0831,0.2312
34.24405813217163,-0.0543,0.015,0.0947,-0.0534,-3.0836,0.164
34.24420189857483,-0.0542,0.0121,0.0945,-0.0051,-3.0841,0.1247
34.24429702758789,-0.0542,0.0097,0.0934,0.0881,-3.0847,0.136
34.24438405036926,-0.0542,0.0081,0.0953,0.1867,-3.0852,0.2233
34.24447798728943,-0.0541,0.0079,0.0987,0.2034,-3.0858,0.3455
34.244564056396484,-0.054,0.0089,0.102,0.1706,-3.0863,0.4711
34.244648933410645,-0.0538,0.0108,0.1038,0.0712,-3.0868,0.5466
34.24474215507507,-0.0536,0.0129,0.1036,-0.0409,-3.0874,0.549
34.24483895301819,-0.0535,0.0144,0.1005,-0.0622,-3.0879,0.5164
34.2449369430542,-0.0533,0.0151,0.101,-0.0492,-3.0885,0.4964
34.24503302574158,-0.0531,0.0154,0.1023,-0.1226,-3.089,0.4382
34.245126247406006,-0.053,0.0151,0.0996,-0.1834,-3.0895,0.3213
34.24521803855896,-0.0529,0.0137,0.0962,-0.1366,-3.09,0.2091
34.37669396400452,-0.0528,0.0116,0.0952,-0.0647,-3.0906,0.1351
34.3768470287323,-0.0528,0.0094,0.0941,0.0133,-3.0911,0.1023
34.376973152160645,-0.0527,0.0076,0.0945,0.1146,-3.0916,0.1366
34.37706995010376,-0.0527,0.0067,0.0974,0.1873,-3.0922,0.2377
34.37718081474304,-0.0526,0.007,0.1,0.1902,-3.0927,0.3593
34.37727093696594,-0.0525,0.0084,0.1025,0.1673,-3.0932,0.4849
34.377360105514526,-0.0523,0.0106,0.1043,0.0929,-3.0937,0.5769
34.37744998931885,-0.0522,0.013,0.1058,-0.0195,-3.0943,0.6087
34.37754011154175,-0.052,0.0151,0.1056,-0.1471,-3.0948,0.5574
34.377628803253174,-0.0518,0.016,0.1022,-0.2075,-3.0953,0.4438
34.3777220249176,-0.0516,0.0155,0.0986,-0.2156,-3.0958,0.2986
34.37783598899841,-0.0515,0.0138,0.0943,-0.1185,-3.0963,0.1842
34.37794613838196,-0.0515,0.0114,0.0947,0.0072,-3.0968,0.1523
34.50978708267212,-0.0514,0.0095,0.0961,0.07,-3.0973,0.1698
34.50993800163269,-0.0514,0.0083,0.0965,0.1167,-3.0979,0.2191
34.51003313064575,-0.0513,0.0079,0.0985,0.1545,-3.0984,0.3071
34.51012206077576,-0.0512,0.0086,0.1016,0.1318,-3.0989,0.4027
34.510210037231445,-0.0511,0.0099,0.1039,0.04,-3.0994,0.4564
34.51032114028931,-0.0509,0.0114,0.1032,-0.0366,-3.0999,0.4565
34.51042294502258,-0.0508,0.0124,0.1025,-0.0746,-3.1004,0.428
34.51051211357117,-0.0506,0.0129,0.1011,-0.1101,-3.1009,0.3665
34.510599851608276,-0.0505,0.0126,0.098,-0.0755,-3.1014,0.3049
34.51068592071533,-0.0504,0.0118,0.0981,0.0047,-3.1019,0.2957
34.51077914237976,-0.0503,0.0111,0.0996,0.0281,-3.1024,0.3114
34.51087522506714,-0.0502,0.0108,0.0999,0.0144,-3.1029,0.3202
34.51097798347473,-0.0501,0.0107,0.1001,0.0055,-3.1034,0.3247
34.51107096672058,-0.05,0.0107,0.0998,0.0066,-3.1039,0.3279
34.63754487037659,-0.0499,0.0107,0.0999,0.0167,-3.1044,0.3384
34.63770008087158,-0.0498,0.0108,0.1006,0.0062,-3.1049,0.3469
34.637813091278076,-0.0497,0.0109,0.1007,-0.0162,-3.1054,0.3414
34.6379120349884,-0.0496,0.011,0.0993,-0.0039,-3.1059,0.3343
34.63801121711731,-0.0495,0.0109,0.0994,0.043,-3.1064,0.3577
34.63810610771179,-0.0493,0.0111,0.1011,0.0549,-3.1069,0.4016
34.63820004463196,-0.0492,0.0117,0.1023,0.0223,-3.1074,0.4329
34.63829493522644,-0.0491,0.0124,0.1029,-0.0366,-3.1079,0.4306
34.638388872146606,-0.0489,0.0129,0.1018,-0.0856,-3.1084,0.3894
34.63848400115967,-0.0488,0.0128,0.1002,-0.0884,-3.1089,0.3351
34.63857889175415,-0.0487,0.0122,0.0994,-0.0884,-3.1094,0.2742
34.638673067092896,-0.0486,0.0112,0.0975,-0.0585,-3.1098,0.2184
34.76313591003418,-0.0485,0.01,0.0966,0.0285,-3.1103,0.2114
34.76327705383301,-0.0485,0.0091,0.0984,0.094,-3.1108,0.2591
34.76336884498596,-0.0484,0.0089,0.1002,0.1031,-3.1113,0.3254
34.76345705986023,-0.0483,0.0094,0.1015,0.0882,-3.1118,0.3917
34.7635440826416,-0.0482,0.0104,0.1031,0.0408,-3.1123,0.4391
34.763633251190186,-0.048,0.0116,0.1039,-0.0424,-3.1127,0.4397
34.763725996017456,-0.0479,0.0124,0.1022,-0.096,-3.1132,0.3935
34.76381993293762,-0.0477,0.0125,0.1004,-0.0993,-3.1137,0.3325
34.76390814781189,-0.0476,0.012,0.099,-0.0986,-3.1142,0.2617
34.76399517059326,-0.0475,0.0109,0.0968,-0.0465,-3.1147,0.2083
34.76408004760742,-0.0475,0.0097,0.0967,0.0484,-3.1151,0.2146
34.76416611671448,-0.0474,0.0089,0.0983,0.1032,-3.1156,0.267
34.76425123214722,-0.0473,0.0088,0.1,0.1168,-3.1161,0.34
34.89845514297485,-0.0472,0.0095,0.1018,0.0991,-3.1165,0.4149
34.89860200881958,-0.0471,0.0107,0.1033,0.0382,-3.117,0.4619
34.89870309829712,-0.0469,0.012,0.1034,-0.0461,-3.1175,0.4564
34.89879393577576,-0.0468,0.0128,0.1016,-0.083,-3.118,0.4146
34.89890813827515,-0.0466,0.013,0.1006,-0.0995,-3.1184,0.3547
34.899036169052124,-0.0465,0.0126,0.0982,-0.0833,-3.1189,0.2883
34.89913010597229,-0.0464,0.0116,0.0972,0.0104,-3.1194,0.2744
34.89923405647278,-0.0463,0.0108,0.0991,0.078,-3.1198,0.317
34.8993239402771,-0.0462,0.0107,0.1006,0.0827,-3.1203,0.3735
34.89941191673279,-0.0461,0.0111,0.1019,0.0592,-3.1207,0.4242
34.899500131607056,-0.046,0.0119,0.1029,0.0077,-3.1212,0.4493
34.89959001541138,-0.0458,0.0127,0.1021,-0.0313,-3.1217,0.444
34.8996798992157,-0.0457,0.0132,0.1015,-0.047,-3.1221,0.4246
34.89976906776428,-0.0456,0.0134,0.1005,-0.0713,-3.1226,0.3825
35.02484703063965,-0.0454,0.0131,0.0979,-0.0349,-3.123,0.3453
35.02499294281006,-0.0453,0.0125,0.0983,0.0473,-3.1235,0.3637
35.02511215209961,-0.0452,0.0123,0.1004,0.0629,-3.1239,0.4065
35.02520298957825,-0.0451,0.0126,0.1016,0.0281,-3.1244,0.4356
35.02529716491699,-0.0449,0.0131,0.1016,-0.0184,-3.1248,0.4351
35.02538585662842,-0.0448,0.0134,0.1005,-0.0323,-3.1253,0.418
35.025474071502686,-0.0447,0.0134,0.1004,-0.0387,-3.1257,0.3957
35.02557301521301,-0.0445,0.0133,0.099,-0.0473,-3.1262,0.3584
35.02567005157471,-0.0444,0.0128,0.0972,0.0183,-3.1266,0.3496
35.02577519416809,-0.0443,0.0124,0.0988,0.0868,-3.1271,0.3963
35.025874853134155,-0.0442,0.0125,0.1011,0.0796,-3.1275,0.4549
35.02599024772644,-0.044,0.0132,0.1022,0.0298,-3.1279,0.49
35.149975061416626,-0.0439,0.014,0.1019,-0.0293,-3.1284,0.4851
35.15011715888977,-0.0437,0.0145,0.1008,-0.0426,-3.1288,0.4637
35.15022683143616,-0.0435,0.0147,0.1005,-0.057,-3.1293,0.431
35.15032196044922,-0.0434,0.0145,0.0982,-0.0397,-3.1297,0.393
35.15041399002075,-0.0433,0.014,0.0978,0.0443,-3.1301,0.406
35.150521993637085,-0.0431,0.0137,0.1001,0.0832,-3.1305,0.4604
35.1506130695343,-0.043,0.0141,0.1019,0.0473,-3.131,0.5047
35.15070581436157,-0.0428,0.0148,0.1018,-0.0131,-3.1314,0.5099
35.150798082351685,-0.0427,0.0153,0.1006,-0.0206,-3.1318,0.502
35.15088987350464,-0.0425,0.0156,0.1006,-0.034,-3.1323,0.4855
35.15098214149475,-0.0423,0.0157,0.0984,-0.0142,-3.1327,0.4665
35.151071071624756,-0.0422,0.0155,0.0988,0.0589,-3.1331,0.4974
35.15116596221924,-0.042,0.0157,0.1014,0.0599,-3.1335,0.5477
35.274747133255005,-0.0419,0.0163,0.1025,-0.012,-3.1339,0.5596
35.27488994598389,-0.0417,0.0169,0.1006,-0.0448,-3.1344,0.5369
35.27498388290405,-0.0415,0.0171,0.0999,-0.0411,-3.1348,0.512
35.275076150894165,-0.0413,0.0169,0.0982,-0.0196,-3.1352,0.4885
35.275171995162964,-0.0412,0.0166,0.0983,0.0575,-3.1356,0.5156
35.27526092529297,-0.041,0.0167,0.1013,0.0665,-3.136,0.5699
35.275365114212036,-0.0408,0.0172,0.1032,-0.0129,-3.1364,0.587
35.27545189857483,-0.0406,0.0178,0.1015,-0.0641,-3.1368,0.5594
35.27553725242615,-0.0404,0.0179,0.1006,-0.082,-3.1372,0.5136
35.27562403678894,-0.0403,0.0175,0.098,-0.0532,-3.1376,0.4674
35.275707960128784,-0.0401,0.0168,0.0984,0.0176,-3.138,0.4696
35.27582001686096,-0.04,0.0164,0.1012,0.0141,-3.1384,0.4893
35.400168895721436,-0.0398,0.0162,0.1016,-0.051,-3.1388,0.4694
35.400315046310425,-0.0397,0.0159,0.0995,-0.0619,-3.1392,0.4276
35.400424003601074,-0.0395,0.0153,0.0993,-0.0531,-3.1396,0.3894
35.40052103996277,-0.0394,0.0145,0.0981,-0.0406,-3.14,0.3502
35.40061593055725,-0.0393,0.0136,0.0973,0.0306,-3.1404,0.3507
35.40072178840637,-0.0392,0.0129,0.0993,0.0837,-3.1408,0.3997
35.400814056396484,-0.039,0.0129,0.1013,0.0618,-3.1412,0.4488
35.40090799331665,-0.0389,0.0134,0.1026,-0.0032,-3.1416,0.4649
35.40100598335266,-0.0387,0.0139,0.1015,-0.0621,-3.142,0.4358
35.40109896659851,-0.0386,0.014,0.1002,-0.0684,-3.1424,0.3934
35.40119194984436,-0.0385,0.0136,0.0995,-0.0774,-3.1427,0.3399
35.40128517150879,-0.0384,0.0129,0.0973,-0.0388,-3.1431,0.2945
35.40137600898743,-0.0383,0.0119,0.0974,0.0469,-3.1435,0.3048
35.5256781578064,-0.0382,0.0113,0.0996,0.0838,-3.1439,0.3548
35.525846004486084,-0.0381,0.0114,0.1009,0.0688,-3.1443,0.4044
35.52596187591553,-0.0379,0.0119,0.102,0.0217,-3.1446,0.4313
35.52606701850891,-0.0378,0.0125,0.102,-0.0338,-3.145,0.4226
35.52615714073181,-0.0376,0.0129,0.1008,-0.0527,-3.1454,0.3937
35.52625107765198,-0.0375,0.0129,0.1005,-0.0672,-3.1458,0.3535
35.526339054107666,-0.0374,0.0125,0.099,-0.0716,-3.1462,0.2993
35.526427030563354,-0.0373,0.0116,0.0974,-0.0122,-3.1465,0.2711
35.52651309967041,-0.0372,0.0108,0.0988,0.0516,-3.1469,0.2935
35.526597023010254,-0.0371,0.0104,0.1003,0.0535,-3.1473,0.3276
35.52668213844299,-0.037,0.0105,0.1009,0.0321,-3.1476,0.3522
35.52678918838501,-0.0369,0.0108,0.1019,-0.0112,-3.148,0.3567
35.65174698829651,-0.0368,0.011,0.1015,-0.0574,-3.1484,0.3282
35.65188980102539,-0.0367,0.0109,0.1002,-0.0641,-3.1487,0.286
35.6520140171051,-0.0366,0.0104,0.0997,-0.0654,-3.1491,0.2392
35.65211796760559,-0.0365,0.0096,0.0988,-0.0624,-3.1495,0.1875
35.65222191810608,-0.0364,0.0086,0.0975,-0.0225,-3.1498,0.1515
35.65231800079346,-0.0364,0.0075,0.0978,0.039,-3.1502,0.1565
35.65241289138794,-0.0363,0.0068,0.099,0.0759,-3.1506,0.1929
35.652512073516846,-0.0363,0.0066,0.1001,0.0899,-3.1509,0.2462
35.652604818344116,-0.0362,0.007,0.1014,0.0856,-3.1513,0.3062
35.652698040008545,-0.0361,0.0079,0.1026,0.0451,-3.1517,0.3494
35.65279412269592,-0.036,0.0089,0.1031,-0.0203,-3.152,0.3543
35.652904987335205,-0.0359,0.0097,0.1031,-0.0894,-3.1524,0.3151
35.65302300453186,-0.0358,0.0099,0.1012,-0.1275,-3.1527,0.2381
35.78844904899597,-0.0357,0.0092,0.0991,-0.1104,-3.1531,0.1565
35.78860306739807,-0.0356,0.008,0.0981,-0.0794,-3.1534,0.0867
35.78872489929199,-0.0356,0.0064,0.0973,-0.0368,-3.1538,0.0375
35.788820028305054,-0.0356,0.0049,0.0969,0.0018,-3.1542,0.0094
35.78893208503723,-0.0356,0.0035,0.0966,0.0744,-3.1545,0.0251
35.78902816772461,-0.0356,0.0027,0.0985,0.1279,-3.1549,0.0888
35.78911900520325,-0.0356,0.0028,0.1004,0.1272,-3.1552,0.1653
35.78921294212341,-0.0355,0.0035,0.1014,0.1236,-3.1556,0.2476
35.78930401802063,-0.0354,0.0049,0.1036,0.0712,-3.1559,0.3126
35.78939604759216,-0.0353,0.0065,0.1038,-0.0226,-3.1563,0.3189
35.789488077163696,-0.0352,0.0076,0.102,-0.0584,-3.1566,0.2903
35.789581060409546,-0.0351,0.0082,0.102,-0.0603,-3.157,0.2608
35.789671897888184,-0.035,0.0083,0.1019,-0.0922,-3.1573,0.2098
35.78977417945862,-0.035,0.0078,0.1006,-0.1177,-3.1577,0.1325
35.91554617881775,-0.0349,0.0068,0.099,-0.1161,-3.158,0.0444
35.91571092605591,-0.0349,0.0052,0.0978,-0.0757,-3.1584,-0.0278
35.91582798957825,-0.0349,0.0034,0.0965,-0.0393,-3.1587,-0.0867
35.91592812538147,-0.035,0.0015,0.0962,0.0317,-3.1591,-0.103
35.916029930114746,-0.035,0.0,0.0974,0.0763,-3.1594,-0.0833
35.91612482070923,-0.035,-0.0008,0.0983,0.096,-3.1598,-0.0451
35.916216135025024,-0.035,-0.001,0.0988,0.1392,-3.1601,0.0245
35.91630697250366,-0.035,-0.0005,0.1013,0.1696,-3.1605,0.1319
35.91640496253967,-0.035,0.001,0.1038,0.1541,-3.1608,0.248
35.91649603843689,-0.0349,0.0031,0.1054,0.1121,-3.1612,0.3501
35.91658401489258,-0.0348,0.0056,0.1076,0.0177,-3.1615,0.4081
35.91667413711548,-0.0347,0.0079,0.1069,-0.1218,-3.1619,0.3724
36.04230189323425,-0.0345,0.0092,0.1043,-0.2242,-3.1622,0.2533
36.042463064193726,-0.0345,0.0089,0.101,-0.2647,-3.1626,0.084
36.04257297515869,-0.0344,0.007,0.0963,-0.2116,-3.1629,-0.086
36.04267120361328,-0.0345,0.0041,0.0935,-0.0746,-3.1633,-0.1895
36.04276394844055,-0.0345,0.001,0.0949,0.0442,-3.1636,-0.2085
36.042871952056885,-0.0346,-0.0013,0.0962,0.0853,-3.1639,-0.1931
36.0429790019989,-0.0346,-0.0028,0.0958,0.1612,-3.1643,-0.1325
36.04308104515076,-0.0347,-0.0033,0.0987,0.2481,-3.1646,0.0046
36.04317808151245,-0.0347,-0.0022,0.1027,0.2466,-3.165,0.17
36.04329705238342,-0.0346,0.0001,0.1044,0.2244,-3.1653,0.3347
36.04339289665222,-0.0345,0.0033,0.1076,0.2012,-3.1657,0.5093
36.04348802566528,-0.0344,0.0073,0.1119,0.0427,-3.166,0.6147
36.043599128723145,-0.0342,0.0111,0.1108,-0.1855,-3.1664,0.5673
36.05640125274658,-0.034,0.0133,0.1046,-0.2691,-3.1667,0.423
36.18441915512085,-0.0338,0.0134,0.1022,-0.263,-3.167,0.2654
36.18458008766174,-0.0338,0.012,0.1003,-0.2872,-3.1674,0.0775
36.18469500541687,-0.0337,0.0092,0.0948,-0.2373,-3.1677,-0.1191
36.18479681015015,-0.0338,0.0052,0.092,-0.109,-3.1681,-0.2558
36.184900999069214,-0.0338,0.0012,0.0916,-0.0142,-3.1684,-0.3369
36.18500304222107,-0.034,-0.0025,0.0909,0.1226,-3.1687,-0.3367
36.18510103225708,-0.0341,-0.005,0.0933,0.2992,-3.1691,-0.2073
36.185211181640625,-0.0341,-0.0055,0.0986,0.3904,-3.1694,0.0189
36.18530607223511,-0.0341,-0.0037,0.1044,0.3744,-3.1698,0.2773
36.18540000915527,-0.034,0.0001,0.109,0.2665,-3.1701,0.5015
36.18549299240112,-0.0339,0.005,0.112,0.142,-3.1704,0.6697
36.1855890750885,-0.0337,0.01,0.114,-0.0725,-3.1708,0.7173
36.18568301200867,-0.0334,0.014,0.1111,-0.2965,-3.1711,0.6016
36.311416149139404,-0.0332,0.0157,0.1052,-0.4142,-3.1714,0.3687
36.311562061309814,-0.0331,0.0146,0.097,-0.3566,-3.1718,0.1135
36.31165909767151,-0.0331,0.0113,0.0941,-0.1774,-3.1721,-0.0489
36.311750173568726,-0.0331,0.0074,0.0948,-0.0872,-3.1724,-0.1503
36.311837911605835,-0.0331,0.0037,0.0931,0.0007,-3.1728,-0.2095
36.311931133270264,-0.0332,0.0006,0.0938,0.1166,-3.1731,-0.1913
36.31202721595764,-0.0333,-0.0015,0.0966,0.2108,-3.1734,-0.0936
36.312114000320435,-0.0333,-0.0019,0.0998,0.2514,-3.1738,0.0535
36.31220197677612,-0.0333,-0.0008,0.1037,0.2309,-3.1741,0.2154
36.31228804588318,-0.0332,0.0015,0.1056,0.1567,-3.1744,0.3442
36.31237292289734,-0.0331,0.0044,0.1066,0.146,-3.1748,0.4755
36.31245803833008,-0.0329,0.0077,0.1101,0.0478,-3.1751,0.5703
36.31254506111145,-0.0328,0.011,0.111,-0.1624,-3.1754,0.538
36.441675901412964,-0.0326,0.0129,0.1069,-0.3261,-3.1757,0.3717
36.44183802604675,-0.0325,0.0127,0.1016,-0.3492,-3.1761,0.1523
36.44195604324341,-0.0324,0.0104,0.0969,-0.2906,-3.1764,-0.0639
36.4420599937439,-0.0324,0.0066,0.0922,-0.1584,-3.1767,-0.231
36.44215703010559,-0.0325,0.0024,0.0924,0.0279,-3.177,-0.279
36.44225001335144,-0.0326,-0.001,0.0953,0.1017,-3.1774,-0.2614
36.44234013557434,-0.0327,-0.0033,0.095,0.1859,-3.1777,-0.1926
36.44244408607483,-0.0327,-0.0042,0.0977,0.2988,-3.178,-0.0323
36.442533016204834,-0.0328,-0.0032,0.1032,0.3084,-3.1783,0.174
36.44264006614685,-0.0327,-0.0006,0.1068,0.2534,-3.1787,0.3722
36.44275403022766,-0.0326,0.0032,0.1095,0.1804,-3.179,0.5448
36.44285798072815,-0.0324,0.0076,0.1127,0.0098,-3.1793,0.6334
36.44297122955322,-0.0322,0.0115,0.1116,-0.2333,-3.1796,0.5595
36.45644211769104,-0.032,0.0135,0.104,-0.3361,-3.18,0.3658
36.583828926086426,-0.0319,0.013,0.1005,-0.2989,-3.1803,0.171
36.58398509025574,-0.0318,0.0108,0.0987,-0.2743,-3.1806,-0.0225
36.58409905433655,-0.0318,0.0073,0.0945,-0.2254,-3.1809,-0.2169
36.58420395851135,-0.0319,0.003,0.0906,-0.0639,-3.1812,-0.3373
36.58430504798889,-0.032,-0.0012,0.091,0.0818,-3.1816,-0.3639
36.58441209793091,-0.0321,-0.0044,0.0919,0.2301,-3.1819,-0.2905
36.58451294898987,-0.0322,-0.0059,0.0967,0.3457,-3.1822,-0.1091
36.58460998535156,-0.0323,-0.0052,0.1026,0.33,-3.1825,0.1049
36.58470916748047,-0.0322,-0.0026,0.1064,0.2519,-3.1828,0.2968
36.58480405807495,-0.0321,0.0011,0.1081,0.1673,-3.1832,0.4489
36.58490014076233,-0.032,0.0051,0.1106,0.0675,-3.1835,0.5572
36.58499813079834,-0.0318,0.009,0.1114,-0.095,-3.1838,0.5689
36.585094928741455,-0.0316,0.0119,0.11,-0.2746,-3.1841,0.4564
36.72085905075073,-0.0315,0.0128,0.1048,-0.3766,-3.1844,0.241
36.721019983291626,-0.0314,0.0113,0.0993,-0.3606,-3.1848,-0.0044
36.72113513946533,-0.0314,0.0079,0.0942,-0.2571,-3.1851,-0.2218
36.721243143081665,-0.0315,0.0033,0.0918,-0.1232,-3.1854,-0.3729
36.72134304046631,-0.0316,-0.0013,0.0901,0.0054,-3.1857,-0.4557
36.72144889831543,-0.0317,-0.0054,0.0893,0.1981,-3.186,-0.4225
36.72154998779297,-0.0319,-0.0079,0.093,0.3972,-3.1863,-0.2361
36.72164988517761,-0.032,-0.0078,0.1003,0.4567,-3.1867,0.0411
36.72174906730652,-0.032,-0.0051,0.1064,0.3966,-3.187,0.3243
36.72184896469116,-0.0318,-0.0004,0.1097,0.3385,-3.1873,0.5973
36.721954107284546,-0.0317,0.0056,0.116,0.2033,-3.1876,0.8318
36.72205114364624,-0.0314,0.012,0.119,-0.1268,-3.1879,0.8783
36.722150802612305,-0.0311,0.017,0.1142,-0.4316,-3.1882,0.697
36.722246170043945,-0.0309,0.0187,0.1031,-0.4939,-3.1885,0.3972
36.84739398956299,-0.0307,0.0169,0.0982,-0.3953,-3.1888,0.1249
36.84754991531372,-0.0307,0.0131,0.0959,-0.3368,-3.1892,-0.1285
36.847654819488525,-0.0307,0.0079,0.0892,-0.1877,-3.1895,-0.3373
36.8477509021759,-0.0309,0.0022,0.088,0.0888,-3.1898,-0.3795
36.8478479385376,-0.031,-0.0021,0.0912,0.2438,-3.1901,-0.3015
36.84794282913208,-0.0311,-0.0044,0.0944,0.3797,-3.1904,-0.1147
36.84802985191345,-0.0311,-0.0042,0.1015,0.4371,-3.1907,0.1601
36.84811806678772,-0.0311,-0.0014,0.107,0.3714,-3.191,0.4338
36.84820294380188,-0.0309,0.0033,0.1108,0.2861,-3.1913,0.6824
36.848289012908936,-0.0307,0.0089,0.1149,0.1156,-3.1916,0.8542
36.84837603569031,-0.0304,0.0146,0.1174,-0.1618,-3.1919,0.8684
36.84846305847168,-0.0301,0.0187,0.1134,-0.4186,-3.1922,0.6902
36.97422909736633,-0.0299,0.0198,0.1038,-0.5116,-3.1925,0.3841
36.974382162094116,-0.0298,0.0176,0.0947,-0.3711,-3.1928,0.1025
36.97448706626892,-0.0298,0.0133,0.0938,-0.2169,-3.1931,-0.0886
36.97459888458252,-0.0298,0.0085,0.092,-0.0916,-3.1934,-0.2153
36.97468900680542,-0.0299,0.0038,0.0902,0.1077,-3.1937,-0.2285
36.97477698326111,-0.0299,0.0004,0.0934,0.2551,-3.194,-0.1265
36.97486996650696,-0.03,-0.0009,0.0971,0.3376,-3.1943,0.0549
36.97497010231018,-0.0299,-0.0001,0.1019,0.3713,-3.1946,0.2928
36.97506403923035,-0.0299,0.0028,0.1055,0.384,-3.1949,0.5667
36.97515606880188,-0.0297,0.0075,0.1113,0.3048,-3.1952,0.8335
36.97524809837341,-0.0294,0.0134,0.1161,0.0495,-3.1955,0.9739
36.97534108161926,-0.0291,0.0188,0.1155,-0.2594,-3.1958,0.9142
36.97543501853943,-0.0288,0.0221,0.1086,-0.4453,-3.1961,0.6873
37.10178208351135,-0.0286,0.0222,0.0992,-0.3904,-3.1964,0.4287
37.10194706916809,-0.0284,0.0197,0.0979,-0.3074,-3.1967,0.2124
37.10206890106201,-0.0284,0.0159,0.0948,-0.2382,-3.1969,0.0164
37.10216999053955,-0.0283,0.0113,0.091,-0.0704,-3.1972,-0.1016
37.10227394104004,-0.0284,0.0069,0.0907,0.1286,-3.1975,-0.0962
37.10237002372742,-0.0284,0.0039,0.0943,0.2492,-3.1978,0.011
37.10246706008911,-0.0284,0.0028,0.0973,0.3156,-3.1981,0.1819
37.10256505012512,-0.0283,0.0038,0.1014,0.3683,-3.1984,0.4166
37.102662086486816,-0.0282,0.0067,0.1075,0.3403,-3.1986,0.6786
37.10275721549988,-0.028,0.0113,0.1136,0.1564,-3.1989,0.8685
37.102855920791626,-0.0277,0.0164,0.1118,-0.0853,-3.1992,0.893
37.102952003479004,-0.0274,0.0202,0.1089,-0.1824,-3.1995,0.8368
37.103046894073486,-0.0271,0.0223,0.1088,-0.3018,-3.1998,0.7042
37.226929903030396,-0.0269,0.0225,0.1037,-0.404,-3.2,0.4692
37.227072954177856,-0.0268,0.0203,0.0938,-0.3006,-3.2003,0.2287
37.22717595100403,-0.0267,0.0164,0.0922,-0.071,-3.2006,0.1227
37.227272033691406,-0.0267,0.0127,0.0944,0.0494,-3.2008,0.1079
37.22736620903015,-0.0266,0.0099,0.0953,0.1115,-3.2011,0.1374
37.22745895385742,-0.0266,0.0083,0.0955,0.215,-3.2014,0.2345
37.22755193710327,-0.0265,0.0081,0.1001,0.2807,-3.2016,0.4068
37.22764801979065,-0.0264,0.0096,0.1051,0.2233,-3.2019,0.5787
37.2277410030365,-0.0262,0.0124,0.1076,0.0968,-3.2021,0.6882
37.22783589363098,-0.026,0.0154,0.1081,-0.0306,-3.2024,0.7213
37.22793388366699,-0.0257,0.0178,0.1044,-0.0978,-3.2027,0.686
37.22802710533142,-0.0255,0.0191,0.1035,-0.0768,-3.2029,0.6591
37.358819007873535,-0.0253,0.0198,0.1057,-0.1525,-3.2032,0.599
37.358973026275635,-0.0251,0.0197,0.1021,-0.2221,-3.2034,0.4681
37.359086990356445,-0.0249,0.0184,0.0973,-0.1784,-3.2037,0.3305
37.35920214653015,-0.0248,0.0161,0.0937,-0.0327,-3.2039,0.2603
37.359310150146484,-0.0247,0.0138,0.0959,0.1075,-3.2042,0.2945
37.35944390296936,-0.0246,0.0125,0.0988,0.1643,-3.2044,0.3852
37.359561920166016,-0.0245,0.0125,0.1007,0.1764,-3.2047,0.4973
37.35966205596924,-0.0244,0.0136,0.1036,0.1294,-3.2049,0.6007
37.359780073165894,-0.0242,0.0154,0.1047,0.0367,-3.2051,0.653
37.359878063201904,-0.024,0.0171,0.1048,-0.0362,-3.2054,0.6603
37.35998010635376,-0.0237,0.0184,0.1023,-0.0829,-3.2056,0.6207
37.36008286476135,-0.0235,0.019,0.1008,-0.0381,-3.2059,0.5993
37.36017894744873,-0.0233,0.0191,0.1033,-0.0611,-3.2061,0.5817
37.36028480529785,-0.0232,0.0191,0.1026,-0.1327,-3.2063,0.5121
37.49006414413452,-0.023,0.0183,0.0994,-0.1238,-3.2065,0.4251
37.49023413658142,-0.0228,0.017,0.0968,-0.0629,-3.2068,0.3584
37.490342140197754,-0.0227,0.0154,0.0963,0.0508,-3.207,0.3601
37.490442991256714,-0.0226,0.0143,0.099,0.1269,-3.2072,0.4301
37.49054789543152,-0.0225,0.0142,0.1015,0.1223,-3.2075,0.5149
37.490647077560425,-0.0223,0.015,0.1033,0.0584,-3.2077,0.572
37.490747928619385,-0.0221,0.016,0.1031,-0.0051,-3.2079,0.5869
37.490845918655396,-0.0219,0.017,0.103,-0.0476,-3.2081,0.5744
37.49094295501709,-0.0217,0.0175,0.1005,-0.0613,-3.2083,0.5358
37.49103784561157,-0.0216,0.0175,0.0994,0.0,-3.2086,0.5287
37.491132974624634,-0.0214,0.0174,0.1021,0.0019,-3.2088,0.5421
37.4912428855896,-0.0212,0.0174,0.1029,-0.0704,-3.209,0.5145
37.49134683609009,-0.0211,0.0172,0.1002,-0.0797,-3.2092,0.4615
37.61958909034729,-0.0209,0.0166,0.0993,-0.0586,-3.2094,0.4156
37.61974596977234,-0.0208,0.0156,0.0977,-0.007,-3.2096,0.3907
37.61986303329468,-0.0206,0.0148,0.0987,0.0858,-3.2098,0.433
37.619964838027954,-0.0205,0.0146,0.1018,0.1096,-3.21,0.5126
37.620068073272705,-0.0203,0.0152,0.1043,0.0442,-3.2102,0.5678
37.62016797065735,-0.0202,0.0162,0.1041,-0.0414,-3.2104,0.5673
37.62026596069336,-0.02,0.0168,0.1028,-0.0782,-3.1464,0.5489
37.620365142822266,-0.0198,0.0171,0.1012,-0.0993,-3.0837,0.5192
37.62046217918396,-0.0196,0.0171,0.0988,-0.0478,-3.0222,0.5196
37.62055802345276,-0.0195,0.017,0.1007,-0.0108,-2.9619,0.5707
37.62065601348877,-0.0193,0.0175,0.1027,-0.0746,-2.9029,0.6088
37.62075209617615,-0.0191,0.0182,0.1004,-0.151,-2.845,0.5948
37.620853900909424,-0.0189,0.0185,0.098,-0.1722,-2.7883,0.5625
37.75659108161926,-0.0187,0.0184,0.0945,-0.1606,-2.7327,0.5254
37.756767988204956,-0.0185,0.018,0.0931,-0.0774,-2.6782,0.5443
37.756906032562256,-0.0183,0.0179,0.0951,-0.0647,-2.6249,0.5974
37.75700902938843,-0.0181,0.0184,0.0952,-0.1447,-2.5725,0.6118
37.757112979888916,-0.0179,0.0188,0.0921,-0.189,-2.5213,0.5869
37.757211208343506,-0.0178,0.0189,0.0891,-0.199,-2.471,0.5458
37.7573139667511,-0.0176,0.0186,0.085,-0.132,-2.4218,0.5297
37.75741410255432,-0.0174,0.0182,0.0858,-0.0682,-2.3735,0.5708
37.75752019882202,-0.0172,0.0183,0.0874,-0.1128,-2.3262,0.6057
37.75761890411377,-0.017,0.0187,0.0848,-0.1668,-2.2798,0.5977
37.75772309303284,-0.0168,0.0189,0.0823,-0.1733,-2.2344,0.5781
37.75781798362732,-0.0166,0.0189,0.0789,-0.1488,-2.1899,0.56
37.757906913757324,-0.0165,0.0187,0.0777,-0.0653,-2.1463,0.597
37.88524103164673,-0.0163,0.0189,0.0798,-0.0643,-2.1035,0.6596
37.88541889190674,-0.0161,0.0197,0.0796,-0.1508,-2.0616,0.6746
37.88552808761597,-0.0158,0.0203,0.0764,-0.201,-2.0205,0.6441
37.8856360912323,-0.0156,0.0205,0.072,-0.1866,-1.9802,0.6003
37.88573908805847,-0.0154,0.0202,0.0697,-0.0876,-1.9408,0.6131
37.88584017753601,-0.0152,0.0201,0.072,-0.0771,-1.9021,0.6579
37.88593888282776,-0.015,0.0205,0.0715,-0.1537,-1.8642,0.6584
37.886038064956665,-0.0148,0.0208,0.0681,-0.1703,-1.8271,0.6322
37.886136054992676,-0.0146,0.0207,0.0646,-0.1293,-1.7907,0.6156
37.88623523712158,-0.0144,0.0205,0.0637,-0.0403,-1.755,0.6582
37.88633894920349,-0.0142,0.0208,0.0665,-0.0505,-1.7201,0.7223
37.886438846588135,-0.0139,0.0216,0.066,-0.1455,-1.6858,0.7297
37.88653588294983,-0.0137,0.0222,0.0629,-0.1945,-1.6522,0.6918
38.012572050094604,-0.0135,0.0223,0.0578,-0.1467,-1.6193,0.6558
38.012736082077026,-0.0133,0.022,0.0581,-0.0689,-1.587,0.6793
38.01284098625183,-0.0131,0.022,0.0603,-0.1188,-1.5554,0.6936
38.01293206214905,-0.0128,0.0222,0.0576,-0.168,-1.5244,0.664
38.01302909851074,-0.0126,0.022,0.0538,-0.1585,-1.4941,0.6195
38.01312303543091,-0.0124,0.0214,0.0513,-0.0595,-1.4643,0.6276
38.01321291923523,-0.0122,0.0211,0.0543,-0.0202,-1.4352,0.6891
38.0132999420166,-0.012,0.0215,0.0553,-0.1034,-1.4066,0.7108
38.013386964797974,-0.0118,0.022,0.0525,-0.1528,-1.3786,0.6873
38.01347303390503,-0.0115,0.0221,0.0483,-0.135,-1.3511,0.6516
38.01356101036072,-0.0113,0.0218,0.0478,-0.0503,-1.3242,0.6732
38.01364707946777,-0.0111,0.0218,0.0512,-0.08,-1.2978,0.7061
38.013734102249146,-0.0109,0.0222,0.0497,-0.1625,-1.272,0.681
38.13959503173828,-0.0106,0.0222,0.0466,-0.1917,-1.2466,0.6206
38.139740228652954,-0.0104,0.0216,0.0425,-0.1293,-1.2218,0.5764
38.139857053756714,-0.0103,0.0207,0.044,-0.0535,-1.1975,0.5971
38.139960050582886,-0.0101,0.0203,0.0466,-0.1115,-1.1736,0.6037
38.14007091522217,-0.0099,0.0201,0.0437,-0.1714,-1.1502,0.5558
38.14017200469971,-0.0097,0.0195,0.041,-0.1735,-1.1273,0.4928
38.140273094177246,-0.0095,0.0185,0.0377,-0.1133,-1.1049,0.4493
38.14037084579468,-0.0094,0.0173,0.0384,-0.0319,-1.0829,0.4672
38.14046502113342,-0.0092,0.0167,0.0405,-0.0433,-1.0613,0.4973
38.14056396484375,-0.0091,0.0165,0.0404,-0.1086,-1.0402,0.489
38.14066004753113,-0.0089,0.0163,0.038,-0.1343,-1.0194,0.4518
38.14075708389282,-0.0088,0.0158,0.037,-0.1423,-0.9991,0.4065
38.140851974487305,-0.0086,0.015,0.0346,-0.1381,-0.9792,0.3508
38.27021789550781,-0.0085,0.014,0.0327,-0.0582,-0.9597,0.3371
38.27038788795471,-0.0084,0.0131,0.0342,-0.0094,-0.9406,0.3697
38.27049708366394,-0.0083,0.0127,0.0353,-0.0372,-0.9219,0.3958
38.27059507369995,-0.0082,0.0128,0.0352,-0.0903,-0.9035,0.3912
38.2706880569458,-0.008,0.0128,0.0336,-0.1306,-0.8855,0.3532
38.27079916000366,-0.0079,0.0124,0.0316,-0.1328,-0.8679,0.3033
38.270890951156616,-0.0078,0.0116,0.0304,-0.1328,-0.8506,0.2481
38.27098202705383,-0.0077,0.0106,0.0285,-0.1168,-0.8337,0.193
38.27107310295105,-0.0077,0.0093,0.0266,-0.0513,-0.8171,0.1695
38.27116107940674,-0.0076,0.0081,0.0272,0.0157,-0.8008,0.1966
38.27125000953674,-0.0076,0.0076,0.0284,0.0345,-0.7849,0.2477
38.27134418487549,-0.0075,0.0077,0.0291,0.0279,-0.7693,0.3027
38.27143406867981,-0.0074,0.0084,0.0298,-0.0034,-0.7539,0.3462
38.4005491733551,-0.0073,0.0092,0.03,-0.0621,-0.7389,0.3578
38.400710105895996,-0.0071,0.01,0.0297,-0.1324,-0.7242,0.3253
38.40082406997681,-0.007,0.0101,0.0272,-0.1785,-0.7098,0.2486
38.400923013687134,-0.007,0.0095,0.0245,-0.1699,-0.6957,0.1608
38.40103507041931,-0.0069,0.0082,0.0231,-0.1428,-0.6818,0.0827
38.401129961013794,-0.0069,0.0066,0.0221,-0.101,-0.6683,0.0266
38.40123009681702,-0.0069,0.0049,0.0208,-0.0454,-0.655,-0.0013
38.401320934295654,-0.0069,0.0034,0.0208,0.0407,-0.6419,0.0283
38.40141201019287,-0.0069,0.0026,0.0229,0.0614,-0.6292,0.0889
38.401504039764404,-0.0068,0.0027,0.0234,0.0402,-0.6167,0.1421
38.40159511566162,-0.0068,0.0033,0.0234,0.0372,-0.6044,0.1964
38.40168595314026,-0.0067,0.0042,0.0241,0.0185,-0.5924,0.2476
38.40178298950195,-0.0066,0.0054,0.0246,-0.0481,-0.5806,0.2625
38.53536009788513,-0.0066,0.0063,0.0225,-0.1048,-0.569,0.2288
38.53553509712219,-0.0065,0.0067,0.0212,-0.1029,-0.5577,0.1896
38.535680055618286,-0.0064,0.0065,0.0207,-0.1119,-0.5466,0.1436
38.535792112350464,-0.0064,0.006,0.0191,-0.1163,-0.5358,0.0853
38.53589606285095,-0.0063,0.005,0.0173,-0.1034,-0.5251,0.0246
38.53600096702576,-0.0063,0.0037,0.0167,-0.0696,-0.5147,-0.0173
38.53610301017761,-0.0063,0.0024,0.0161,-0.0801,-0.5044,-0.0684
38.53620719909668,-0.0064,0.001,0.0143,-0.0476,-0.4944,-0.1107
38.53630995750427,-0.0064,-0.0003,0.0146,0.0024,-0.4846,-0.1168
38.536417961120605,-0.0064,-0.0014,0.0152,0.0156,-0.475,-0.1088
38.53653407096863,-0.0065,-0.002,0.0142,0.0515,-0.4655,-0.0833
38.53664517402649,-0.0065,-0.0022,0.0157,0.1155,-0.4563,-0.0036
38.53674912452698,-0.0065,-0.0016,0.0184,0.0943,-0.4472,0.0839
38.67940092086792,-0.0065,-0.0003,0.0184,0.0342,-0.4383,0.1354
38.6795551776886,-0.0064,0.0011,0.0178,0.0532,-0.4296,0.1983
38.679661989212036,-0.0064,0.0027,0.0201,0.0629,-0.4211,0.2865
38.679758071899414,-0.0063,0.0047,0.0212,-0.0268,-0.4127,0.3284
38.67985200881958,-0.0062,0.0065,0.0204,-0.129,-0.4045,0.3013
38.67996001243591,-0.0061,0.0075,0.0187,-0.2195,-0.3965,0.2063
38.68005299568176,-0.006,0.0072,0.0146,-0.2658,-0.3886,0.0532
38.680147886276245,-0.006,0.0056,0.0096,-0.2211,-0.3809,-0.1062
38.680241107940674,-0.006,0.0029,0.0081,-0.1352,-0.3734,-0.2205
38.680335998535156,-0.0061,-0.0001,0.0073,-0.1302,-0.366,-0.3376
38.68043303489685,-0.0062,-0.0034,0.0028,-0.0162,-0.3587,-0.4137
38.6805260181427,-0.0063,-0.0064,0.0034,0.1921,-0.3516,-0.3513
38.680619955062866,-0.0065,-0.0079,0.008,0.3017,-0.3446,-0.1851
38.680710792541504,-0.0065,-0.0073,0.0119,0.3353,-0.3378,0.0327
38.6808021068573,-0.0065,-0.0048,0.0164,0.2954,-0.3311,0.26
38.809556007385254,-0.0064,-0.0008,0.02,0.211,-0.3245,0.4627
38.80971908569336,-0.0063,0.0039,0.0222,0.0757,-0.3181,0.5988
38.809823989868164,-0.0061,0.0086,0.0234,-0.1413,-0.3118,0.6077
38.80991888046265,-0.0059,0.0119,0.0202,-0.3506,-0.3056,0.4617
38.810007095336914,-0.0057,0.0129,0.0139,-0.4317,-0.2996,0.22
38.81009602546692,-0.0057,0.0111,0.0062,-0.3923,-0.2936,-0.0508
38.810189962387085,-0.0057,0.0073,0.0004,-0.2276,-0.2878,-0.258
38.810279846191406,-0.0058,0.0026,0.0003,-0.0351,-0.2821,-0.343
38.81036901473999,-0.0059,-0.0015,0.002,0.0353,-0.2765,-0.3717
38.81045913696289,-0.006,-0.0047,0.0005,0.1604,-0.2711,-0.3314
38.810546875,-0.0061,-0.0065,0.0032,0.324,-0.2657,-0.1661
38.81063389778137,-0.0061,-0.0062,0.0095,0.3805,-0.2604,0.0822
38.81071996688843,-0.0061,-0.0035,0.0155,0.3168,-0.2553,0.335
38.939976930618286,-0.006,0.0008,0.0188,0.1843,-0.2503,0.5301
38.94012808799744,-0.0058,0.0057,0.0206,0.0315,-0.2453,0.6436
38.940227031707764,-0.0056,0.0103,0.021,-0.1875,-0.2405,0.6226
38.940316915512085,-0.0054,0.0133,0.0145,-0.3596,-0.2357,0.4466
38.940410137176514,-0.0053,0.0136,0.0083,-0.3387,-0.231,0.2411
38.940510988235474,-0.0052,0.0119,0.0066,-0.2984,-0.2265,0.0495
38.94060301780701,-0.0052,0.0088,0.0035,-0.2646,-0.222,-0.143
38.940694093704224,-0.0052,0.0048,-0.0009,-0.1427,-0.2176,-0.2898
38.94078516960144,-0.0053,0.0005,-0.0013,0.0116,-0.2133,-0.342
38.940879106521606,-0.0054,-0.003,-0.0004,0.1507,-0.2091,-0.299
38.9409761428833,-0.0055,-0.005,0.0025,0.2867,-0.205,-0.1483
38.94107222557068,-0.0056,-0.0049,0.008,0.3202,-0.2009,0.0643
38.941179037094116,-0.0056,-0.0028,0.0129,0.2256,-0.1969,0.2536
39.07133197784424,-0.0055,0.0005,0.0133,0.1025,-0.1931,0.3695
39.071492195129395,-0.0054,0.0039,0.0149,0.08,-0.1893,0.485
39.07158899307251,-0.0052,0.0075,0.0183,-0.0516,-0.1855,0.5429
39.0716769695282,-0.005,0.0105,0.0171,-0.2602,-0.1819,0.4606
39.07176899909973,-0.0049,0.0119,0.0115,-0.3671,-0.1783,0.271
39.07186722755432,-0.0048,0.0109,0.0067,-0.3586,-0.1748,0.0525
39.07196307182312,-0.0048,0.0082,0.0021,-0.2794,-0.1713,-0.1487
39.07206082344055,-0.0048,0.0043,-0.0012,-0.131,-0.1679,-0.2794
39.07215619087219,-0.0049,0.0003,-0.0007,0.0061,-0.1646,-0.3196
39.07225298881531,-0.005,-0.0029,-0.0004,0.1293,-0.1614,-0.2801
39.07234811782837,-0.0051,-0.0048,0.0012,0.2742,-0.1582,-0.1359
39.072444915771484,-0.0052,-0.0047,0.0061,0.3368,-0.1551,0.0851
39.07253813743591,-0.0051,-0.0024,0.0118,0.2809,-0.152,0.3123
39.202348947525024,-0.005,0.0013,0.0143,0.1664,-0.149,0.4868
39.202518939971924,-0.0049,0.0057,0.0162,0.0439,-0.1461,0.5993
39.20263195037842,-0.0047,0.0098,0.0169,-0.152,-0.1432,0.5938
39.20274901390076,-0.0045,0.0127,0.0123,-0.3248,-0.1404,0.4465
39.202857971191406,-0.0043,0.0132,0.0054,-0.3108,-0.1376,0.2595
39.202954053878784,-0.0042,0.0118,0.003,-0.2542,-0.1349,0.0922
39.20305395126343,-0.0042,0.0091,0.0007,-0.218,-0.1323,-0.0694
39.20315504074097,-0.0042,0.0057,-0.002,-0.1572,-0.1297,-0.2132
39.20327401161194,-0.0043,0.0019,-0.0047,-0.0367,-0.1271,-0.3003
39.20337891578674,-0.0044,-0.0016,-0.0051,0.0969,-0.1246,-0.3058
39.20346999168396,-0.0045,-0.0041,-0.0036,0.2498,-0.1222,-0.2024
39.203567028045654,-0.0046,-0.0048,0.0012,0.3383,-0.1198,-0.008
39.203654050827026,-0.0046,-0.0035,0.0075,0.3012,-0.1174,0.2092
39.21641206741333,-0.0045,-0.0004,0.009,0.2171,-0.1151,0.3856
39.34885811805725,-0.0044,0.0035,0.0107,0.2408,-0.1129,0.5926
39.349015951156616,-0.0042,0.0082,0.0166,0.0864,-0.1106,0.7454
39.34912896156311,-0.0039,0.013,0.017,-0.1867,-0.1085,0.7283
39.34923219680786,-0.0037,0.0162,0.0128,-0.3938,-0.1063,0.5504
39.34933090209961,-0.0035,0.0167,0.0062,-0.4774,-0.1042,0.2722
39.34944415092468,-0.0034,0.0144,-0.0037,-0.3861,-0.1022,-0.0189
39.34954118728638,-0.0034,0.0099,-0.0072,-0.1757,-0.1002,-0.2021
39.34963607788086,-0.0035,0.0049,-0.006,-0.0262,-0.0982,-0.2826
39.34973406791687,-0.0036,0.0007,-0.0065,0.0865,-0.0963,-0.2965
39.34982919692993,-0.0037,-0.0024,-0.0053,0.2319,-0.0944,-0.2095
39.34992504119873,-0.0038,-0.0037,-0.0006,0.3145,-0.0925,-0.0358
39.350017070770264,-0.0038,-0.003,0.0037,0.3207,-0.0907,0.1734
39.35010886192322,-0.0037,-0.0004,0.0069,0.3175,-0.089,0.4057
39.3501980304718,-0.0036,0.0037,0.0114,0.2627,-0.0872,0.6382
39.480093002319336,-0.0034,0.0088,0.016,0.076,-0.0855,0.7868
39.480250120162964,-0.0031,0.0138,0.0141,-0.1239,-0.0838,0.7962
39.480376958847046,-0.0029,0.0174,0.0126,-0.266,-0.0822,0.7064
39.480480909347534,-0.0026,0.0191,0.0097,-0.43,-0.0806,0.4907
39.48058605194092,-0.0025,0.0182,0.0015,-0.4874,-0.079,0.1791
39.48068904876709,-0.0024,0.0145,-0.0081,-0.3379,-0.0774,-0.1065
39.48078989982605,-0.0025,0.0091,-0.0096,-0.1059,-0.0759,-0.2561
39.48089003562927,-0.0025,0.0039,-0.0079,0.0296,-0.0744,-0.3092
39.480989933013916,-0.0026,-0.0003,-0.0082,0.1522,-0.0729,-0.2875
39.48109006881714,-0.0027,-0.003,-0.0056,0.2946,-0.0715,-0.1564
39.48118805885315,-0.0028,-0.0036,-0.0005,0.3678,-0.0701,0.0579
39.48128414154053,-0.0028,-0.002,0.0035,0.3655,-0.0687,0.301
39.48137712478638,-0.0027,0.0015,0.0079,0.3461,-0.0674,0.5658
39.627580881118774,-0.0025,0.0066,0.0147,0.2009,-0.0661,0.7892
39.627744913101196,-0.0022,0.0123,0.0164,-0.0755,-0.0648,0.8502
39.62786102294922,-0.002,0.0169,0.0122,-0.2355,-0.0635,0.7816
39.627963066101074,-0.0017,0.0195,0.0116,-0.3778,-0.0622,0.6181
39.628063917160034,-0.0015,0.0196,0.006,-0.5024,-0.061,0.3345
39.62816905975342,-0.0014,0.017,-0.0039,-0.464,-0.0598,0.0034
39.62827491760254,-0.0014,0.0119,-0.0103,-0.2374,-0.0586,-0.23
39.62837815284729,-0.0015,0.0061,-0.0086,-0.0544,-0.0574,-0.3359
39.62847900390625,-0.0016,0.001,-0.0084,0.0532,-0.0563,-0.3747
39.628581047058105,-0.0017,-0.0029,-0.0088,0.2249,-0.0552,-0.3074
39.62868404388428,-0.0018,-0.0051,-0.0044,0.3553,-0.0541,-0.1254
39.628782987594604,-0.0018,-0.0048,0.0011,0.3934,-0.0531,0.1209
39.628881216049194,-0.0018,-0.0022,0.0061,0.3756,-0.052,0.3937
39.62897515296936,-0.0017,0.0023,0.0115,0.272,-0.051,0.641
39.76427483558655,-0.0015,0.0079,0.0156,0.0678,-0.05,0.7895
39.764458894729614,-0.0012,0.0132,0.0145,-0.1866,-0.049,0.7697
39.764564037323,-0.001,0.0168,0.009,-0.3095,-0.048,0.6336
39.76466703414917,-0.0007,0.0179,0.0073,-0.4165,-0.0471,0.4177
39.76477599143982,-0.0006,0.0166,0.0007,-0.4608,-0.0461,0.1254
39.76487708091736,-0.0006,0.0128,-0.0071,-0.3512,-0.0452,-0.1541
39.76498198509216,-0.0006,0.0075,-0.0106,-0.1853,-0.0443,-0.3547
39.765084981918335,-0.0007,0.0018,-0.0112,-0.0214,-0.0434,-0.4577
39.76518511772156,-0.0009,-0.0032,-0.0107,0.1667,-0.0426,-0.4388
39.7652850151062,-0.001,-0.0065,-0.0081,0.3678,-0.0417,-0.2729
39.7653911113739,-0.0011,-0.0072,-0.0006,0.4519,-0.0409,0.0007
39.76548910140991,-0.0011,-0.0051,0.0058,0.4035,-0.0401,0.2899
39.7655930519104,-0.001,-0.0007,0.01,0.3402,-0.0393,0.5716
39.76570391654968,-0.0008,0.0051,0.0154,0.2097,-0.0385,0.8117
39.90036916732788,-0.0006,0.0115,0.0189,-0.0975,-0.0378,0.883
39.90054512023926,-0.0003,0.0166,0.0153,-0.4046,-0.037,0.7337
39.90064883232117,-0.0,0.0188,0.0048,-0.5137,-0.0363,0.4403
39.90074586868286,0.0001,0.0175,-0.0007,-0.434,-0.0356,0.1583
39.900859117507935,0.0001,0.0138,-0.003,-0.3866,-0.0348,-0.1118
39.90096092224121,0.0001,0.0085,-0.0089,-0.2746,-0.0341,-0.3551
39.9010648727417,-0.0,0.0025,-0.0108,-0.1382,-0.0335,-0.5277
39.901167154312134,-0.0002,-0.0034,-0.0143,0.0445,-0.0328,-0.611
39.90127110481262,-0.0004,-0.0083,-0.0128,0.3321,-0.0321,-0.501
39.90137505531311,-0.0005,-0.0107,-0.0047,0.5145,-0.0315,-0.2166
39.90147399902344,-0.0006,-0.0096,0.0043,0.4387,-0.0309,0.0844
39.901573181152344,-0.0006,-0.0059,0.0082,0.3109,-0.0303,0.3333
39.90167188644409,-0.0005,-0.0009,0.0101,0.1755,-0.0297,0.5113
39.90176796913147,-0.0003,0.0044,0.0119,0.0833,-0.0291,0.6462
40.03218984603882,-0.0001,0.0094,0.0131,-0.0935,-0.0285,0.679
40.03233885765076,0.0001,0.0132,0.0113,-0.3052,-0.0279,0.5655
40.032448053359985,0.0003,0.0147,0.0059,-0.4419,-0.0274,0.3259
40.032549142837524,0.0004,0.0135,-0.0011,-0.4327,-0.0268,0.0411
40.0326509475708,0.0004,0.0098,-0.0073,-0.3311,-0.0263,-0.2245
40.032763957977295,0.0004,0.0047,-0.0112,-0.1935,-0.0257,-0.4319
40.03286814689636,0.0002,-0.0009,-0.0123,-0.031,-0.0252,-0.5463
40.032963037490845,0.0,-0.006,-0.0131,0.179,-0.0247,-0.5334
40.033063888549805,-0.0001,-0.0094,-0.0106,0.3962,-0.0242,-0.3647
40.033161878585815,-0.0003,-0.0101,-0.0036,0.5053,-0.0237,-0.0759
40.03325700759888,-0.0003,-0.0078,0.0038,0.4607,-0.0233,0.2386
40.03335094451904,-0.0002,-0.0032,0.0093,0.3711,-0.0228,0.5379
40.03344511985779,-0.0,0.003,0.0146,0.1922,-0.0224,0.7635
40.16330909729004,0.0002,0.0096,0.0178,-0.1016,-0.0219,0.8266
40.16346216201782,0.0005,0.0148,0.0145,-0.3829,-0.0215,0.6882
40.16357207298279,0.0007,0.017,0.0061,-0.5262,-0.021,0.3985
40.1636700630188,0.0008,0.0158,-0.0026,-0.4411,-0.0206,0.1009
40.163782835006714,0.0009,0.0121,-0.0045,-0.3316,-0.0202,-0.142
40.16388392448425,0.0008,0.0071,-0.0076,-0.2578,-0.0198,-0.3626
40.16398596763611,0.0007,0.0014,-0.0114,-0.0834,-0.0194,-0.5013
40.164088010787964,0.0005,-0.0039,-0.0112,0.1369,-0.019,-0.4997
40.16418814659119,0.0004,-0.0076,-0.0065,0.3079,-0.0186,-0.3562
40.16428303718567,0.0003,-0.0088,-0.001,0.3427,-0.0182,-0.1516
40.164381980895996,0.0002,-0.0076,0.0017,0.3244,-0.0178,0.0618
40.16447401046753,0.0002,-0.0047,0.0062,0.2809,-0.0175,0.2806
40.16456699371338,0.0003,-0.0006,0.0099,0.1386,-0.0171,0.4373
40.29527807235718,0.0005,0.0039,0.0106,0.0087,-0.0168,0.518
40.29540991783142,0.0006,0.0077,0.0101,-0.131,-0.0164,0.5075
40.29552412033081,0.0008,0.0104,0.0074,-0.2394,-0.0161,0.4094
40.29563117027283,0.0009,0.0113,0.0049,-0.314,-0.0158,0.2457
40.29572820663452,0.001,0.0103,0.0012,-0.3531,-0.0154,0.0297
40.29583215713501,0.001,0.0075,-0.0043,-0.2924,-0.0151,-0.1882
40.295931816101074,0.001,0.0034,-0.0076,-0.1615,-0.0148,-0.3475
40.29603290557861,0.0009,-0.001,-0.0085,-0.0457,-0.0145,-0.4411
40.2961311340332,0.0007,-0.005,-0.0097,0.113,-0.0142,-0.4437
40.2962281703949,0.0006,-0.0078,-0.0076,0.298,-0.0139,-0.3136
40.29632520675659,0.0005,-0.0085,-0.0012,0.3781,-0.0136,-0.0864
40.29641914367676,0.0004,-0.0068,0.0046,0.2979,-0.0134,0.1322
40.29651188850403,0.0005,-0.0035,0.0066,0.1795,-0.0131,0.2905
40.42711019515991,0.0006,0.0004,0.0073,0.0972,-0.0128,0.4034
40.42725610733032,0.0007,0.0042,0.0092,0.0005,-0.0126,0.4697
40.42735004425049,0.0009,0.0075,0.0088,-0.1597,-0.0123,0.4321
40.42743802070618,0.001,0.0095,0.006,-0.3051,-0.012,0.2816
40.42752408981323,0.0011,0.0094,0.0002,-0.3474,-0.0118,0.0625
40.427623987197876,0.0011,0.0072,-0.0048,-0.273,-0.0115,-0.1453
40.427714109420776,0.0011,0.0036,-0.008,-0.2006,-0.0113,-0.3317
40.427804946899414,0.001,-0.0007,-0.0101,-0.0856,-0.0111,-0.4619
40.427894115448,0.0008,-0.005,-0.011,0.0909,-0.0108,-0.4868
40.42798900604248,0.0006,-0.0082,-0.0084,0.2696,-0.0106,-0.38
40.42808794975281,0.0005,-0.0095,-0.0039,0.3762,-0.0104,-0.1727
40.4282009601593,0.0005,-0.0083,0.0033,0.3788,-0.0102,0.088
40.42829489707947,0.0005,-0.005,0.0079,0.2668,-0.01,0.312
40.55876088142395,0.0006,-0.0004,0.0095,0.1664,-0.0098,0.4851
40.55892515182495,0.0008,0.0044,0.012,0.0238,-0.0096,0.5876
40.559037923812866,0.0009,0.0088,0.0121,-0.1812,-0.0094,0.5615
40.55913209915161,0.0011,0.0117,0.009,-0.3749,-0.0092,0.3897
40.55921983718872,0.0013,0.012,0.0021,-0.4362,-0.009,0.1295
40.55932116508484,0.0013,0.0096,-0.0039,-0.3793,-0.0088,-0.1388
40.55941200256348,0.0013,0.0054,-0.0087,-0.2711,-0.0086,-0.3737
40.55950093269348,0.0011,0.0001,-0.0108,-0.1052,-0.0084,-0.5204
40.5595920085907,0.001,-0.005,-0.0116,0.0796,-0.0082,-0.5564
40.55967998504639,0.0008,-0.0089,-0.0103,0.2926,-0.0081,-0.4481
40.55977010726929,0.0006,-0.0106,-0.0044,0.4161,-0.0079,-0.2193
40.55985403060913,0.0006,-0.0096,0.0012,0.4316,-0.0077,0.0607
40.559942960739136,0.0006,-0.0061,0.0078,0.3301,-0.0076,0.3244
40.5600380897522,0.0007,-0.0011,0.0097,0.2125,-0.0074,0.5292
40.70070004463196,0.0009,0.0044,0.0124,0.0755,-0.0073,0.6687
40.7008581161499,0.0011,0.0096,0.0138,-0.1891,-0.0071,0.6504
40.70096802711487,0.0013,0.0131,0.0094,-0.4312,-0.0069,0.4467
40.70106601715088,0.0014,0.0135,0.0015,-0.4953,-0.0068,0.1454
40.70116925239563,0.0015,0.0109,-0.0069,-0.4108,-0.0066,-0.1633
40.70127511024475,0.0014,0.006,-0.0109,-0.2632,-0.0065,-0.408
40.70137405395508,0.0013,0.0002,-0.0124,-0.1276,-0.0064,-0.5796
40.701472997665405,0.0011,-0.0055,-0.0144,0.0552,-0.0062,-0.6516
40.701570987701416,0.0009,-0.0102,-0.0141,0.2953,-0.0061,-0.5694
40.70166802406311,0.0007,-0.0127,-0.0081,0.4765,-0.006,-0.3283
40.70176696777344,0.0006,-0.0121,-0.0005,0.4961,-0.0058,-0.0199
40.70186114311218,0.0006,-0.0087,0.0063,0.4016,-0.0057,0.2784
40.701956033706665,0.0007,-0.0033,0.0101,0.2352,-0.0056,0.4998
40.7020480632782,0.0009,0.0025,0.0112,0.0766,-0.0055,0.6307
40.83368110656738,0.0011,0.0079,0.0126,-0.151,-0.0053,0.628
40.83384299278259,0.0013,0.0117,0.0092,-0.3894,-0.0052,0.4494
40.83395981788635,0.0014,0.0126,0.0018,-0.4788,-0.0051,0.161
40.83406400680542,0.0015,0.0104,-0.0052,-0.4325,-0.005,-0.1495
40.8341760635376,0.0014,0.0058,-0.0102,-0.2628,-0.0049,-0.3889
40.83427619934082,0.0013,0.0003,-0.0095,-0.1815,-0.0048,-0.5746
40.83437991142273,0.0011,-0.0054,-0.014,-0.0403,-0.0047,-0.7046
40.834479093551636,0.0009,-0.0107,-0.0137,0.2505,-0.0046,-0.6485
40.834577798843384,0.0007,-0.0138,-0.008,0.4789,-0.0045,-0.4061
40.834677934646606,0.0005,-0.0136,-0.0002,0.5262,-0.0044,-0.077
40.834774017333984,0.0005,-0.0103,0.0083,0.44,-0.0043,0.259
40.83487010002136,0.0006,-0.0047,0.012,0.2537,-0.0042,0.5053
40.83496403694153,0.0007,0.0017,0.0127,0.1722,-0.0041,0.7085
40.96639895439148,0.001,0.0081,0.0174,-0.041,-0.004,0.8114
40.966548919677734,0.0012,0.0136,0.0169,-0.3926,-0.0039,0.6871
40.96666502952576,0.0015,0.0162,0.0082,-0.5947,-0.0038,0.3717
40.966773986816406,0.0016,0.015,-0.0029,-0.5701,-0.0037,-0.008
40.966882944107056,0.0016,0.0104,-0.0094,-0.3727,-0.0036,-0.3092
40.96698594093323,0.0015,0.0043,-0.0102,-0.2473,-0.0035,-0.539
40.96709203720093,0.0013,-0.0023,-0.0134,-0.1165,-0.0035,-0.7116
40.96719193458557,0.0011,-0.0085,-0.0143,0.1388,-0.0034,-0.73
40.967291831970215,0.0008,-0.0131,-0.0114,0.3782,-0.0033,-0.5758
40.96739196777344,0.0007,-0.0148,-0.0049,0.53,-0.0032,-0.2784
40.967488050460815,0.0006,-0.0131,0.0026,0.5278,-0.0032,0.0722
40.967583894729614,0.0006,-0.0084,0.0102,0.3967,-0.0031,0.3958
40.967686891555786,0.0007,-0.002,0.0132,0.2283,-0.003,0.636
41.10038614273071,0.0009,0.0048,0.0153,0.0243,-0.003,0.7639
41.10055613517761,0.0012,0.0108,0.0157,-0.2786,-0.0029,0.7036
41.10068106651306,0.0014,0.0144,0.0097,-0.5182,-0.0028,0.4477
41.10078406333923,0.0015,0.0145,-0.0001,-0.5677,-0.0027,0.09
41.100881814956665,0.0016,0.011,-0.0094,-0.4012,-0.0027,-0.2293
41.10099411010742,0.0015,0.0055,-0.0095,-0.2431,-0.0026,-0.4507
41.10110807418823,0.0014,-0.0006,-0.0122,-0.1895,-0.0025,-0.6608
41.10120606422424,0.0011,-0.0068,-0.0162,0.0452,-0.0025,-0.7521
41.10130190849304,0.0009,-0.0121,-0.0136,0.3085,-0.0024,-0.658
41.10139584541321,0.0007,-0.0149,-0.0086,0.503,-0.0024,-0.4044
41.101491928100586,0.0005,-0.0144,-0.0008,0.5535,-0.0023,-0.0619
41.1015841960907,0.0005,-0.0107,0.0073,0.4658,-0.0023,0.2844
41.101675033569336,0.0006,-0.0047,0.013,0.2697,-0.0022,0.5488
41.10176420211792,0.0008,0.0021,0.0137,0.0743,-0.0022,0.6964
41.2344491481781,0.001,0.0082,0.0146,-0.1676,-0.0021,0.6984
41.23460292816162,0.0013,0.0126,0.0116,-0.4231,-0.0021,0.5165
41.23471403121948,0.0014,0.0138,0.0035,-0.532,-0.002,0.207
41.234819173812866,0.0015,0.0117,-0.0062,-0.4445,-0.0019,-0.1168
41.234925985336304,0.0014,0.0071,-0.0097,-0.2529,-0.0019,-0.3449
41.23503303527832,0.0013,0.0016,-0.0095,-0.1098,-0.0018,-0.4824
41.235146045684814,0.0012,-0.0036,-0.0117,0.0036,-0.0018,-0.5656
41.2352499961853,0.001,-0.008,-0.0119,0.2023,-0.0017,-0.5248
41.23535203933716,0.0008,-0.0107,-0.008,0.3948,-0.0017,-0.3341
41.235453844070435,0.0007,-0.0108,-0.0008,0.4484,-0.0017,-0.0568
41.235548973083496,0.0007,-0.0081,0.0056,0.3604,-0.0016,0.2108
41.23564386367798,0.0008,-0.0036,0.0081,0.267,-0.0016,0.4387
41.23573923110962,0.0009,0.0017,0.0128,0.1845,-0.0015,0.6509
41.357908964157104,0.0011,0.0076,0.0165,-0.0784,-0.0015,0.7239
41.35805892944336,0.0014,0.0124,0.0126,-0.3633,-0.0015,0.5878
41.35815715789795,0.0015,0.0144,0.0058,-0.5069,-0.0014,0.3118
41.3582489490509,0.0016,0.0131,-0.0039,-0.4528,-0.0014,0.0006
41.358341217041016,0.0016,0.0092,-0.0072,-0.2906,-0.0013,-0.2323
41.35843801498413,0.0016,0.0042,-0.0084,-0.2203,-0.0013,-0.4318
41.358537912368774,0.0014,-0.0013,-0.0124,-0.1166,-0.0012,-0.5961
41.35863018035889,0.0012,-0.0067,-0.0138,0.0998,-0.0012,-0.6345
41.35872006416321,0.001,-0.0109,-0.0104,0.2631,-0.0012,-0.546
41.35881590843201,0.0009,-0.0129,-0.0082,0.4036,-0.0011,-0.3518
41.3589141368866,0.0007,-0.0125,-0.0014,0.4724,-0.0011,-0.0644
41.35901689529419,0.0007,-0.0094,0.0053,0.3989,-0.0011,0.2254
41.48243713378906,0.0008,-0.0044,0.0102,0.2499,-0.001,0.4571
41.482588052749634,0.0009,0.0014,0.0119,0.0633,-0.001,0.5841
41.48270583152771,0.0011,0.0067,0.0119,-0.1555,-0.001,0.5737
41.48280596733093,0.0013,0.0103,0.0084,-0.3418,-0.001,0.4199
41.48290824890137,0.0015,0.0113,0.0023,-0.443,-0.0009,0.1578
41.48301100730896,0.0015,0.0094,-0.0054,-0.3633,-0.0009,-0.1091
41.48311185836792,0.0015,0.0055,-0.0075,-0.2003,-0.0009,-0.2876
41.48321294784546,0.0014,0.0011,-0.007,-0.1772,-0.0008,-0.4513
41.48331379890442,0.0012,-0.0036,-0.0115,-0.0574,-0.0008,-0.5727
41.48341393470764,0.001,-0.0081,-0.0105,0.166,-0.0008,-0.5458
41.48351311683655,0.0009,-0.011,-0.0072,0.3082,-0.0007,-0.4053
41.48361301422119,0.0007,-0.0117,-0.0036,0.4118,-0.0007,-0.1725
41.48370885848999,0.0007,-0.0098,0.0029,0.3955,-0.0007,0.0977
41.49638295173645,0.0007,-0.0059,0.0076,0.2801,-0.0007,0.3294
41.636383056640625,0.0008,-0.0009,0.009,0.2144,-0.0007,0.5317
41.63652205467224,0.001,0.0045,0.0138,0.0348,-0.0006,0.6564
41.63661599159241,0.0012,0.0096,0.013,-0.2513,-0.0006,0.5942
41.63670492172241,0.0014,0.0125,0.0077,-0.4283,-0.0006,0.3812
41.63679313659668,0.0015,0.0125,-0.0005,-0.4534,-0.0006,0.0938
41.636881828308105,0.0016,0.0096,-0.0064,-0.3186,-0.0005,-0.1508
41.63697791099548,0.0015,0.0053,-0.0079,-0.1834,-0.0005,-0.3215
41.63706588745117,0.0014,0.0006,-0.0088,-0.0826,-0.0005,-0.4368
41.637152910232544,0.0013,-0.0039,-0.0105,0.032,-0.0005,-0.4934
41.63724112510681,0.0011,-0.0075,-0.0093,0.185,-0.0004,-0.4448
41.6373291015625,0.001,-0.0096,-0.0067,0.3166,-0.0004,-0.294
41.63741683959961,0.0009,-0.0096,-0.0014,0.3811,-0.0004,-0.0638
41.63750100135803,0.0008,-0.0073,0.005,0.3058,-0.0004,0.1648
41.637585163116455,0.0009,-0.0035,0.0065,0.2111,-0.0004,0.3456
41.76129412651062,0.001,0.0009,0.0092,0.1689,-0.0004,0.5214
41.76144623756409,0.0012,0.0057,0.0126,-0.0383,-0.0003,0.591
41.761559009552,0.0014,0.0098,0.0096,-0.2794,-0.0003,0.4862
41.76166081428528,0.0015,0.0116,0.0043,-0.4126,-0.0003,0.2586
41.761759996414185,0.0016,0.0106,-0.0033,-0.3935,-0.0003,-0.0115
41.76186203956604,0.0016,0.0073,-0.0071,-0.2516,-0.0003,-0.2196
41.761967182159424,0.0015,0.003,-0.0074,-0.1818,-0.0002,-0.3871
41.762068033218384,0.0014,-0.0017,-0.011,-0.1052,-0.0002,-0.5343
41.762168169021606,0.0012,-0.0064,-0.0125,0.0792,-0.0002,-0.5762
41.76226806640625,0.001,-0.0101,-0.01,0.2335,-0.0002,-0.5031
41.762364864349365,0.0009,-0.012,-0.0078,0.3693,-0.0002,-0.3278
41.76246190071106,0.0008,-0.0116,-0.0013,0.4229,-0.0002,-0.0712
41.762555837631226,0.0008,-0.0088,0.0045,0.3525,-0.0002,0.1836
41.77648901939392,0.0008,-0.0044,0.0087,0.2243,-0.0001,0.3885
41.90013313293457,0.0009,0.0007,0.0106,0.0576,-0.0001,0.5022
41.900288105010986,0.0011,0.0054,0.0109,-0.1255,-0.0001,0.5034
41.90039920806885,0.0013,0.0087,0.008,-0.2907,-0.0001,0.3794
41.90049719810486,0.0014,0.0098,0.0034,-0.385,-0.0001,0.162
41.90059494972229,0.0014,0.0084,-0.0038,-0.357,-0.0001,-0.0895
41.9006929397583,0.0014,0.005,-0.0075,-0.2278,-0.0001,-0.2863
41.90079092979431,0.0013,0.0007,-0.0084,-0.1202,-0.0,-0.4225
41.90089011192322,0.0012,-0.0036,-0.0101,-0.0082,-0.0,-0.5018
41.90099000930786,0.001,-0.0074,-0.0101,0.1602,-0.0,-0.475
41.90110421180725,0.0009,-0.0098,-0.0075,0.3261,-0.0,-0.3239
41.90121603012085,0.0008,-0.01,-0.0013,0.3848,-0.0,-0.0909
41.90131878852844,0.0007,-0.0079,0.0037,0.3289,0.0,0.1437
41.90141201019287,0.0008,-0.0041,0.0077,0.2283,0.0,0.3442
42.02404499053955,0.0009,0.0005,0.0098,0.0752,0.0,0.4636
42.02419304847717,0.001,0.0048,0.0105,-0.0768,0.0,0.4929
42.02429795265198,0.0012,0.0082,0.0089,-0.2403,0.0,0.4074
42.024394035339355,0.0013,0.0097,0.005,-0.3505,0.0001,0.2239
42.024492025375366,0.0014,0.009,-0.0006,-0.3628,0.0001,-0.0079
42.02458906173706,0.0014,0.0062,-0.0051,-0.2446,0.0001,-0.1976
42.02469086647034,0.0013,0.0024,-0.0057,-0.1496,0.0001,-0.3328
42.02479004859924,0.0012,-0.0016,-0.0069,-0.0814,0.0001,-0.4352
42.02488112449646,0.0011,-0.0053,-0.0081,0.0663,0.0001,-0.4533
42.02497100830078,0.0009,-0.0082,-0.0064,0.2209,0.0001,-0.3609
42.025062084198,0.0008,-0.0092,-0.0027,0.3237,0.0001,-0.1764
42.025147914886475,0.0008,-0.0082,0.0029,0.3124,0.0001,0.0412
42.14692401885986,0.0008,-0.0053,0.0062,0.2321,0.0001,0.2324
42.14707803726196,0.0009,-0.0015,0.0089,0.1515,0.0001,0.3937
42.14719581604004,0.001,0.0028,0.0112,0.0132,0.0001,0.485
42.14729285240173,0.0011,0.0067,0.0103,-0.1855,0.0002,0.4436
42.14739394187927,0.0013,0.009,0.006,-0.3282,0.0002,0.2812
42.14749002456665,0.0014,0.0091,-0.0002,-0.3757,0.0002,0.0437
42.147587060928345,0.0014,0.0068,-0.0058,-0.2997,0.0002,-0.1863
42.14768409729004,0.0013,0.0029,-0.0068,-0.2304,0.0002,-0.3809
42.14778399467468,0.0012,-0.0017,-0.0087,-0.1531,0.0002,-0.5424
42.14787817001343,0.001,-0.0065,-0.0109,-0.0061,0.0002,-0.6281
42.14796996116638,0.0008,-0.0106,-0.0114,0.1808,0.0002,-0.5992
42.148061990737915,0.0006,-0.0133,-0.0084,0.357,0.0002,-0.437
42.27030920982361,0.0005,-0.0136,-0.0025,0.427,0.0002,-0.1872
42.27045202255249,0.0004,-0.0113,0.0041,0.4004,0.0002,0.094
42.2705500125885,0.0005,-0.007,0.0083,0.2662,0.0002,0.3214
42.270641803741455,0.0006,-0.0018,0.0093,0.1649,0.0002,0.4936
42.27073097229004,0.0007,0.0036,0.0116,0.0253,0.0002,0.596
42.270822048187256,0.0009,0.0083,0.0112,-0.1776,0.0002,0.5677
42.27092099189758,0.0011,0.0114,0.0076,-0.3544,0.0002,0.4014
42.2710120677948,0.0012,0.0119,0.0011,-0.3962,0.0002,0.1615
42.27110505104065,0.0013,0.0099,-0.0041,-0.3336,0.0002,-0.0764
42.2711980342865,0.0013,0.0062,-0.0091,-0.1888,0.0003,-0.2584
42.27129006385803,0.0012,0.0018,-0.009,0.0121,0.0003,-0.3131
42.271385192871094,0.0011,-0.0018,-0.0072,0.1033,0.0003,-0.2982
42.271477937698364,0.001,-0.0042,-0.0073,0.2306,0.0003,-0.2032
42.3937771320343,0.0009,-0.0049,-0.0027,0.3434,0.0003,-0.0029
42.39394807815552,0.0009,-0.0035,0.0038,0.3189,0.0003,0.2288
42.39404892921448,0.001,-0.0002,0.0074,0.2055,0.0003,0.4152
42.394148111343384,0.0011,0.0039,0.0092,0.1107,0.0003,0.556
42.39423990249634,0.0013,0.0082,0.0114,-0.0692,0.0003,0.5993
42.39433217048645,0.0015,0.0116,0.0092,-0.2755,0.0003,0.4957
42.39442205429077,0.0017,0.0129,0.0022,-0.3278,0.0003,0.3092
42.39451503753662,0.0018,0.0121,-0.0009,-0.2732,0.0003,0.1352
42.394609212875366,0.0018,0.0098,-0.0023,-0.2575,0.0003,-0.0405
42.39470314979553,0.0018,0.0064,-0.0067,-0.2054,0.0003,-0.2162
42.3947970867157,0.0017,0.0024,-0.0093,-0.0465,0.0004,-0.3102
42.39489006996155,0.0016,-0.0013,-0.0076,0.0526,0.0004,-0.3302
42.520087003707886,0.0015,-0.0042,-0.007,0.1406,0.0004,-0.2915
42.520241022109985,0.0014,-0.0058,-0.004,0.2211,0.0004,-0.1802
42.52033710479736,0.0014,-0.0058,-0.0002,0.2081,0.0004,-0.0501
42.5204222202301,0.0013,-0.0045,0.0021,0.1574,0.0004,0.0648
42.52050709724426,0.0014,-0.0025,0.003,0.1012,0.0004,0.1507
42.52059316635132,0.0014,-0.0003,0.0037,0.1141,0.0004,0.2517
42.520681858062744,0.0015,0.0022,0.0067,0.0592,0.0004,0.3402
42.52076482772827,0.0016,0.0049,0.0068,-0.081,0.0004,0.3405
42.52085614204407,0.0017,0.0067,0.0043,-0.1594,0.0004,0.2734
42.52094507217407,0.0018,0.0074,0.0029,-0.1931,0.0004,0.175
42.52103590965271,0.0019,0.0069,0.0003,-0.2269,0.0004,0.0359
42.52112889289856,0.0019,0.0052,-0.0026,-0.2147,0.0004,-0.1166
42.521233797073364,0.0018,0.0025,-0.0052,-0.1809,0.0005,-0.2678
42.644628047943115,0.0017,-0.0009,-0.007,-0.0943,0.0005,-0.3785
42.644789934158325,0.0016,-0.0043,-0.0089,0.0304,0.0005,-0.4248
42.644909143447876,0.0015,-0.0072,-0.0071,0.1617,0.0005,-0.375
42.64500904083252,0.0014,-0.0087,-0.0031,0.2149,0.0005,-0.2633
42.64511203765869,0.0013,-0.0086,-0.0008,0.2088,0.0005,-0.1392
42.645209074020386,0.0012,-0.0074,0.0016,0.1902,0.0005,-0.0092
42.645302057266235,0.0012,-0.0053,0.0037,0.162,0.0005,0.1193
42.645395040512085,0.0013,-0.0025,0.0063,0.0934,0.0005,0.2242
42.6454861164093,0.0013,0.0004,0.0062,0.0078,0.0005,0.2747
42.64557909965515,0.0014,0.003,0.0064,-0.0804,0.0005,0.2712
42.64567494392395,0.0015,0.0047,0.0043,-0.1744,0.0005,0.1933
42.64576697349548,0.0016,0.0052,0.0009,-0.1975,0.0005,0.0763
42.77895903587341,0.0016,0.0044,-0.0016,-0.168,0.0005,-0.0396
42.77910399436951,0.0016,0.0027,-0.0032,-0.148,0.0005,-0.1557
42.779221057891846,0.0015,0.0004,-0.0055,-0.0932,0.0005,-0.2537
42.77932596206665,0.0015,-0.0022,-0.0057,-0.045,0.0005,-0.3241
42.779428005218506,0.0014,-0.0047,-0.0066,0.0389,0.0005,-0.3482
42.7795250415802,0.0012,-0.0067,-0.0054,0.1312,0.0005,-0.3055
42.77962112426758,0.0011,-0.0077,-0.0036,0.1949,0.0005,-0.2097
42.77971601486206,0.0011,-0.0074,-0.0011,0.2414,0.0005,-0.0657
42.779808044433594,0.001,-0.0058,0.0029,0.2467,0.0005,0.1111
42.77989983558655,0.0011,-0.003,0.0057,0.164,0.0005,0.257
42.779988050460815,0.0012,0.0004,0.0065,0.1478,0.0005,0.3998
42.78007698059082,0.0013,0.0042,0.0107,0.0359,0.0005,0.5029
42.78016781806946,0.0015,0.0078,0.01,-0.186,0.0005,0.4603
42.78025794029236,0.0016,0.01,0.0046,-0.3177,0.0005,0.2957
42.9033579826355,0.0017,0.0099,-0.0009,-0.2822,0.0006,0.1145
42.90350890159607,0.0017,0.008,-0.0026,-0.2124,0.0006,-0.0347
42.9036169052124,0.0017,0.0053,-0.0039,-0.1705,0.0006,-0.1684
42.9037139415741,0.0017,0.0021,-0.0054,-0.1516,0.0006,-0.3026
42.903823137283325,0.0016,-0.0015,-0.0079,-0.0709,0.0006,-0.405
42.90391492843628,0.0014,-0.005,-0.0087,0.0873,0.0006,-0.413
42.90400314331055,0.0013,-0.0075,-0.0055,0.1938,0.0006,-0.3309
42.90409302711487,0.0012,-0.0085,-0.0029,0.2258,0.0006,-0.2103
42.904178857803345,0.0011,-0.008,-0.0004,0.2581,0.0006,-0.0507
42.90426278114319,0.0011,-0.0061,0.003,0.261,0.0006,0.136
42.90434718132019,0.0012,-0.0029,0.0073,0.1681,0.0006,0.296
42.904435873031616,0.0013,0.0008,0.0085,0.0386,0.0006,0.3835
43.02692985534668,0.0014,0.0043,0.0086,-0.0703,0.0006,0.4035
43.0270631313324,0.0015,0.007,0.0065,-0.1949,0.0006,0.3294
43.027174949645996,0.0016,0.0081,0.0026,-0.2312,0.0006,0.2046
43.027283906936646,0.0017,0.0077,0.0004,-0.2063,0.0006,0.0803
43.02739191055298,0.0017,0.0061,-0.0023,-0.1853,0.0006,-0.0509
43.027491092681885,0.0017,0.0038,-0.0036,-0.1352,0.0006,-0.1604
43.02759099006653,0.0016,0.0011,-0.0053,-0.1155,0.0006,-0.2709
43.027689933776855,0.0016,-0.0019,-0.0068,-0.0473,0.0006,-0.3505
43.02778601646423,0.0014,-0.0047,-0.0069,0.0854,0.0006,-0.347
43.02788305282593,0.0013,-0.0067,-0.0039,0.1799,0.0006,-0.2621
43.02797794342041,0.0012,-0.0072,-0.0011,0.1929,0.0006,-0.1495
43.028071880340576,0.0012,-0.0065,0.0008,0.1891,0.0006,-0.0249
43.150960206985474,0.0012,-0.0048,0.0028,0.1681,0.0006,0.1011
43.15111708641052,0.0012,-0.0024,0.0054,0.1264,0.0006,0.2206
43.15120887756348,0.0013,0.0005,0.0063,0.0442,0.0006,0.2958
43.15131592750549,0.0014,0.0032,0.007,-0.0462,0.0006,0.3192
43.151402950286865,0.0015,0.0054,0.0055,-0.1445,0.0006,0.2694
43.15149211883545,0.0016,0.0064,0.0029,-0.1807,0.0006,0.1786
43.151578187942505,0.0016,0.0062,0.001,-0.1862,0.0006,0.0709
43.151665925979614,0.0017,0.005,-0.001,-0.1862,0.0006,-0.0522
43.1517550945282,0.0016,0.003,-0.0043,-0.1219,0.0006,-0.1588
43.151846170425415,0.0016,0.0006,-0.0046,-0.0314,0.0006,-0.2105
43.15194392204285,0.0015,-0.0017,-0.0039,-0.009,0.0006,-0.2441
43.15204191207886,0.0014,-0.0035,-0.0053,0.0473,0.0006,-0.2531
43.152162075042725,0.0014,-0.0049,-0.0036,0.14,0.0006,-0.1904
43.2752571105957,0.0013,-0.0053,-0.0006,0.1433,0.0006,-0.1046
43.27540707588196,0.0013,-0.0047,0.0,0.1318,0.0006,-0.0214
43.27551794052124,0.0013,-0.0035,0.0016,0.1095,0.0006,0.0595
43.27561807632446,0.0013,-0.0019,0.0021,0.1045,0.0006,0.1414
43.2757089138031,0.0013,0.0001,0.0039,0.0721,0.0006,0.217
43.27579998970032,0.0014,0.0022,0.0041,0.007,0.0006,0.2535
43.27589821815491,0.0015,0.004,0.0041,-0.0719,0.0006,0.2399
43.27599000930786,0.0016,0.0051,0.0021,-0.1329,0.0006,0.1731
43.276084899902344,0.0016,0.0053,-0.0003,-0.1405,0.0006,0.0849
43.27618193626404,0.0016,0.0045,-0.0019,-0.1359,0.0006,-0.0124
43.27627897262573,0.0016,0.003,-0.0031,-0.1044,0.0007,-0.0992
43.276379108428955,0.0016,0.0012,-0.0041,-0.1091,0.0007,-0.1972
43.40019202232361,0.0015,-0.0011,-0.0061,-0.0656,0.0007,-0.2828
43.40034604072571,0.0015,-0.0035,-0.0075,0.0149,0.0007,-0.3286
43.400439977645874,0.0013,-0.0057,-0.0069,0.1166,0.0007,-0.3054
43.400550842285156,0.0012,-0.007,-0.0047,0.1686,0.0007,-0.2335
43.40064191818237,0.0012,-0.0071,-0.0027,0.1957,0.0007,-0.13
43.40072798728943,0.0011,-0.0063,-0.0002,0.2126,0.0007,0.0025
43.400814056396484,0.0011,-0.0044,0.002,0.1929,0.0006,0.1396
43.40090799331665,0.0012,-0.0017,0.0048,0.1623,0.0006,0.2785
43.40101194381714,0.0013,0.0015,0.0067,0.0788,0.0006,0.3794
43.40112519264221,0.0014,0.0048,0.0082,-0.0554,0.0006,0.4065
43.40124011039734,0.0015,0.0073,0.0057,-0.1917,0.0007,0.3291
43.40134286880493,0.0016,0.0083,0.0014,-0.2225,0.0007,0.2022
43.40146088600159,0.0017,0.0078,-0.0004,-0.2013,0.0007,0.0752
43.52422094345093,0.0017,0.0062,-0.0024,-0.1789,0.0007,-0.0522
43.5243718624115,0.0017,0.0038,-0.0052,-0.1344,0.0007,-0.1726
43.52448296546936,0.0016,0.001,-0.0061,-0.046,0.0007,-0.2444
43.52458214759827,0.0016,-0.0017,-0.0066,0.0122,0.0007,-0.2841
43.52467393875122,0.0015,-0.004,-0.0063,0.1032,0.0007,-0.2644
43.52478218078613,0.0014,-0.0053,-0.0039,0.1646,0.0007,-0.1882
43.524877071380615,0.0013,-0.0056,-0.0014,0.1663,0.0007,-0.0936
43.52496409416199,0.0013,-0.0048,0.0009,0.1569,0.0007,0.012
43.52505111694336,0.0013,-0.0033,0.0023,0.1236,0.0007,0.1074
43.52513790130615,0.0013,-0.0012,0.0039,0.1133,0.0007,0.209
43.525222063064575,0.0014,0.0012,0.0057,0.055,0.0007,0.2868
43.525310039520264,0.0015,0.0036,0.0065,-0.0386,0.0007,0.3115
43.649149894714355,0.0016,0.0056,0.0051,-0.1419,0.0007,0.2611
43.64927792549133,0.0017,0.0064,0.0023,-0.174,0.0007,0.1704
43.64936900138855,0.0017,0.0062,0.0008,-0.1714,0.0007,0.0703
43.64945983886719,0.0018,0.005,-0.0011,-0.1633,0.0007,-0.039
43.64954996109009,0.0017,0.0031,-0.0036,-0.1366,0.0007,-0.15
43.64964413642883,0.0017,0.0007,-0.0049,-0.065,0.0007,-0.2258
43.64973592758179,0.0016,-0.0017,-0.0047,-0.023,0.0007,-0.2742
43.64982295036316,0.0015,-0.0039,-0.0056,0.0524,0.0007,-0.2817
43.64991998672485,0.0014,-0.0054,-0.0039,0.1313,0.0007,-0.2276
43.650017976760864,0.0014,-0.006,-0.0016,0.1522,0.0007,-0.1439
43.65011405944824,0.0013,-0.0056,-0.0,0.1573,0.0007,-0.0451
43.65020489692688,0.0013,-0.0044,0.0018,0.1437,0.0007,0.0584
43.65030097961426,0.0013,-0.0025,0.004,0.1047,0.0007,0.1541
43.78736090660095,0.0014,-0.0002,0.0047,0.0327,0.0007,0.2097
43.78750801086426,0.0014,0.0019,0.0051,-0.0133,0.0007,0.2401
43.787599086761475,0.0015,0.0037,0.0056,-0.0895,0.0007,0.2257
43.787684202194214,0.0016,0.0048,0.0037,-0.1393,0.0007,0.1666
43.787769079208374,0.0017,0.005,0.0019,-0.1426,0.0007,0.0922
43.787867069244385,0.0017,0.0044,-0.0,-0.1302,0.0007,0.0118
43.78795385360718,0.0017,0.0032,-0.0015,-0.1254,0.0007,-0.0765
43.78804087638855,0.0017,0.0015,-0.0036,-0.0727,0.0007,-0.1473
43.788130044937134,0.0016,-0.0004,-0.0037,-0.0286,0.0007,-0.1918
43.78821802139282,0.0016,-0.0022,-0.0044,-0.0081,0.0007,-0.2286
43.78830695152283,0.0015,-0.0037,-0.005,0.0769,0.0007,-0.216
43.78839707374573,0.0014,-0.0047,-0.0029,0.1191,0.0007,-0.162
43.78849792480469,0.0014,-0.0049,-0.0019,0.1256,0.0007,-0.0965
43.91422414779663,0.0013,-0.0044,0.0004,0.1345,0.0007,-0.0085
43.91437101364136,0.0013,-0.0031,0.002,0.1018,0.0007,0.0702
43.914480209350586,0.0013,-0.0015,0.0033,0.098,0.0007,0.157
43.91457509994507,0.0014,0.0005,0.005,0.0572,0.0007,0.2312
43.914673805236816,0.0015,0.0026,0.0052,0.0042,0.0007,0.2737
43.91476917266846,0.0016,0.0045,0.0058,-0.0771,0.0007,0.2693
43.914865255355835,0.0016,0.0058,0.0038,-0.1382,0.0007,0.2123
43.914961099624634,0.0017,0.0061,0.0019,-0.1533,0.0007,0.1322
43.915056228637695,0.0018,0.0056,0.0002,-0.1612,0.0007,0.0346
43.91515588760376,0.0018,0.0042,-0.0018,-0.1396,0.0007,-0.0645
43.91526389122009,0.0017,0.0023,-0.0036,-0.117,0.0007,-0.163
43.915380001068115,0.0017,0.0,-0.005,-0.0558,0.0007,-0.2337
43.91548013687134,0.0016,-0.0022,-0.0053,-0.0091,0.0007,-0.2781
44.038392066955566,0.0015,-0.0043,-0.006,0.0768,0.0007,-0.2734
44.03853487968445,0.0014,-0.0057,-0.004,0.1408,0.0007,-0.214
44.03862905502319,0.0014,-0.0061,-0.0019,0.1527,0.0007,-0.132
44.0387179851532,0.0013,-0.0055,-0.0002,0.157,0.0007,-0.0346
44.03880190849304,0.0013,-0.0042,0.0018,0.139,0.0007,0.066
44.038888931274414,0.0013,-0.0023,0.0038,0.1147,0.0007,0.1665
44.0389769077301,0.0014,0.0,0.005,0.0492,0.0007,0.2351
44.03905987739563,0.0015,0.0023,0.0059,-0.0058,0.0007,0.2764
44.03914403915405,0.0016,0.0043,0.0061,-0.0926,0.0007,0.264
44.03922700881958,0.0016,0.0056,0.004,-0.1481,0.0007,0.2018
44.03930997848511,0.0017,0.0059,0.0018,-0.1542,0.0007,0.1198
44.03939199447632,0.0017,0.0053,0.0001,-0.1542,0.0007,0.0252
44.03947687149048,0.0018,0.0039,-0.0018,-0.1314,0.0007,-0.0692
44.16328406333923,0.0017,0.0021,-0.0037,-0.1084,0.0007,-0.1633
44.163442850112915,0.0017,-0.0001,-0.0049,-0.0488,0.0007,-0.2287
44.1635582447052,0.0016,-0.0023,-0.0051,-0.0092,0.0007,-0.2714
44.16366195678711,0.0015,-0.0043,-0.0059,0.0799,0.0007,-0.2638
44.16376709938049,0.0014,-0.0056,-0.0038,0.1446,0.0007,-0.1999
44.163869857788086,0.0014,-0.0058,-0.0017,0.1529,0.0007,-0.1162
44.16396999359131,0.0013,-0.0052,-0.0003,0.1539,0.0007,-0.0217
44.16406607627869,0.0013,-0.0039,0.0018,0.1266,0.0007,0.0711
44.16416001319885,0.0013,-0.002,0.0023,0.1166,0.0007,0.1622
44.164252042770386,0.0014,0.0002,0.0043,0.0799,0.0007,0.2459
44.16434407234192,0.0015,0.0025,0.0047,0.0112,0.0007,0.2898
44.16443705558777,0.0016,0.0046,0.0047,-0.0797,0.0007,0.2759
44.28808808326721,0.0017,0.0059,0.0027,-0.143,0.0007,0.2074
44.28822612762451,0.0017,0.0062,0.0006,-0.1583,0.0007,0.1144
44.288323163986206,0.0018,0.0054,-0.0013,-0.1612,0.0007,0.006
44.28841710090637,0.0018,0.0039,-0.0032,-0.1325,0.0007,-0.0989
44.288508892059326,0.0017,0.0017,-0.0048,-0.1141,0.0007,-0.2047
44.28859806060791,0.0017,-0.0008,-0.0064,-0.0588,0.0007,-0.288
44.28869915008545,0.0016,-0.0034,-0.0073,0.0184,0.0007,-0.3296
44.28878593444824,0.0015,-0.0056,-0.0063,0.1254,0.0007,-0.296
44.28887701034546,0.0014,-0.0068,-0.0032,0.1754,0.0007,-0.2093
44.28897714614868,0.0013,-0.0068,-0.0013,0.1778,0.0007,-0.1071
44.28906798362732,0.0013,-0.0058,0.0007,0.1768,0.0007,0.0092
44.2891571521759,0.0013,-0.004,0.003,0.1417,0.0007,0.1205
44.289247035980225,0.0013,-0.0016,0.0038,0.1322,0.0007,0.2329
44.41240119934082,0.0014,0.0011,0.0059,0.0932,0.0007,0.3374
44.41255021095276,0.0015,0.0041,0.0079,-0.023,0.0007,0.3824
44.412657022476196,0.0016,0.0066,0.006,-0.1655,0.0007,0.3237
44.41275596618652,0.0017,0.0078,0.0022,-0.2008,0.0007,0.2155
44.41284990310669,0.0018,0.0075,0.0004,-0.1908,0.0007,0.1016
44.41295099258423,0.0018,0.0063,-0.0014,-0.1878,0.0007,-0.0243
44.413050174713135,0.0018,0.0042,-0.0046,-0.1328,0.0007,-0.1388
44.41315197944641,0.0018,0.0016,-0.0051,-0.0255,0.0007,-0.1894
44.413249015808105,0.0017,-0.0008,-0.0037,0.0093,0.0007,-0.2089
44.41334509849548,0.0016,-0.0026,-0.0051,0.0222,0.0007,-0.2315
44.41344094276428,0.0016,-0.0041,-0.0051,0.1175,0.0007,-0.1936
44.413536071777344,0.0015,-0.0047,-0.002,0.1482,0.0007,-0.1146
44.53620910644531,0.0015,-0.0044,-0.0003,0.1253,0.0007,-0.0376
44.53634715080261,0.0015,-0.0035,0.001,0.1234,0.0007,0.0477
44.53644013404846,0.0015,-0.002,0.0034,0.0756,0.0007,0.1205
44.53652811050415,0.0015,-0.0002,0.0033,0.0262,0.0007,0.1617
44.53661322593689,0.0016,0.0014,0.0032,0.0104,0.0007,0.1933
44.53670406341553,0.0016,0.0029,0.0035,-0.0527,0.0007,0.1871
44.53679609298706,0.0017,0.0038,0.0015,-0.0967,0.0007,0.1391
44.536880016326904,0.0017,0.0041,0.0002,-0.1004,0.0008,0.0792
44.53696608543396,0.0018,0.0036,-0.0011,-0.1091,0.0008,0.0041
44.53705382347107,0.0018,0.0026,-0.0027,-0.1132,0.0008,-0.0856
44.53714203834534,0.0017,0.001,-0.0046,-0.0636,0.0008,-0.1582
44.53724408149719,0.0017,-0.0009,-0.0044,-0.0212,0.0008,-0.2032
44.66027808189392,0.0016,-0.0026,-0.0059,0.0072,0.0008,-0.2416
44.66043496131897,0.0015,-0.0042,-0.0062,0.0951,0.0008,-0.2265
44.660550117492676,0.0015,-0.0051,-0.0038,0.1338,0.0008,-0.1697
44.66065001487732,0.0014,-0.0052,-0.0024,0.1401,0.0008,-0.0989
44.66075587272644,0.0014,-0.0046,-0.0004,0.1423,0.0008,-0.0117
44.660849809646606,0.0014,-0.0034,0.0015,0.1352,0.0008,0.0854
44.660943031311035,0.0014,-0.0015,0.0037,0.0796,0.0008,0.1629
44.66103506088257,0.0015,0.0005,0.0039,0.03,0.0008,0.2118
44.66112685203552,0.0015,0.0024,0.005,-0.0154,0.0008,0.2405
44.661219120025635,0.0016,0.004,0.0045,-0.0985,0.0008,0.213
44.66131091117859,0.0017,0.0049,0.0022,-0.1404,0.0008,0.1422
44.6614031791687,0.0017,0.0048,0.0008,-0.1338,0.0008,0.0658
44.661498069763184,0.0017,0.004,-0.0004,-0.1159,0.0008,-0.008
44.78739094734192,0.0017,0.0027,-0.0013,-0.1139,0.0008,-0.0882
44.78754806518555,0.0017,0.0011,-0.0032,-0.0716,0.0008,-0.1554
44.78766989707947,0.0017,-0.0008,-0.0031,-0.0241,0.0008,-0.1924
44.78778004646301,0.0016,-0.0024,-0.004,-0.0039,0.0008,-0.2243
44.78789710998535,0.0015,-0.0039,-0.0045,0.077,0.0008,-0.2081
44.788012981414795,0.0015,-0.0047,-0.0024,0.1152,0.0008,-0.1532
44.788119077682495,0.0014,-0.0048,-0.0012,0.1206,0.0008,-0.0858
44.788224935531616,0.0014,-0.0042,0.0007,0.1346,0.0008,0.0041
44.788321018218994,0.0014,-0.0029,0.0025,0.0941,0.0008,0.0822
44.7884202003479,0.0014,-0.0012,0.0023,0.0955,0.0008,0.1608
44.78852701187134,0.0015,0.0007,0.0046,0.0843,0.0008,0.2496
44.78863787651062,0.0015,0.0029,0.0053,0.0078,0.0008,0.2954
44.928184032440186,0.0016,0.0049,0.0051,-0.0917,0.0008,0.2769
44.92834806442261,0.0017,0.0062,0.0029,-0.1444,0.0008,0.2093
44.92845797538757,0.0018,0.0063,0.0008,-0.1586,0.0008,0.1179
44.928558111190796,0.0018,0.0056,-0.0012,-0.1654,0.0008,0.0071
44.92865991592407,0.0018,0.004,-0.0031,-0.1392,0.0008,-0.1013
44.92876315116882,0.0018,0.0018,-0.0049,-0.1141,0.0008,-0.2079
44.928866147994995,0.0017,-0.0008,-0.0062,-0.0518,0.0008,-0.2848
44.928964138031006,0.0016,-0.0033,-0.007,0.0228,0.0008,-0.321
44.9290668964386,0.0015,-0.0054,-0.0061,0.128,0.0008,-0.2845
44.92916393280029,0.0014,-0.0066,-0.0029,0.1754,0.0008,-0.1952
44.92926096916199,0.0014,-0.0065,-0.0011,0.1754,0.0008,-0.0931
44.92935395240784,0.0013,-0.0055,0.0006,0.1721,0.0008,0.0199
44.92944693565369,0.0014,-0.0036,0.0038,0.1226,0.0008,0.125
44.929540157318115,0.0014,-0.0013,0.0043,0.0178,0.0008,0.1671
44.92963409423828,0.0014,0.0007,0.0025,-0.0033,0.0008,0.1845
45.05523705482483,0.0015,0.0023,0.0034,0.0026,0.0008,0.2134
45.055387020111084,0.0016,0.0037,0.0039,-0.0915,0.0008,0.1856
45.05548691749573,0.0016,0.0044,0.0004,-0.1294,0.0008,0.1089
45.055580139160156,0.0017,0.0041,-0.0006,-0.1075,0.0008,0.0393
45.05567216873169,0.0017,0.0033,-0.0014,-0.1003,0.0008,-0.0323
45.05576491355896,0.0017,0.002,-0.0025,-0.1094,0.0008,-0.1186
45.055861949920654,0.0016,0.0002,-0.0044,-0.0702,0.0008,-0.1943
45.055952072143555,0.0016,-0.0017,-0.0042,-0.0158,0.0008,-0.2343
45.056037187576294,0.0015,-0.0035,-0.0049,0.0407,0.0008,-0.2443
45.056122064590454,0.0014,-0.0048,-0.0038,0.121,0.0008,-0.1953
45.05620718002319,0.0014,-0.0053,-0.0011,0.1386,0.0008,-0.116
45.05629110336304,0.0013,-0.0048,-0.0001,0.1393,0.0008,-0.0287
45.18129205703735,0.0013,-0.0037,0.0017,0.1199,0.0008,0.0594
45.18145704269409,0.0013,-0.002,0.0024,0.1106,0.0008,0.1474
45.1815710067749,0.0014,0.0,0.0044,0.084,0.0008,0.2341
45.18167304992676,0.0015,0.0023,0.0048,0.0205,0.0008,0.2845
45.18177604675293,0.0015,0.0044,0.0048,-0.0664,0.0008,0.2799
45.18189311027527,0.0016,0.0058,0.0028,-0.1387,0.0008,0.215
45.18200707435608,0.0017,0.0062,0.0007,-0.1558,0.0008,0.1243
45.18210196495056,0.0017,0.0055,-0.0009,-0.1629,0.0008,0.0177
45.1822030544281,0.0018,0.004,-0.003,-0.1373,0.0008,-0.0884
45.182302951812744,0.0017,0.002,-0.0037,-0.1201,0.0008,-0.1903
45.18240308761597,0.0017,-0.0005,-0.0054,-0.0747,0.0008,-0.2768
45.18250107765198,0.0016,-0.003,-0.0068,-0.006,0.0008,-0.3306
45.182602882385254,0.0015,-0.0053,-0.0064,0.1036,0.0008,-0.3123
45.308046102523804,0.0014,-0.0068,-0.0038,0.1684,0.0008,-0.234
45.30819511413574,0.0013,-0.007,-0.0016,0.1816,0.0008,-0.1318
45.30830001831055,0.0012,-0.0062,0.0005,0.1844,0.0008,-0.0125
45.30839014053345,0.0012,-0.0045,0.0026,0.1545,0.0007,0.1041
45.30847787857056,0.0013,-0.0021,0.0041,0.1378,0.0007,0.2219
45.30858016014099,0.0013,0.0007,0.006,0.0805,0.0007,0.3185
45.30866718292236,0.0014,0.0036,0.0075,-0.0189,0.0007,0.3634
45.30875492095947,0.0016,0.0061,0.0063,-0.1481,0.0007,0.3179
45.30884099006653,0.0017,0.0073,0.0028,-0.1953,0.0007,0.2178
45.3089280128479,0.0017,0.0073,0.0009,-0.1862,0.0007,0.1101
45.3090181350708,0.0018,0.0062,-0.0011,-0.1768,0.0008,-0.0067
45.30911111831665,0.0018,0.0042,-0.0038,-0.14,0.0008,-0.1203
45.43453311920166,0.0017,0.0018,-0.0049,-0.0552,0.0008,-0.1886
45.434685945510864,0.0017,-0.0006,-0.0044,-0.0142,0.0008,-0.2284
45.43479919433594,0.0016,-0.0026,-0.0052,0.0418,0.0008,-0.2396
45.434890031814575,0.0015,-0.0042,-0.0039,0.1172,0.0008,-0.1936
45.43499207496643,0.0015,-0.0048,-0.0014,0.1398,0.0008,-0.1157
45.435081005096436,0.0014,-0.0045,0.0001,0.1382,0.0008,-0.0274
45.4351749420166,0.0014,-0.0034,0.0017,0.1215,0.0008,0.0622
45.435266971588135,0.0014,-0.0018,0.0037,0.1048,0.0008,0.156
45.43535900115967,0.0015,0.0003,0.0049,0.0445,0.0008,0.2208
45.43544912338257,0.0016,0.0023,0.0045,0.0029,0.0008,0.2577
45.435539960861206,0.0016,0.0042,0.0051,-0.072,0.0008,0.2511
45.435636043548584,0.0017,0.0054,0.0032,-0.1287,0.0008,0.1956
45.43573594093323,0.0018,0.0057,0.0016,-0.1493,0.0008,0.1154
45.560652017593384,0.0018,0.0051,-0.0001,-0.1596,0.0008,0.0163
45.56079888343811,0.0018,0.0037,-0.003,-0.1294,0.0008,-0.0853
45.560920000076294,0.0018,0.0018,-0.004,-0.0493,0.0008,-0.1434
45.56102395057678,0.0018,-0.0002,-0.0036,-0.0182,0.0008,-0.1797
45.56112504005432,0.0017,-0.0019,-0.0045,0.014,0.0008,-0.2029
45.56122589111328,0.0016,-0.0033,-0.0044,0.0823,0.0008,-0.1822
45.56132411956787,0.0016,-0.0041,-0.0025,0.1258,0.0008,-0.1203
45.561421155929565,0.0015,-0.004,-0.0006,0.1186,0.0008,-0.0497
45.56151509284973,0.0015,-0.0033,0.0004,0.1133,0.0008,0.0254
45.561606884002686,0.0015,-0.0021,0.0023,0.0658,0.0008,0.084
45.56170105934143,0.0015,-0.0006,0.0021,0.0195,0.0008,0.1126
45.56179618835449,0.0016,0.0007,0.0018,0.0089,0.0008,0.1328
45.5618941783905,0.0016,0.0018,0.0025,-0.0286,0.0008,0.1348
45.68629002571106,0.0017,0.0025,0.0012,-0.06,0.0008,0.1075
45.68643879890442,0.0017,0.0028,0.0006,-0.0733,0.0008,0.0677
45.68654417991638,0.0017,0.0026,-0.0006,-0.0779,0.0008,0.0159
45.686641216278076,0.0017,0.002,-0.0011,-0.0737,0.0008,-0.037
45.6867470741272,0.0017,0.001,-0.0021,-0.0801,0.0008,-0.1017
45.68684697151184,0.0017,-0.0003,-0.0035,-0.0445,0.0008,-0.1549
45.686944007873535,0.0016,-0.0017,-0.0031,-0.0131,0.0008,-0.1857
45.68704009056091,0.0016,-0.003,-0.0046,0.0152,0.0008,-0.2096
45.68713402748108,0.0015,-0.0041,-0.0044,0.0944,0.0008,-0.1814
45.68722891807556,0.0015,-0.0047,-0.0021,0.1162,0.0008,-0.1237
45.68732309341431,0.0014,-0.0045,-0.0011,0.1157,0.0008,-0.0588
45.687413930892944,0.0014,-0.0037,0.0001,0.1192,0.0008,0.0177
45.811899185180664,0.0014,-0.0024,0.0026,0.1003,0.0008,0.1003
45.812045097351074,0.0014,-0.0007,0.0034,0.0441,0.0008,0.1535
45.81215000152588,0.0015,0.001,0.0029,0.022,0.0008,0.1904
45.812252044677734,0.0015,0.0026,0.0044,-0.0228,0.0008,0.2096
45.812350034713745,0.0016,0.0038,0.0036,-0.0946,0.0008,0.1781
45.81244707107544,0.0017,0.0044,0.002,-0.1194,0.0008,0.119
45.81254291534424,0.0017,0.0043,0.0009,-0.1204,0.0008,0.0517
45.81263995170593,0.0017,0.0035,-0.0003,-0.1193,0.0008,-0.024
45.81273794174194,0.0017,0.0022,-0.0021,-0.0623,0.0008,-0.077
45.81283497810364,0.0017,0.0008,-0.0015,-0.019,0.0008,-0.0986
45.812934160232544,0.0017,-0.0004,-0.0016,-0.0103,0.0008,-0.1162
45.813029050827026,0.0016,-0.0014,-0.0018,0.0149,0.0008,-0.1193
45.81312608718872,0.0016,-0.0022,-0.0013,0.0354,0.0008,-0.1058
45.94017505645752,0.0015,-0.0025,-0.0012,0.0653,0.0008,-0.0727
45.940314054489136,0.0015,-0.0025,0.0005,0.0835,0.0008,-0.0157
45.94040489196777,0.0015,-0.0019,0.0016,0.0573,0.0008,0.0324
45.94049000740051,0.0015,-0.001,0.0016,0.0595,0.0008,0.0824
45.94058704376221,0.0016,0.0001,0.0031,0.0751,0.0008,0.154
45.94068002700806,0.0016,0.0016,0.0044,0.0267,0.0008,0.2046
45.94076585769653,0.0017,0.0031,0.0037,-0.0054,0.0008,0.2305
45.9408540725708,0.0017,0.0044,0.0038,-0.0603,0.0008,0.2228
45.94094204902649,0.0018,0.0053,0.0024,-0.1113,0.0008,0.1724
45.94102907180786,0.0019,0.0054,0.0007,-0.1326,0.0008,0.0964
45.94111895561218,0.0019,0.0047,-0.0012,-0.1434,0.0008,-0.0008
45.9412100315094,0.0019,0.0033,-0.0027,-0.1199,0.0008,-0.0946
45.94130086898804,0.0019,0.0014,-0.0041,-0.1186,0.0008,-0.1984
46.07583403587341,0.0018,-0.001,-0.006,-0.0715,0.0008,-0.287
46.07598805427551,0.0017,-0.0035,-0.0077,0.0033,0.0008,-0.3409
46.076107025146484,0.0016,-0.0058,-0.0072,0.124,0.0008,-0.3151
46.076210021972656,0.0015,-0.0071,-0.0039,0.1871,0.0008,-0.2255
46.0763099193573,0.0014,-0.0072,-0.0011,0.1801,0.0008,-0.1206
46.076411962509155,0.0014,-0.0062,0.0008,0.172,0.0008,-0.0067
46.07650709152222,0.0014,-0.0044,0.0028,0.146,0.0008,0.1059
46.0766019821167,0.0014,-0.002,0.005,0.1212,0.0008,0.2195
46.07669401168823,0.0015,0.0007,0.0062,0.053,0.0008,0.2995
46.0767879486084,0.0016,0.0034,0.007,-0.0337,0.0008,0.3312
46.076881885528564,0.0017,0.0056,0.0059,-0.1367,0.0008,0.2896
46.07697606086731,0.0018,0.0068,0.0033,-0.1735,0.0008,0.2069
46.077069997787476,0.0019,0.0067,0.0017,-0.1782,0.0008,0.1093
46.20200705528259,0.0019,0.0058,-0.0008,-0.1762,0.0008,-0.0055
46.20215392112732,0.0019,0.004,-0.0024,-0.1448,0.0008,-0.1125
46.20225501060486,0.0019,0.0017,-0.0043,-0.1088,0.0008,-0.2112
46.20234704017639,0.0018,-0.0009,-0.0051,-0.0459,0.0008,-0.2765
46.20244288444519,0.0017,-0.0033,-0.006,0.0384,0.0008,-0.2958
46.20253801345825,0.0016,-0.0052,-0.0045,0.144,0.0008,-0.2371
46.20262813568115,0.0015,-0.0059,-0.0012,0.1761,0.0008,-0.1349
46.202715158462524,0.0015,-0.0055,0.0009,0.1554,0.0008,-0.0309
46.202800035476685,0.0015,-0.0041,0.0027,0.1226,0.0008,0.0662
46.202885150909424,0.0015,-0.0023,0.0035,0.0753,0.0008,0.1396
46.202970027923584,0.0015,-0.0002,0.0038,0.0978,0.0008,0.2309
46.20306205749512,0.0016,0.0021,0.0069,0.0601,0.0008,0.3219
46.203157901763916,0.0017,0.0046,0.0071,-0.0731,0.0008,0.3294
46.21643400192261,0.0018,0.0064,0.0043,-0.1453,0.0008,0.2716
46.34301805496216,0.0019,0.0072,0.0029,-0.1711,0.0008,0.1881
46.3431670665741,0.002,0.0068,0.0008,-0.2102,0.0008,0.0638
46.34327507019043,0.002,0.0054,-0.0029,-0.195,0.0008,-0.0783
46.34337091445923,0.002,0.003,-0.0042,-0.1668,0.0008,-0.213
46.34346604347229,0.0019,0.0,-0.007,-0.1221,0.0008,-0.3405
46.34357190132141,0.0018,-0.0033,-0.0094,-0.0148,0.0008,-0.4186
46.34366703033447,0.0017,-0.0064,-0.009,0.146,0.0008,-0.3917
46.34375810623169,0.0015,-0.0083,-0.0048,0.234,0.0008,-0.2792
46.34385704994202,0.0014,-0.0085,-0.0013,0.223,0.0008,-0.1488
46.34395217895508,0.0014,-0.0074,0.0005,0.2056,0.0008,-0.0159
46.34405493736267,0.0014,-0.0053,0.0038,0.1711,0.0008,0.119
46.34415006637573,0.0014,-0.0026,0.0056,0.0728,0.0008,0.2053
46.34424304962158,0.0015,0.0002,0.0046,0.0177,0.0008,0.2506
46.46840500831604,0.0016,0.0026,0.0052,-0.0287,0.0008,0.2719
46.46855807304382,0.0017,0.0045,0.0047,-0.1091,0.0008,0.239
46.46865725517273,0.0017,0.0054,0.0023,-0.1445,0.0008,0.1671
46.46874213218689,0.0018,0.0054,0.0009,-0.1508,0.0008,0.0807
46.468829870224,0.0018,0.0046,-0.0008,-0.1422,0.0008,-0.0123
46.46892595291138,0.0018,0.0031,-0.0031,-0.1084,0.0008,-0.1014
46.46902298927307,0.0018,0.0012,-0.0037,-0.0362,0.0008,-0.1495
46.46911597251892,0.0017,-0.0006,-0.0034,-0.0024,0.0008,-0.1749
46.46922492980957,0.0017,-0.0021,-0.0043,0.046,0.0008,-0.1762
46.469318866729736,0.0016,-0.0032,-0.003,0.1092,0.0008,-0.1278
46.46941113471985,0.0016,-0.0035,-0.0008,0.1218,0.0008,-0.0557
46.46950912475586,0.0016,-0.003,0.0002,0.1135,0.0008,0.0183
46.4695999622345,0.0016,-0.0019,0.002,0.0797,0.0008,0.0842
46.606281995773315,0.0016,-0.0005,0.0022,0.034,0.0008,0.1229
46.60640621185303,0.0016,0.0008,0.0025,0.0187,0.0008,0.1544
46.606497049331665,0.0017,0.0021,0.0035,-0.0215,0.0008,0.1679
46.60658621788025,0.0017,0.0031,0.0025,-0.0703,0.0008,0.1435
46.606672048568726,0.0018,0.0036,0.0014,-0.1002,0.0008,0.0923
46.60675811767578,0.0018,0.0034,0.0004,-0.1113,0.0008,0.0268
46.606847047805786,0.0018,0.0026,-0.0016,-0.1052,0.0008,-0.0494
46.60693597793579,0.0018,0.0014,-0.0031,-0.053,0.0008,-0.1035
46.607028007507324,0.0018,-0.0001,-0.0027,-0.0218,0.0008,-0.136
46.607118129730225,0.0017,-0.0014,-0.0029,-0.0136,0.0008,-0.1654
46.60722208023071,0.0017,-0.0026,-0.0032,0.0236,0.0008,-0.1734
46.60734796524048,0.0016,-0.0035,-0.0028,0.0762,0.0008,-0.1453
46.60744905471802,0.0016,-0.0039,-0.0012,0.1037,0.0008,-0.0883
46.69975399971008,0.0015,-0.0036,0.0005,0.096,0.0008,-0.0236
46.699899196624756,0.0015,-0.0027,0.001,0.0887,0.0008,0.0398
46.70000410079956,0.0015,-0.0015,0.0028,0.0908,0.0008,0.1185
46.70010280609131,0.0016,0.0001,0.0038,0.0384,0.0008,0.1716
46.700194120407104,0.0016,0.0017,0.0034,0.0125,0.0008,0.2061
46.70029807090759,0.0017,0.0032,0.0044,-0.0312,0.0008,0.2206
46.70039081573486,0.0018,0.0044,0.0031,-0.0987,0.0008,0.1829
46.700483083724976,0.0018,0.0049,0.0015,-0.1215,0.0008,0.1196
46.70057392120361,0.0019,0.0046,0.0004,-0.1273,0.0008,0.0445
46.70066785812378,0.0019,0.0036,-0.002,-0.1115,0.0008,-0.0383
46.79113292694092,0.0019,0.0022,-0.0025,-0.066,0.0008,-0.0962
46.791281938552856,0.0019,0.0006,-0.0023,-0.0908,0.0008,-0.1695
46.79138994216919,0.0018,-0.0012,-0.0048,-0.0852,0.0008,-0.2584
46.791486978530884,0.0017,-0.0034,-0.0069,0.0057,0.0008,-0.3051
46.79157900810242,0.0016,-0.0053,-0.0059,0.1182,0.0008,-0.2735
46.79168701171875,0.0015,-0.0064,-0.0034,0.1705,0.0008,-0.1905
46.79177904129028,0.0015,-0.0063,-0.0008,0.1712,0.0008,-0.0888
46.79186701774597,0.0014,-0.0053,0.0015,0.1513,0.0008,0.0174
46.79195594787598,0.0014,-0.0035,0.0024,0.1246,0.0008,0.114
46.884289026260376,0.0015,-0.0014,0.0045,0.1034,0.0008,0.2128
46.8845009803772,0.0015,0.0011,0.0056,0.0418,0.0008,0.2814
46.88459897041321,0.0016,0.0035,0.0064,-0.0346,0.0008,0.3082
46.88470697402954,0.0017,0.0055,0.0053,-0.1207,0.0008,0.2729
46.88482093811035,0.0018,0.0065,0.0034,-0.1603,0.0008,0.1993
46.88491606712341,0.0019,0.0065,0.0019,-0.1818,0.0008,0.101
46.885021924972534,0.0019,0.0055,-0.0,-0.1842,0.0008,-0.0134
46.88512897491455,0.0019,0.0037,-0.0024,-0.137,0.0008,-0.1157
46.88522911071777,0.0019,0.0015,-0.0023,-0.1237,0.0008,-0.2101
46.97696614265442,0.0018,-0.001,-0.0047,-0.113,0.0008,-0.3163
46.977128982543945,0.0017,-0.0038,-0.0078,0.0012,0.0008,-0.3729
46.97724008560181,0.0016,-0.0063,-0.0069,0.1604,0.0008,-0.3213
46.977330923080444,0.0015,-0.0075,-0.0027,0.222,0.0008,-0.2012
46.97743201255798,0.0014,-0.0072,0.0004,0.1957,0.0008,-0.0758
46.97751808166504,0.0014,-0.0058,0.0024,0.1613,0.0008,0.043
46.97760009765625,0.0014,-0.0036,0.0034,0.1406,0.0008,0.1565
46.9776828289032,0.0015,-0.001,0.0057,0.0971,0.0008,0.2602
46.97776412963867,0.0015,0.0018,0.006,0.025,0.0008,0.3216
47.070725202560425,0.0016,0.0044,0.0063,-0.0643,0.0008,0.3294
47.07091307640076,0.0018,0.0063,0.0048,-0.1394,0.0008,0.2791
47.0710289478302,0.0018,0.0071,0.0029,-0.1861,0.0008,0.1854
47.071122884750366,0.0019,0.0068,0.0005,-0.2158,0.0008,0.0553
47.07121396064758,0.0019,0.0053,-0.0018,-0.2012,0.0008,-0.0832
47.07130694389343,0.0019,0.0029,-0.0049,-0.1534,0.0008,-0.214
47.0714008808136,0.0018,-0.0001,-0.0064,-0.0585,0.0008,-0.2962
47.07149004936218,0.0017,-0.0029,-0.0071,0.0337,0.0008,-0.3258
47.07157921791077,0.0016,-0.0052,-0.0063,0.1443,0.0008,-0.2796
47.07167315483093,0.0015,-0.0064,-0.003,0.2009,0.0008,-0.1744
47.164072036743164,0.0015,-0.0062,0.0002,0.1789,0.0008,-0.0605
47.164222955703735,0.0015,-0.0049,0.0015,0.1512,0.0008,0.046
47.164329051971436,0.0015,-0.003,0.0042,0.0872,0.0008,0.1317
47.16442608833313,0.0015,-0.0008,0.0039,0.01,0.0008,0.1665
47.1645188331604,0.0016,0.0011,0.0029,0.0028,0.0008,0.1909
47.16462421417236,0.0016,0.0026,0.0046,-0.0204,0.0008,0.2136
47.16472005844116,0.0017,0.0039,0.0042,-0.1042,0.0008,0.1802
47.1648108959198,0.0018,0.0045,0.002,-0.1309,0.0008,0.1142
47.164902210235596,0.0018,0.0043,0.0005,-0.1326,0.0008,0.0361
47.25719904899597,0.0018,0.0033,-0.0009,-0.1211,0.0008,-0.0454
47.25733995437622,0.0018,0.0019,-0.003,-0.1121,0.0008,-0.137
47.25743889808655,0.0018,-0.0,-0.0043,-0.0549,0.0008,-0.2024
47.257530212402344,0.0017,-0.002,-0.0041,-0.013,0.0008,-0.2401
47.25762414932251,0.0016,-0.0037,-0.0044,0.0565,0.0008,-0.2364
47.257718086242676,0.0015,-0.0049,-0.0025,0.1292,0.0008,-0.1727
47.257806062698364,0.0015,-0.0051,-0.0,0.1417,0.0008,-0.0837
47.25789403915405,0.0014,-0.0044,0.002,0.1304,0.0008,0.0129
47.257976055145264,0.0015,-0.003,0.0031,0.0927,0.0008,0.0943
47.34842801094055,0.0015,-0.0012,0.0037,0.102,0.0008,0.187
47.348552942276,0.0015,0.001,0.0061,0.0658,0.0008,0.2746
47.348660945892334,0.0016,0.0034,0.0074,-0.0143,0.0008,0.3218
47.34876203536987,0.0017,0.0055,0.0065,-0.1013,0.0008,0.3078
47.34885811805725,0.0018,0.0069,0.005,-0.1612,0.0008,0.2449
47.3489511013031,0.0019,0.0072,0.003,-0.2078,0.0008,0.1382
47.34905290603638,0.002,0.0064,0.0003,-0.2273,0.0008,-0.0011
47.34915089607239,0.002,0.0045,-0.0024,-0.1962,0.0008,-0.1407
47.34925103187561,0.0019,0.0017,-0.0046,-0.1692,0.0008,-0.2809
47.34935021400452,0.0018,-0.0015,-0.0072,-0.089,0.0008,-0.3894
47.440171003341675,0.0017,-0.0049,-0.0092,0.0579,0.0008,-0.4202
47.44032001495361,0.0016,-0.0075,-0.0072,0.2164,0.0008,-0.3354
47.440423011779785,0.0015,-0.0085,-0.0021,0.2691,0.0008,-0.1807
47.440510988235474,0.0014,-0.0077,0.0012,0.2211,0.0008,-0.0334
47.44060206413269,0.0014,-0.0057,0.0024,0.1714,0.0008,0.0916
47.44068717956543,0.0014,-0.0031,0.0043,0.1483,0.0008,0.217
47.44077205657959,0.0015,-0.0001,0.0061,0.0684,0.0008,0.3059
47.440855979919434,0.0016,0.0029,0.0064,-0.0268,0.0008,0.3377
47.44093990325928,0.0017,0.0053,0.0054,-0.1234,0.0008,0.3015
47.53698205947876,0.0018,0.0067,0.0031,-0.1723,0.0008,0.2182
47.53712296485901,0.0019,0.0068,0.001,-0.1979,0.0008,0.1031
47.537245988845825,0.0019,0.0058,-0.0018,-0.1987,0.0008,-0.0335
47.53734087944031,0.0019,0.0037,-0.004,-0.1759,0.0008,-0.172
47.53745102882385,0.0018,0.0009,-0.0066,-0.1094,0.0008,-0.2878
47.53754496574402,0.0017,-0.0022,-0.0071,-0.0269,0.0008,-0.356
47.53764986991882,0.0016,-0.005,-0.0076,0.1005,0.0008,-0.3479
47.53774094581604,0.0015,-0.0069,-0.0048,0.2144,0.0008,-0.2471
47.537830114364624,0.0014,-0.0072,-0.0004,0.2254,0.0008,-0.1084
47.62884712219238,0.0014,-0.0061,0.0019,0.1823,0.0008,0.0203
47.62899088859558,0.0014,-0.0041,0.0029,0.16,0.0008,0.1427
47.62909197807312,0.0014,-0.0015,0.0058,0.1261,0.0008,0.2656
47.62920022010803,0.0015,0.0016,0.0066,0.0466,0.0008,0.3451
47.629307985305786,0.0016,0.0045,0.0071,-0.0491,0.0008,0.3682
47.62939810752869,0.0018,0.0067,0.0056,-0.1377,0.0008,0.325
47.62948703765869,0.0019,0.0079,0.0037,-0.1958,0.0008,0.2311
47.62957501411438,0.0019,0.0078,0.0012,-0.2339,0.0008,0.0951
47.6296660900116,0.002,0.0064,-0.0019,-0.238,0.0008,-0.0672
47.629756927490234,0.0019,0.0038,-0.0054,-0.1932,0.0008,-0.2269
47.72038507461548,0.0019,0.0004,-0.008,-0.089,0.0008,-0.3398
47.72054100036621,0.0018,-0.003,-0.0092,0.0191,0.0008,-0.3939
47.72064781188965,0.0016,-0.0059,-0.0085,0.1695,0.0008,-0.3481
47.72074604034424,0.0015,-0.0076,-0.0042,0.2663,0.0008,-0.2102
47.72084403038025,0.0015,-0.0073,0.0005,0.2399,0.0008,-0.0552
47.720937967300415,0.0014,-0.0057,0.0022,0.1792,0.0008,0.0732
47.72102904319763,0.0015,-0.0033,0.0045,0.1217,0.0008,0.1827
47.721121072769165,0.0015,-0.0005,0.0054,0.0377,0.0008,0.2461
47.721211194992065,0.0016,0.002,0.0046,-0.0054,0.0008,0.2777
47.81049108505249,0.0017,0.0041,0.005,-0.0745,0.0008,0.2693
47.81062698364258,0.0018,0.0055,0.0033,-0.1571,0.0008,0.1962
47.81072521209717,0.0018,0.0058,0.0007,-0.186,0.0008,0.0863
47.81082105636597,0.0019,0.0049,-0.0015,-0.1827,0.0008,-0.0379
47.810917139053345,0.0019,0.0031,-0.0044,-0.1561,0.0008,-0.1673
47.81101107597351,0.0018,0.0005,-0.0064,-0.0717,0.0008,-0.2582
47.81111192703247,0.0017,-0.0022,-0.0074,-0.0023,0.0008,-0.3129
47.81120681762695,0.0016,-0.0046,-0.0077,0.1017,0.0008,-0.3044
47.81130290031433,0.0015,-0.0062,-0.0052,0.1948,0.0008,-0.219
47.90237998962402,0.0014,-0.0065,-0.0016,0.2013,0.0008,-0.1037
47.90253305435181,0.0014,-0.0055,0.0002,0.1619,0.0008,0.0
47.90264701843262,0.0014,-0.0039,0.0022,0.1267,0.0008,0.0962
47.902748823165894,0.0014,-0.0018,0.0034,0.0595,0.0008,0.1588
47.90285110473633,0.0015,0.0003,0.0032,0.0194,0.0008,0.1958
47.90295100212097,0.0016,0.0021,0.004,-0.0239,0.0008,0.2113
47.903053998947144,0.0016,0.0035,0.0034,-0.0892,0.0008,0.1814
47.90317106246948,0.0017,0.0043,0.0019,-0.1231,0.0008,0.1192
47.90328907966614,0.0017,0.0041,0.0003,-0.1287,0.0008,0.0419
47.99539804458618,0.0017,0.0033,-0.0014,-0.1209,0.0008,-0.0432
47.99554991722107,0.0017,0.0019,-0.0032,-0.0537,0.0008,-0.0983
47.99565005302429,0.0017,0.0004,-0.0028,-0.0034,0.0008,-0.1189
47.99574613571167,0.0017,-0.0009,-0.0025,0.0052,0.0008,-0.133
47.99586510658264,0.0016,-0.0019,-0.0027,0.0274,0.0008,-0.1347
47.99596118927002,0.0016,-0.0027,-0.0026,0.0714,0.0008,-0.1075
47.996052980422974,0.0015,-0.0029,-0.0007,0.1067,0.0008,-0.0445
47.996145248413086,0.0015,-0.0025,0.0008,0.0919,0.0008,0.0201
47.996232986450195,0.0015,-0.0015,0.0016,0.0871,0.0008,0.088
48.08861804008484,0.0016,-0.0002,0.0032,0.0626,0.0008,0.1525
48.08878207206726,0.0016,0.0013,0.0032,0.0271,0.0008,0.1949
48.08888292312622,0.0017,0.0028,0.0047,0.0005,0.0008,0.2319
48.08897614479065,0.0017,0.0042,0.0049,-0.0772,0.0008,0.2213
48.08906388282776,0.0018,0.0051,0.0033,-0.1245,0.0008,0.169
48.089163064956665,0.0019,0.0052,0.0019,-0.1519,0.0008,0.0889
48.08926796913147,0.0019,0.0045,-0.0006,-0.1561,0.0008,-0.012
48.089361906051636,0.0019,0.0031,-0.0019,-0.1465,0.0008,-0.1171
48.089476108551025,0.0019,0.001,-0.0045,-0.1156,0.0008,-0.2221
48.08957314491272,0.0018,-0.0015,-0.0054,-0.0492,0.0008,-0.2924
48.18204212188721,0.0017,-0.0039,-0.0067,0.0418,0.0008,-0.3151
48.18219804763794,0.0016,-0.0058,-0.0053,0.1578,0.0008,-0.2537
48.18231391906738,0.0015,-0.0065,-0.0019,0.1964,0.0008,-0.1433
48.18241095542908,0.0015,-0.006,0.0004,0.1696,0.0008,-0.0334
48.1825110912323,0.0014,-0.0045,0.0013,0.1335,0.0008,0.0602
48.182608127593994,0.0015,-0.0026,0.0033,0.1168,0.0008,0.1583
48.182701110839844,0.0015,-0.0003,0.0047,0.0471,0.0008,0.2232
48.182801961898804,0.0016,0.002,0.0045,0.0025,0.0008,0.2595
48.18289399147034,0.0017,0.0039,0.0052,-0.0662,0.0008,0.2575
48.27420425415039,0.0018,0.0053,0.0039,-0.1303,0.0008,0.2058
48.27434587478638,0.0018,0.0057,0.002,-0.1613,0.0008,0.121
48.27445697784424,0.0019,0.0052,0.0001,-0.1733,0.0008,0.0141
48.27454686164856,0.0019,0.0038,-0.0025,-0.1462,0.0008,-0.0944
48.27465295791626,0.0018,0.0017,-0.0031,-0.1334,0.0008,-0.2006
48.27474617958069,0.0018,-0.0008,-0.0055,-0.1041,0.0008,-0.3063
48.274837017059326,0.0017,-0.0035,-0.0077,-0.0101,0.0008,-0.3689
48.274924993515015,0.0016,-0.0061,-0.0078,0.1388,0.0008,-0.3376
48.2750141620636,0.0014,-0.0075,-0.004,0.2207,0.0008,-0.2276
48.3654682636261,0.0014,-0.0075,-0.0003,0.2044,0.0008,-0.1015
48.36560606956482,0.0013,-0.0062,0.0016,0.1707,0.0008,0.0169
48.365713119506836,0.0013,-0.0042,0.0033,0.1592,0.0008,0.1412
48.36580991744995,0.0014,-0.0016,0.0058,0.0974,0.0008,0.2456
48.36590099334717,0.0015,0.0013,0.0058,0.0358,0.0008,0.312
48.365991830825806,0.0016,0.004,0.0066,-0.0331,0.0008,0.3413
48.366090059280396,0.0017,0.0061,0.0054,-0.1254,0.0008,0.3037
48.36618208885193,0.0018,0.0072,0.0032,-0.1758,0.0008,0.2191
48.366272926330566,0.0019,0.0072,0.0012,-0.2114,0.0008,0.0967
48.457521200180054,0.0019,0.006,-0.0014,-0.2123,0.0008,-0.0452
48.457674980163574,0.0019,0.0037,-0.0043,-0.1506,0.0008,-0.1695
48.45776987075806,0.0018,0.001,-0.004,-0.1251,0.0008,-0.2774
48.45786809921265,0.0017,-0.002,-0.007,-0.1015,0.0008,-0.3933
48.45796084403992,0.0016,-0.0053,-0.0093,0.077,0.0008,-0.4126
48.4580500125885,0.0015,-0.0077,-0.0059,0.2439,0.0008,-0.3009
48.45813608169556,0.0014,-0.0083,-0.0003,0.268,0.0008,-0.1345
48.45822095870972,0.0013,-0.0071,0.0023,0.215,0.0008,0.0175
48.45830512046814,0.0013,-0.0048,0.0047,0.1661,0.0008,0.1563
48.54917097091675,0.0014,-0.0019,0.0063,0.0841,0.0008,0.2557
48.549314975738525,0.0015,0.0012,0.0072,0.0238,0.0008,0.3244
48.549424171447754,0.0016,0.004,0.0075,-0.0617,0.0008,0.3417
48.549521923065186,0.0017,0.0061,0.0061,-0.1542,0.0008,0.2907
48.5496129989624,0.0018,0.0071,0.0037,-0.2113,0.0008,0.1862
48.54970908164978,0.0018,0.0068,0.0009,-0.2402,0.0008,0.043
48.549806118011475,0.0018,0.0052,-0.0036,-0.2196,0.0008,-0.1203
48.54990196228027,0.0018,0.0025,-0.0052,-0.1293,0.0008,-0.2386
48.54999899864197,0.0017,-0.0006,-0.0055,-0.1351,0.0008,-0.3642
48.55009603500366,0.0016,-0.004,-0.01,-0.0394,0.0008,-0.4627
48.64054012298584,0.0015,-0.0073,-0.0092,0.1813,0.0008,-0.4148
48.64067816734314,0.0013,-0.0092,-0.0042,0.3056,0.0008,-0.2526
48.640774965286255,0.0012,-0.0089,0.0012,0.2782,0.0008,-0.069
48.64085912704468,0.0012,-0.0069,0.0031,0.2,0.0008,0.0791
48.64096689224243,0.0012,-0.004,0.005,0.1402,0.0008,0.2037
48.641056060791016,0.0013,-0.0008,0.0063,0.0449,0.0008,0.278
48.641144037246704,0.0014,0.0021,0.0054,-0.0107,0.0008,0.3124
48.64123010635376,0.0015,0.0045,0.0057,-0.0896,0.0008,0.299
48.641318798065186,0.0016,0.0061,0.0038,-0.178,0.0008,0.2165
48.73341417312622,0.0017,0.0064,0.0009,-0.2144,0.0008,0.0894
48.733566999435425,0.0017,0.0053,-0.002,-0.2124,0.0008,-0.0578
48.7336790561676,0.0017,0.0032,-0.0048,-0.1883,0.0008,-0.2104
48.73377990722656,0.0016,0.0002,-0.0078,-0.1091,0.0008,-0.3354
48.73387908935547,0.0015,-0.0032,-0.0091,-0.0071,0.0008,-0.4063
48.73397612571716,0.0014,-0.0062,-0.0093,0.1448,0.0008,-0.3823
48.73407316207886,0.0012,-0.008,-0.0056,0.2628,0.0008,-0.2567
48.734172105789185,0.0012,-0.0081,-0.0003,0.2517,0.0008,-0.1002
48.73426294326782,0.0011,-0.0067,0.0021,0.1844,0.0008,0.0301
48.8227698802948,0.0011,-0.0044,0.0028,0.1674,0.0008,0.1564
48.82288312911987,0.0012,-0.0015,0.0059,0.1227,0.0008,0.2775
48.8229820728302,0.0013,0.0016,0.0062,0.0356,0.0008,0.3471
48.82307505607605,0.0014,0.0045,0.0063,-0.0608,0.0008,0.3566
48.823166847229004,0.0015,0.0066,0.0047,-0.1436,0.0008,0.3029
48.823256969451904,0.0016,0.0076,0.0026,-0.1961,0.0008,0.2005
48.82334804534912,0.0017,0.0073,0.0001,-0.2277,0.0008,0.0597
48.82344698905945,0.0017,0.0057,-0.0039,-0.2122,0.0008,-0.1007
48.823543071746826,0.0017,0.003,-0.0055,-0.1523,0.0008,-0.2355
48.912540912628174,0.0016,-0.0002,-0.0077,-0.125,0.0008,-0.3702
48.91269397735596,0.0015,-0.0038,-0.0108,-0.0029,0.0008,-0.4509
48.912797927856445,0.0013,-0.007,-0.0098,0.1933,0.0008,-0.3997
48.91289496421814,0.0012,-0.0088,-0.0047,0.2968,0.0008,-0.2465
48.91298985481262,0.0011,-0.0086,0.0,0.2614,0.0008,-0.0821
48.913094997406006,0.0011,-0.0068,0.0018,0.2089,0.0007,0.062
48.9131920337677,0.0011,-0.0042,0.0045,0.1643,0.0007,0.1983
48.913294076919556,0.0012,-0.001,0.0061,0.0649,0.0007,0.2839
48.913387060165405,0.0013,0.0021,0.0054,-0.0025,0.0007,0.3231
49.003145933151245,0.0014,0.0046,0.0057,-0.0737,0.0007,0.3199
49.0033221244812,0.0015,0.0063,0.0039,-0.1511,0.0007,0.2556
49.003427028656006,0.0016,0.0069,0.0016,-0.1923,0.0007,0.1484
49.00353002548218,0.0016,0.0063,-0.0008,-0.2092,0.0007,0.013
49.0036301612854,0.0016,0.0045,-0.0047,-0.1683,0.0007,-0.1252
49.00373411178589,0.0016,0.002,-0.0053,-0.0882,0.0007,-0.2177
49.00383400917053,0.0015,-0.0008,-0.0051,-0.1118,0.0007,-0.3263
49.00393295288086,0.0014,-0.0037,-0.0099,-0.0427,0.0007,-0.4263
49.00402784347534,0.0012,-0.0068,-0.0098,0.1728,0.0007,-0.3881
49.093929052352905,0.0011,-0.0085,-0.0045,0.2856,0.0007,-0.2402
49.094077825546265,0.001,-0.0083,0.0008,0.249,0.0007,-0.0781
49.09418296813965,0.001,-0.0066,0.0029,0.1928,0.0007,0.0637
49.09428310394287,0.001,-0.004,0.0041,0.1601,0.0007,0.1945
49.09437799453735,0.0011,-0.0009,0.0066,0.1447,0.0007,0.3357
49.09447503089905,0.0012,0.0027,0.0098,0.0421,0.0007,0.4355
49.09457612037659,0.0014,0.0061,0.0093,-0.1027,0.0007,0.4404
49.09467101097107,0.0015,0.0086,0.0074,-0.1909,0.0007,0.3763
49.09477496147156,0.0016,0.0097,0.0054,-0.2652,0.0007,0.2512
49.18405103683472,0.0017,0.0092,0.0018,-0.3242,0.0007,0.0617
49.18420100212097,0.0017,0.0071,-0.0039,-0.286,0.0007,-0.1455
49.18431091308594,0.0017,0.0035,-0.0061,-0.2001,0.0007,-0.315
49.184412240982056,0.0016,-0.0006,-0.0084,-0.14,0.0007,-0.4649
49.18451189994812,0.0014,-0.005,-0.0114,0.0296,0.0007,-0.5297
49.18461203575134,0.0012,-0.0086,-0.0095,0.2377,0.0007,-0.4488
49.184707164764404,0.0011,-0.0104,-0.0042,0.3586,0.0007,-0.253
49.18480205535889,0.001,-0.0098,0.0022,0.3142,0.0007,-0.0397
49.184892892837524,0.001,-0.0072,0.0045,0.2163,0.0007,0.1281
49.27435803413391,0.001,-0.0038,0.0058,0.1674,0.0007,0.2758
49.274505853652954,0.0011,0.0,0.0082,0.0807,0.0007,0.3877
49.27461099624634,0.0013,0.0038,0.0093,-0.0543,0.0007,0.4228
49.27470517158508,0.0014,0.0068,0.0075,-0.1572,0.0007,0.38
49.27479696273804,0.0015,0.0085,0.0055,-0.2257,0.0007,0.2798
49.27489614486694,0.0016,0.0086,0.0028,-0.2881,0.0007,0.1203
49.274991035461426,0.0017,0.0072,-0.0015,-0.3003,0.0007,-0.0785
49.275087118148804,0.0016,0.0043,-0.0066,-0.2286,0.0007,-0.2696
49.27518105506897,0.0015,0.0004,-0.0087,-0.091,0.0007,-0.3896
49.359763860702515,0.0014,-0.0035,-0.0094,0.0292,0.0007,-0.4396
49.35989594459534,0.0013,-0.0068,-0.0093,0.1853,0.0007,-0.3901
49.35999798774719,0.0011,-0.0085,-0.0052,0.3051,0.0007,-0.2351
49.36009216308594,0.0011,-0.0083,0.0009,0.2731,0.0007,-0.0567
49.36018395423889,0.001,-0.0063,0.0031,0.1877,0.0007,0.0836
49.36028003692627,0.0011,-0.0036,0.0036,0.139,0.0007,0.1974
49.360373973846436,0.0011,-0.0006,0.0052,0.1435,0.0007,0.3281
49.360466957092285,0.0012,0.0028,0.0088,0.0427,0.0007,0.4217
49.360560178756714,0.0014,0.0061,0.0079,-0.1106,0.0007,0.4115
49.45364308357239,0.0015,0.0082,0.0057,-0.1822,0.0007,0.341
49.453778982162476,0.0016,0.0091,0.0038,-0.2386,0.0007,0.221
49.45388102531433,0.0017,0.0085,0.0007,-0.2951,0.0007,0.0423
49.45397901535034,0.0017,0.0064,-0.0036,-0.272,0.0007,-0.1538
49.454078912734985,0.0017,0.003,-0.0071,-0.1735,0.0007,-0.3137
49.45419120788574,0.0016,-0.001,-0.0078,-0.0618,0.0007,-0.4091
49.45428800582886,0.0014,-0.0047,-0.0085,0.0711,0.0007,-0.4263
49.45438313484192,0.0013,-0.0074,-0.0069,0.2332,0.0007,-0.3285
49.45448112487793,0.0012,-0.0084,-0.0013,0.3122,0.0007,-0.1409
49.54416513442993,0.0011,-0.0073,0.0035,0.2369,0.0007,0.0336
49.54429888725281,0.0011,-0.0048,0.0047,0.1695,0.0007,0.1745
49.544402837753296,0.0012,-0.0016,0.0066,0.1036,0.0007,0.2885
49.544501066207886,0.0013,0.0017,0.0084,0.0279,0.0007,0.3685
49.544593811035156,0.0014,0.0048,0.0083,-0.0762,0.0007,0.383
49.54468607902527,0.0015,0.0071,0.0067,-0.1748,0.0007,0.3239
49.54478216171265,0.0016,0.0081,0.0045,-0.2481,0.0007,0.2025
49.54487490653992,0.0017,0.0076,0.001,-0.2848,0.0007,0.0319
49.54496884346008,0.0017,0.0057,-0.0037,-0.2541,0.0007,-0.154
49.63559818267822,0.0017,0.0025,-0.0073,-0.1345,0.0007,-0.2908
49.63574290275574,0.0016,-0.0011,-0.0074,-0.033,0.0007,-0.3651
49.635849952697754,0.0015,-0.0043,-0.0084,0.076,0.0007,-0.3776
49.635947942733765,0.0013,-0.0067,-0.0071,0.2196,0.0007,-0.29
49.636054039001465,0.0012,-0.0075,-0.002,0.2839,0.0007,-0.1249
49.63615417480469,0.0012,-0.0065,0.0024,0.2193,0.0007,0.0309
49.63624596595764,0.0012,-0.0042,0.0033,0.1293,0.0007,0.1362
49.63633704185486,0.0013,-0.0016,0.003,0.1352,0.0007,0.2446
49.63642692565918,0.0013,0.0012,0.0069,0.0989,0.0007,0.3595
49.72974514961243,0.0015,0.0044,0.0082,-0.0463,0.0007,0.3923
49.72988700866699,0.0016,0.0069,0.0054,-0.1534,0.0007,0.3376
49.72999811172485,0.0017,0.0081,0.0038,-0.2078,0.0007,0.2366
49.73010516166687,0.0018,0.008,0.0012,-0.26,0.0007,0.0838
49.730210065841675,0.0018,0.0064,-0.0032,-0.254,0.0007,-0.0982
49.73031306266785,0.0018,0.0035,-0.006,-0.1995,0.0007,-0.2665
49.730417251586914,0.0017,-0.0001,-0.0087,-0.1248,0.0007,-0.4087
49.73051595687866,0.0015,-0.0041,-0.0107,0.0141,0.0007,-0.478
49.730616092681885,0.0014,-0.0075,-0.0097,0.1981,0.0007,-0.423
49.730714082717896,0.0013,-0.0094,-0.0052,0.3185,0.0007,-0.2596
49.82547307014465,0.0012,-0.0091,0.0007,0.2865,0.0007,-0.0747
49.825599908828735,0.0011,-0.0071,0.0025,0.2086,0.0007,0.0744
49.8256950378418,0.0012,-0.0042,0.0041,0.1683,0.0007,0.2109
49.82578086853027,0.0012,-0.0009,0.0064,0.0898,0.0007,0.3148
49.82586908340454,0.0013,0.0024,0.0072,-0.0092,0.0007,0.363
49.82595992088318,0.0015,0.0052,0.0064,-0.109,0.0007,0.3426
49.82604384422302,0.0016,0.007,0.0045,-0.1683,0.0007,0.2713
49.82613492012024,0.0017,0.0076,0.0026,-0.2169,0.0007,0.1557
49.82622003555298,0.0017,0.0068,-0.0001,-0.239,0.0007,0.0062
49.917176961898804,0.0017,0.0048,-0.0028,-0.2131,0.0007,-0.1475
49.917335987091064,0.0017,0.0019,-0.006,-0.1449,0.0007,-0.2814
49.91745400428772,0.0016,-0.0014,-0.0067,-0.0469,0.0007,-0.3599
49.91756319999695,0.0015,-0.0045,-0.0073,0.0795,0.0007,-0.3624
49.917665004730225,0.0013,-0.0067,-0.005,0.22,0.0007,-0.2593
49.917762994766235,0.0013,-0.0072,-0.0002,0.2643,0.0007,-0.0939
49.91785383224487,0.0012,-0.006,0.0037,0.2036,0.0007,0.0611
49.917946100234985,0.0012,-0.0036,0.004,0.1384,0.0007,0.1776
49.91803789138794,0.0013,-0.0008,0.0056,0.1477,0.0007,0.314
50.00995397567749,0.0014,0.0025,0.0092,0.0595,0.0007,0.4211
50.01012992858887,0.0015,0.0059,0.0084,-0.0869,0.0007,0.43
50.0102379322052,0.0017,0.0083,0.0064,-0.1812,0.0007,0.3655
50.01034498214722,0.0018,0.0094,0.0045,-0.2655,0.0007,0.2336
50.01043891906738,0.0019,0.0088,0.0007,-0.3281,0.0007,0.0339
50.01053214073181,0.0019,0.0065,-0.0044,-0.2863,0.0007,-0.1773
50.01063013076782,0.0018,0.0028,-0.0077,-0.177,0.0007,-0.3435
50.0107262134552,0.0017,-0.0014,-0.0087,-0.0665,0.0007,-0.4483
50.01085305213928,0.0016,-0.0053,-0.0101,0.0837,0.0007,-0.4688
50.01096796989441,0.0014,-0.0083,-0.0086,0.2591,0.0007,-0.3675
50.10601496696472,0.0013,-0.0094,-0.0029,0.347,0.0007,-0.1693
50.10617184638977,0.0012,-0.0082,0.0032,0.2667,0.0007,0.0217
50.10629916191101,0.0012,-0.0055,0.0043,0.1791,0.0007,0.1652
50.1064031124115,0.0013,-0.0023,0.0059,0.1132,0.0007,0.2796
50.10650110244751,0.0014,0.0011,0.0076,0.039,0.0007,0.3612
50.10660195350647,0.0015,0.0043,0.0076,-0.0666,0.0007,0.3766
50.10669684410095,0.0016,0.0067,0.006,-0.1671,0.0007,0.3171
50.10679078102112,0.0017,0.0078,0.0036,-0.2397,0.0007,0.1944
50.10688400268555,0.0018,0.0073,0.0003,-0.2795,0.0007,0.0222
50.201215982437134,0.0018,0.0054,-0.0035,-0.2483,0.0007,-0.1589
50.201390981674194,0.0018,0.0022,-0.007,-0.1643,0.0007,-0.3127
50.20150399208069,0.0017,-0.0015,-0.0076,-0.0627,0.0007,-0.4079
50.20160889625549,0.0015,-0.005,-0.0084,0.0752,0.0007,-0.4214
50.201712131500244,0.0014,-0.0076,-0.0066,0.2375,0.0007,-0.3192
50.201815128326416,0.0013,-0.0085,-0.0013,0.3072,0.0007,-0.1347
50.20191216468811,0.0012,-0.0072,0.0039,0.2283,0.0007,0.037
50.20200800895691,0.0012,-0.0047,0.0042,0.1688,0.0007,0.1742
50.20210409164429,0.0013,-0.0016,0.0064,0.1247,0.0007,0.3006
50.20219898223877,0.0014,0.0018,0.0083,0.0369,0.0007,0.386
50.29595994949341,0.0015,0.005,0.0078,-0.0741,0.0007,0.3985
50.29611110687256,0.0017,0.0074,0.0063,-0.1716,0.0007,0.339
50.2962110042572,0.0018,0.0085,0.0042,-0.2544,0.0007,0.2112
50.296305894851685,0.0018,0.008,0.0007,-0.2972,0.0007,0.0305
50.296403884887695,0.0018,0.0059,-0.0048,-0.2467,0.0007,-0.1585
50.296507835388184,0.0018,0.0026,-0.0066,-0.1416,0.0007,-0.2942
50.2966251373291,0.0017,-0.0011,-0.0071,-0.1375,0.0007,-0.4335
50.29673385620117,0.0016,-0.005,-0.0121,0.0067,0.0007,-0.5179
50.296830892562866,0.0014,-0.0085,-0.0108,0.2318,0.0007,-0.45
50.38875603675842,0.0012,-0.0104,-0.006,0.3545,0.0007,-0.2694
50.38892221450806,0.0012,-0.0099,0.0009,0.3188,0.0007,-0.0627
50.38904285430908,0.0011,-0.0075,0.0037,0.217,0.0007,0.0998
50.38914608955383,0.0012,-0.0043,0.0041,0.1889,0.0007,0.249
50.38924694061279,0.0012,-0.0006,0.0078,0.1488,0.0007,0.4013
50.38934397697449,0.0014,0.0035,0.0098,0.0009,0.0007,0.4754
50.3894419670105,0.0015,0.0071,0.0075,-0.1437,0.0007,0.4418
50.38953900337219,0.0017,0.0093,0.0055,-0.2225,0.0007,0.3444
50.3896369934082,0.0018,0.0098,0.0031,-0.3026,0.0007,0.1789
50.38973808288574,0.0018,0.0086,-0.0018,-0.3357,0.0007,-0.0438
50.48038387298584,0.0018,0.0056,-0.0064,-0.255,0.0007,-0.2499
50.480539083480835,0.0018,0.0015,-0.0089,-0.1575,0.0007,-0.4132
50.48064613342285,0.0016,-0.003,-0.0106,-0.03,0.0007,-0.5096
50.48074293136597,0.0015,-0.0071,-0.0104,0.1671,0.0007,-0.4796
50.48084306716919,0.0013,-0.0096,-0.0067,0.3358,0.0007,-0.3158
50.48094415664673,0.0012,-0.0098,0.0004,0.3569,0.0007,-0.0878
50.481030225753784,0.0012,-0.0077,0.0045,0.2441,0.0007,0.098
50.48111701011658,0.0012,-0.0045,0.0045,0.1729,0.0007,0.2399
50.481202840805054,0.0013,-0.0008,0.0067,0.1757,0.0007,0.4018
50.5719530582428,0.0014,0.0034,0.0108,0.0366,0.0007,0.5062
50.57210898399353,0.0016,0.0073,0.0081,-0.1476,0.0007,0.4749
50.57221984863281,0.0017,0.0097,0.0051,-0.2314,0.0007,0.3697
50.57231783866882,0.0018,0.0104,0.0031,-0.3151,0.0007,0.1961
50.57241487503052,0.0019,0.0092,-0.0023,-0.351,0.0007,-0.0397
50.57251715660095,0.0019,0.0061,-0.0084,-0.2664,0.0007,-0.2665
50.57261419296265,0.0018,0.0016,-0.0102,-0.1028,0.0007,-0.4039
50.57271099090576,0.0017,-0.0028,-0.0103,0.0134,0.0007,-0.4696
50.57280683517456,0.0015,-0.0065,-0.0113,0.1671,0.0007,-0.4454
50.662166118621826,0.0014,-0.0089,-0.0081,0.3257,0.0007,-0.2979
50.6623260974884,0.0013,-0.0091,-0.0011,0.3403,0.0007,-0.091
50.662428855895996,0.0013,-0.0073,0.0023,0.233,0.0007,0.0718
50.662524938583374,0.0013,-0.0044,0.0023,0.1638,0.0007,0.1925
50.6626238822937,0.0013,-0.0012,0.0038,0.1694,0.0007,0.3296
50.66271686553955,0.0014,0.0024,0.0083,0.069,0.0007,0.4359
50.66281008720398,0.0016,0.0059,0.0074,-0.1024,0.0007,0.4273
50.66290307044983,0.0017,0.0083,0.0047,-0.1839,0.0007,0.3488
50.66299486160278,0.0018,0.0092,0.003,-0.2392,0.0007,0.223
50.753154039382935,0.0019,0.0086,0.0001,-0.2946,0.0007,0.0402
50.753329038619995,0.0019,0.0064,-0.0042,-0.2729,0.0007,-0.1609
50.753443002700806,0.0019,0.0029,-0.0079,-0.1612,0.0007,-0.3186
50.75355005264282,0.0018,-0.0011,-0.0085,-0.0422,0.0008,-0.4065
50.75364923477173,0.0016,-0.0047,-0.0093,0.0892,0.0008,-0.4171
50.75374698638916,0.0015,-0.0074,-0.0077,0.2483,0.0008,-0.3152
50.753844022750854,0.0014,-0.0082,-0.0021,0.3155,0.0008,-0.131
50.75393795967102,0.0014,-0.007,0.0027,0.2364,0.0007,0.0376
50.75403118133545,0.0014,-0.0046,0.004,0.169,0.0007,0.1733
50.844074964523315,0.0014,-0.0015,0.0058,0.1018,0.0007,0.2803
50.84420990943909,0.0015,0.0017,0.0072,0.0313,0.0007,0.354
50.844303131103516,0.0016,0.0046,0.0071,-0.068,0.0007,0.3651
50.84439301490784,0.0017,0.0068,0.0056,-0.1645,0.0008,0.3047
50.844477891922,0.0018,0.0077,0.0034,-0.2273,0.0008,0.1885
50.844568967819214,0.0019,0.0072,0.0004,-0.2631,0.0008,0.0272
50.84465789794922,0.0019,0.0053,-0.0033,-0.2312,0.0008,-0.1415
50.84474587440491,0.0019,0.0024,-0.0064,-0.1618,0.0008,-0.2889
50.84484100341797,0.0018,-0.0012,-0.0074,-0.0653,0.0008,-0.3837
50.935089111328125,0.0017,-0.0046,-0.0082,0.0647,0.0008,-0.4026
50.93526911735535,0.0015,-0.0071,-0.0066,0.2177,0.0008,-0.3129
50.93538188934326,0.0014,-0.008,-0.0018,0.2959,0.0008,-0.1386
50.93548107147217,0.0014,-0.007,0.0031,0.2486,0.0008,0.0407
50.935577154159546,0.0014,-0.0045,0.0056,0.1441,0.0008,0.1716
50.935672998428345,0.0014,-0.0015,0.0054,0.0463,0.0008,0.2402
50.93576502799988,0.0015,0.0013,0.005,0.0291,0.0008,0.2968
50.93585991859436,0.0016,0.0038,0.0072,-0.049,0.0008,0.3204
50.93595314025879,0.0017,0.0058,0.005,-0.1798,0.0008,0.2452
51.02713394165039,0.0018,0.0064,0.0019,-0.2322,0.0008,0.1143
51.02727818489075,0.0018,0.0056,-0.0009,-0.2327,0.0008,-0.0378
51.027377128601074,0.0018,0.0036,-0.0037,-0.1843,0.0008,-0.1801
51.02747321128845,0.0018,0.0007,-0.006,-0.1534,0.0008,-0.3203
51.02758812904358,0.0017,-0.0026,-0.0079,-0.0682,0.0008,-0.4217
51.027676820755005,0.0015,-0.0059,-0.0084,0.102,0.0008,-0.4184
51.02776503562927,0.0014,-0.0082,-0.0057,0.2542,0.0008,-0.2995
51.02785301208496,0.0013,-0.0087,-0.0003,0.296,0.0008,-0.1151
51.027936935424805,0.0013,-0.0072,0.0044,0.2175,0.0008,0.0532
51.11749291419983,0.0013,-0.0045,0.0045,0.1705,0.0008,0.1933
51.11766695976257,0.0013,-0.0013,0.007,0.1362,0.0008,0.3317
51.117769956588745,0.0014,0.0023,0.0096,0.0243,0.0008,0.419
51.117873191833496,0.0016,0.0057,0.0088,-0.0993,0.0008,0.4227
51.11796998977661,0.0017,0.0081,0.0073,-0.1979,0.0008,0.3533
51.11806583404541,0.0018,0.0091,0.005,-0.2871,0.0008,0.2104
51.11816191673279,0.0019,0.0084,0.0007,-0.3298,0.0008,0.0091
51.118260860443115,0.0019,0.006,-0.0042,-0.2682,0.0008,-0.1889
51.11836099624634,0.0018,0.0024,-0.0071,-0.1604,0.0008,-0.3408
51.208651065826416,0.0017,-0.0017,-0.0079,-0.0623,0.0008,-0.4376
51.20878887176514,0.0016,-0.0054,-0.0095,0.0879,0.0008,-0.4511
51.20888900756836,0.0014,-0.0082,-0.0079,0.2577,0.0008,-0.3451
51.20901918411255,0.0013,-0.0091,-0.0023,0.337,0.0008,-0.1485
51.20912313461304,0.0013,-0.0078,0.0037,0.2624,0.0008,0.0431
51.209211111068726,0.0013,-0.0051,0.0041,0.1721,0.0008,0.1813
51.20929718017578,0.0014,-0.0018,0.0055,0.1497,0.0008,0.3169
51.20937895774841,0.0015,0.0018,0.0084,0.0499,0.0008,0.4116
51.20946192741394,0.0016,0.0053,0.0076,-0.0896,0.0008,0.4125
51.20954489707947,0.0017,0.0077,0.0055,-0.1841,0.0008,0.3391
51.30001401901245,0.0018,0.0087,0.0033,-0.2653,0.0008,0.1984
51.3001708984375,0.0019,0.008,-0.0006,-0.3118,0.0008,-0.0012
51.30028796195984,0.0019,0.0056,-0.0061,-0.2536,0.0008,-0.2038
51.30038809776306,0.0018,0.0019,-0.0079,-0.1756,0.0008,-0.3714
51.30049514770508,0.0017,-0.0023,-0.0096,-0.1021,0.0008,-0.5067
51.30059313774109,0.0016,-0.0065,-0.0117,0.0859,0.0008,-0.5379
51.30069088935852,0.0014,-0.0098,-0.0094,0.2919,0.0008,-0.4221
51.30079007148743,0.0012,-0.011,-0.0024,0.3775,0.0008,-0.2013
51.300891160964966,0.0012,-0.0097,0.0036,0.2981,0.0008,0.0114
51.391398906707764,0.0012,-0.0066,0.0049,0.2222,0.0008,0.1869
51.39154100418091,0.0012,-0.0028,0.0075,0.1625,0.0008,0.3445
51.39163303375244,0.0013,0.0014,0.01,0.0522,0.0008,0.4517
51.39171886444092,0.0015,0.0054,0.0098,-0.0875,0.0008,0.4698
51.391807079315186,0.0016,0.0083,0.0077,-0.1962,0.0008,0.405
51.391908168792725,0.0018,0.0098,0.0055,-0.2853,0.0008,0.2677
51.392000913619995,0.0019,0.0095,0.0017,-0.348,0.0008,0.0623
51.39209699630737,0.0019,0.0072,-0.0041,-0.3032,0.0008,-0.1568
51.39219093322754,0.0018,0.0035,-0.0079,-0.1598,0.0008,-0.3134
51.48149394989014,0.0017,-0.0006,-0.0081,-0.0401,0.0008,-0.3967
51.48165988922119,0.0016,-0.0043,-0.0091,0.0732,0.0008,-0.416
51.48176097869873,0.0015,-0.007,-0.0081,0.2357,0.0008,-0.3249
51.48185706138611,0.0014,-0.0081,-0.0031,0.3291,0.0008,-0.1386
51.48195719718933,0.0013,-0.007,0.0026,0.2683,0.0008,0.0496
51.482041120529175,0.0013,-0.0044,0.0049,0.1607,0.0008,0.1865
51.48212504386902,0.0014,-0.0013,0.005,0.0813,0.0008,0.2752
51.48221802711487,0.0015,0.0018,0.0061,0.0247,0.0008,0.3372
51.48232102394104,0.0016,0.0045,0.0066,-0.0867,0.0008,0.3321
51.57185506820679,0.0017,0.0064,0.0041,-0.1856,0.0008,0.247
51.57200503349304,0.0018,0.0069,0.0017,-0.2367,0.0008,0.1117
51.57212209701538,0.0018,0.0059,-0.0017,-0.2447,0.0008,-0.0534
51.57223200798035,0.0018,0.0036,-0.0059,-0.193,0.0008,-0.2165
51.5723340511322,0.0017,0.0004,-0.0079,-0.0844,0.0008,-0.3258
51.57243800163269,0.0016,-0.0029,-0.0084,0.008,0.0008,-0.3819
51.5725371837616,0.0015,-0.0057,-0.0088,0.1522,0.0008,-0.3489
51.57263398170471,0.0014,-0.0074,-0.0057,0.27,0.0008,-0.2188
51.57273197174072,0.0013,-0.0073,-0.0005,0.2722,0.0008,-0.0506
51.66244912147522,0.0013,-0.0056,0.0021,0.1933,0.0008,0.0868
51.66259002685547,0.0013,-0.0031,0.0032,0.1222,0.0008,0.1877
51.66268587112427,0.0014,-0.0003,0.0041,0.0566,0.0008,0.254
51.66278409957886,0.0015,0.0022,0.0046,-0.0022,0.0008,0.2881
51.66289210319519,0.0016,0.0044,0.0043,-0.0871,0.0008,0.2669
51.66297698020935,0.0017,0.0057,0.0026,-0.1633,0.0008,0.1849
51.66306209564209,0.0017,0.0058,0.0004,-0.199,0.0008,0.0642
51.663147926330566,0.0017,0.0047,-0.002,-0.1931,0.0008,-0.0709
51.66323494911194,0.0017,0.0026,-0.0052,-0.1574,0.0008,-0.2069
51.75455403327942,0.0016,-0.0002,-0.0069,-0.0683,0.0008,-0.2996
51.75473403930664,0.0015,-0.0031,-0.0078,0.0292,0.0008,-0.3373
51.75484585762024,0.0014,-0.0054,-0.0071,0.1617,0.0008,-0.2864
51.75494599342346,0.0013,-0.0066,-0.0034,0.244,0.0008,-0.1562
51.75504398345947,0.0013,-0.0061,0.0011,0.2166,0.0008,-0.0116
51.75513696670532,0.0013,-0.0044,0.0026,0.1621,0.0008,0.1097
51.75523090362549,0.0013,-0.002,0.0043,0.1088,0.0008,0.21
51.75532102584839,0.0014,0.0006,0.0047,0.0515,0.0008,0.2781
51.75541305541992,0.0015,0.0032,0.0054,-0.0183,0.0008,0.3079
51.847491979599,0.0016,0.0052,0.0046,-0.1123,0.0008,0.2727
51.84764099121094,0.0017,0.0063,0.0025,-0.1783,0.0008,0.1806
51.847737073898315,0.0017,0.0062,0.0002,-0.2123,0.0008,0.0501
51.84783315658569,0.0017,0.0048,-0.0025,-0.2124,0.0008,-0.1008
51.84792113304138,0.0017,0.0024,-0.0063,-0.1409,0.0008,-0.2344
51.8480110168457,0.0016,-0.0006,-0.0067,-0.0347,0.0008,-0.3041
51.84810280799866,0.0015,-0.0034,-0.0064,0.0404,0.0008,-0.3253
51.84818983078003,0.0014,-0.0055,-0.0061,0.1578,0.0008,-0.2699
51.84827494621277,0.0013,-0.0065,-0.0023,0.2362,0.0008,-0.1372
51.93901586532593,0.0013,-0.0059,0.0017,0.207,0.0008,0.0058
51.93921089172363,0.0013,-0.0041,0.0041,0.1374,0.0008,0.1221
51.93931698799133,0.0013,-0.0017,0.0045,0.0699,0.0008,0.1995
51.939414978027344,0.0014,0.0008,0.0047,0.0408,0.0008,0.2609
51.93951106071472,0.0015,0.0031,0.0055,-0.0262,0.0008,0.2865
51.93960499763489,0.0016,0.005,0.0045,-0.1156,0.0008,0.2484
51.9397029876709,0.0017,0.0059,0.0025,-0.1718,0.0008,0.1605
51.93979597091675,0.0017,0.0057,0.0005,-0.2025,0.0008,0.0379
51.9398980140686,0.0017,0.0044,-0.002,-0.1935,0.0008,-0.0975
51.94002604484558,0.0017,0.0021,-0.0052,-0.1497,0.0008,-0.2289
52.03119897842407,0.0016,-0.0008,-0.0067,-0.0556,0.0008,-0.3122
52.03135681152344,0.0015,-0.0036,-0.0074,0.0458,0.0008,-0.3368
52.03144907951355,0.0014,-0.0058,-0.006,0.1724,0.0008,-0.2714
52.031543016433716,0.0013,-0.0067,-0.0022,0.2422,0.0008,-0.134
52.031628131866455,0.0013,-0.006,0.0016,0.207,0.0008,0.008
52.0317108631134,0.0013,-0.0041,0.0035,0.1497,0.0008,0.128
52.03179383277893,0.0013,-0.0016,0.0045,0.08,0.0007,0.212
52.0318808555603,0.0014,0.0009,0.0047,0.042,0.0007,0.2744
52.0319709777832,0.0015,0.0033,0.0057,-0.0234,0.0007,0.3029
52.124181032180786,0.0016,0.0053,0.0047,-0.121,0.0007,0.2627
52.1243200302124,0.0017,0.0063,0.0026,-0.1805,0.0007,0.1701
52.12442398071289,0.0017,0.006,0.0003,-0.2137,0.0008,0.0391
52.12452411651611,0.0017,0.0046,-0.0026,-0.2103,0.0008,-0.1111
52.124637842178345,0.0017,0.0021,-0.0062,-0.134,0.0008,-0.2395
52.124752044677734,0.0016,-0.0008,-0.0062,-0.0353,0.0008,-0.306
52.12484812736511,0.0015,-0.0036,-0.0066,0.0438,0.0008,-0.3262
52.12494993209839,0.0014,-0.0057,-0.0058,0.1659,0.0008,-0.2635
52.12505388259888,0.0013,-0.0065,-0.0018,0.2345,0.0008,-0.128
52.21839785575867,0.0013,-0.0058,0.002,0.1989,0.0007,0.012
52.2185480594635,0.0013,-0.004,0.0041,0.1288,0.0007,0.1229
52.21866011619568,0.0013,-0.0016,0.0045,0.0637,0.0007,0.1963
52.21875190734863,0.0014,0.0008,0.0048,0.0346,0.0007,0.2544
52.21885800361633,0.0015,0.003,0.0057,-0.0284,0.0007,0.2796
52.2189519405365,0.0016,0.0049,0.0046,-0.115,0.0007,0.2426
52.219043016433716,0.0017,0.0058,0.0027,-0.1683,0.0007,0.1582
52.21913194656372,0.0017,0.0056,0.0006,-0.198,0.0007,0.0396
52.219228982925415,0.0017,0.0043,-0.0019,-0.1874,0.0007,-0.0913
52.21932101249695,0.0017,0.0021,-0.0047,-0.1569,0.0008,-0.2236
52.3116888999939,0.0016,-0.0007,-0.0066,-0.0716,0.0008,-0.3162
52.31183314323425,0.0015,-0.0036,-0.0078,0.0358,0.0008,-0.3499
52.31192898750305,0.0014,-0.0059,-0.0067,0.1756,0.0007,-0.2872
52.3120219707489,0.0013,-0.0069,-0.0026,0.248,0.0007,-0.149
52.31211304664612,0.0013,-0.0063,0.0013,0.2133,0.0007,-0.0053
52.31220817565918,0.0013,-0.0045,0.0033,0.1537,0.0007,0.1157
52.31229305267334,0.0013,-0.002,0.0043,0.0823,0.0007,0.1991
52.31237506866455,0.0014,0.0005,0.0046,0.0431,0.0007,0.2612
52.312458992004395,0.0014,0.0029,0.0054,-0.0171,0.0007,0.2917
52.40468502044678,0.0015,0.0049,0.0048,-0.1103,0.0007,0.2589
52.4048330783844,0.0016,0.0059,0.0027,-0.1731,0.0007,0.1716
52.40494418144226,0.0017,0.0058,0.0008,-0.2053,0.0007,0.0494
52.40504693984985,0.0017,0.0046,-0.0018,-0.2004,0.0007,-0.0889
52.40514397621155,0.0017,0.0023,-0.0051,-0.153,0.0007,-0.222
52.40524697303772,0.0016,-0.0005,-0.0065,-0.056,0.0007,-0.3042
52.4053430557251,0.0015,-0.0033,-0.0069,0.0379,0.0007,-0.3303
52.405436992645264,0.0014,-0.0056,-0.0061,0.1614,0.0007,-0.2721
52.40553593635559,0.0013,-0.0065,-0.0024,0.2356,0.0007,-0.1406
52.49923896789551,0.0012,-0.006,0.0018,0.2059,0.0007,0.002
52.4994170665741,0.0013,-0.0041,0.0034,0.1533,0.0007,0.1235
52.49952006340027,0.0013,-0.0017,0.0049,0.0938,0.0007,0.2193
52.49962401390076,0.0014,0.0009,0.005,0.045,0.0007,0.2857
52.4997239112854,0.0015,0.0035,0.0056,-0.0236,0.0007,0.3138
52.49982309341431,0.0016,0.0055,0.0047,-0.1215,0.0007,0.2733
52.499920129776,0.0016,0.0065,0.0025,-0.1883,0.0007,0.1748
52.50001406669617,0.0017,0.0063,-0.0001,-0.2219,0.0007,0.0356
52.50011324882507,0.0017,0.0047,-0.0036,-0.2136,0.0007,-0.1237
52.50021409988403,0.0017,0.0021,-0.0074,-0.1116,0.0007,-0.2461
52.594865798950195,0.0016,-0.0009,-0.0072,-0.0209,0.0007,-0.3109
52.59502196311951,0.0015,-0.0037,-0.0081,0.0569,0.0007,-0.3332
52.59512114524841,0.0014,-0.0058,-0.0072,0.181,0.0007,-0.2705
52.59521293640137,0.0013,-0.0067,-0.0027,0.2449,0.0007,-0.1348
52.59530282020569,0.0013,-0.006,0.0009,0.1978,0.0007,-0.0034
52.59540295600891,0.0013,-0.0042,0.0018,0.1324,0.0007,0.0928
52.59548997879028,0.0013,-0.0021,0.0028,0.137,0.0007,0.2013
52.59557390213013,0.0013,0.0005,0.0058,0.0834,0.0007,0.2978
52.59565997123718,0.0014,0.0033,0.0068,-0.0117,0.0007,0.3419
52.686193227767944,0.0016,0.0056,0.0058,-0.1059,0.0007,0.3194
52.686365842819214,0.0017,0.007,0.0042,-0.1713,0.0007,0.2442
52.686474084854126,0.0017,0.0073,0.0017,-0.215,0.0007,0.1234
52.686575174331665,0.0018,0.0063,-0.0015,-0.2269,0.0007,-0.0284
52.686671018600464,0.0018,0.0041,-0.0043,-0.2055,0.0007,-0.1881
52.686766147613525,0.0017,0.0011,-0.0074,-0.1208,0.0007,-0.3176
52.686864137649536,0.0016,-0.0023,-0.0089,-0.0257,0.0007,-0.3981
52.686962842941284,0.0015,-0.0055,-0.0095,0.1161,0.0007,-0.3937
52.687061071395874,0.0013,-0.0077,-0.0064,0.2547,0.0007,-0.2793
52.779099225997925,0.0013,-0.0081,-0.0013,0.273,0.0007,-0.1167
52.77922987937927,0.0012,-0.0068,0.0015,0.2084,0.0007,0.0251
52.7793231010437,0.0012,-0.0045,0.0022,0.1715,0.0007,0.1498
52.779409885406494,0.0013,-0.0017,0.0049,0.1549,0.0007,0.2848
52.77949786186218,0.0014,0.0016,0.0068,0.0624,0.0007,0.376
52.77959704399109,0.0015,0.0048,0.0069,-0.0564,0.0007,0.3934
52.779683113098145,0.0016,0.0072,0.0053,-0.1437,0.0007,0.3441
52.77976703643799,0.0017,0.0084,0.0036,-0.2047,0.0007,0.2439
52.779857873916626,0.0018,0.0082,0.001,-0.2586,0.0007,0.0904
52.779953956604004,0.0018,0.0067,-0.0026,-0.2604,0.0007,-0.0907
52.87105107307434,0.0018,0.0038,-0.0061,-0.1666,0.0007,-0.2386
52.871196031570435,0.0017,0.0003,-0.0055,-0.133,0.0007,-0.3627
52.871315002441406,0.0016,-0.0033,-0.0098,-0.0712,0.0007,-0.4802
52.87141394615173,0.0015,-0.007,-0.0108,0.1585,0.0007,-0.4589
52.871514081954956,0.0013,-0.0094,-0.0064,0.3258,0.0007,-0.2991
52.871610164642334,0.0012,-0.0095,0.0005,0.32,0.0007,-0.0943
52.871702909469604,0.0012,-0.0076,0.0037,0.2249,0.0007,0.0734
52.87179398536682,0.0012,-0.0046,0.0045,0.2045,0.0007,0.2359
52.87188506126404,0.0013,-0.0009,0.0081,0.1523,0.0007,0.3926
52.96331810951233,0.0014,0.0032,0.01,0.0116,0.0007,0.4751
52.963459968566895,0.0016,0.0069,0.0083,-0.1286,0.0007,0.4569
52.963558197021484,0.0017,0.0093,0.0061,-0.2168,0.0007,0.3678
52.96365308761597,0.0018,0.0101,0.0037,-0.3037,0.0007,0.2057
52.96376180648804,0.0019,0.0091,-0.0015,-0.3429,0.0007,-0.0196
52.96386098861694,0.0019,0.0061,-0.0068,-0.272,0.0007,-0.2389
52.96395492553711,0.0018,0.002,-0.0094,-0.1438,0.0007,-0.3964
52.964051961898804,0.0017,-0.0025,-0.0102,-0.0286,0.0007,-0.4886
52.96414518356323,0.0015,-0.0065,-0.0103,0.1448,0.0007,-0.4721
53.05456781387329,0.0014,-0.0092,-0.007,0.3214,0.0007,-0.3193
53.05471897125244,0.0013,-0.0095,0.0003,0.3511,0.0007,-0.0953
53.05482482910156,0.0012,-0.0076,0.0042,0.2414,0.0007,0.0868
53.05491805076599,0.0013,-0.0045,0.0047,0.1551,0.0007,0.2188
53.05501413345337,0.0013,-0.001,0.0052,0.1608,0.0007,0.3606
53.05510902404785,0.0015,0.0028,0.0108,0.082,0.0007,0.4935
53.05520296096802,0.0016,0.0068,0.0105,-0.1245,0.0007,0.4937
53.055294036865234,0.0018,0.0096,0.0072,-0.2301,0.0007,0.4039
53.055384159088135,0.0019,0.0106,0.0054,-0.3015,0.0007,0.2559
53.146323919296265,0.002,0.0099,0.0008,-0.3647,0.0007,0.0336
53.146480083465576,0.002,0.0073,-0.0061,-0.3062,0.0008,-0.2023
53.146573066711426,0.0019,0.0031,-0.0084,-0.1506,0.0008,-0.3564
53.14666700363159,0.0018,-0.0013,-0.0074,-0.127,0.0008,-0.4915
53.14676094055176,0.0017,-0.0057,-0.0119,-0.0116,0.0008,-0.587
53.14684796333313,0.0015,-0.0097,-0.0112,0.2398,0.0008,-0.5177
53.14693593978882,0.0013,-0.0118,-0.0051,0.4056,0.0008,-0.2988
53.14702105522156,0.0012,-0.0112,0.0028,0.3694,0.0008,-0.0468
53.14710593223572,0.0012,-0.0083,0.0055,0.2486,0.0008,0.1487
53.23894023895264,0.0012,-0.0044,0.0069,0.1738,0.0007,0.3086
53.23909401893616,0.0013,-0.0,0.0091,0.0756,0.0007,0.4231
53.23920202255249,0.0015,0.0041,0.0095,-0.0596,0.0007,0.4561
53.23929691314697,0.0016,0.0073,0.0077,-0.1818,0.0007,0.3997
53.23939514160156,0.0018,0.009,0.0053,-0.2686,0.0007,0.2711
53.23948693275452,0.0018,0.009,0.0017,-0.3258,0.0008,0.0799
53.23958396911621,0.0019,0.007,-0.0032,-0.3037,0.0008,-0.1336
53.23967885971069,0.0018,0.0036,-0.0077,-0.2152,0.0008,-0.3246
53.23977494239807,0.0017,-0.0006,-0.0092,-0.0924,0.0008,-0.4494
53.239875078201294,0.0016,-0.0048,-0.0101,0.0502,0.0008,-0.4912
53.33132314682007,0.0014,-0.0082,-0.009,0.2282,0.0008,-0.4126
53.331465005874634,0.0013,-0.0097,-0.004,0.3539,0.0008,-0.2181
53.331581830978394,0.0012,-0.0089,0.0033,0.306,0.0008,-0.0019
53.33168005943298,0.0012,-0.0063,0.0055,0.2015,0.0007,0.1645
53.33177185058594,0.0013,-0.0028,0.007,0.1238,0.0007,0.2938
53.331868171691895,0.0014,0.0009,0.009,0.0443,0.0007,0.3883
53.33195996284485,0.0015,0.0044,0.0096,-0.0631,0.0007,0.4199
53.332051038742065,0.0016,0.0072,0.0079,-0.1766,0.0007,0.3683
53.33214521408081,0.0017,0.0086,0.0056,-0.2688,0.0007,0.2416
53.42412805557251,0.0018,0.0084,0.002,-0.3192,0.0008,0.0567
53.42427706718445,0.0018,0.0064,-0.0029,-0.2733,0.0008,-0.1353
53.424379110336304,0.0018,0.0032,-0.0062,-0.1611,0.0008,-0.2806
53.42447113990784,0.0017,-0.0005,-0.0062,-0.0559,0.0008,-0.3605
53.42457103729248,0.0016,-0.0039,-0.0072,0.051,0.0008,-0.3802
53.42466616630554,0.0015,-0.0064,-0.0064,0.1942,0.0008,-0.3035
53.424763917922974,0.0014,-0.0075,-0.0021,0.2865,0.0008,-0.1376
53.42484903335571,0.0013,-0.0066,0.0032,0.2581,0.0008,0.049
53.42493414878845,0.0013,-0.0041,0.0063,0.1464,0.0008,0.1872
53.51598906517029,0.0014,-0.0011,0.0059,0.0377,0.0007,0.254
53.51613807678223,0.0015,0.0017,0.0053,0.0054,0.0007,0.2979
53.516250133514404,0.0016,0.0041,0.0071,-0.0765,0.0007,0.3034
53.51634407043457,0.0017,0.0058,0.0049,-0.2,0.0008,0.2144
53.51644206047058,0.0017,0.0062,0.0016,-0.2511,0.0008,0.0686
53.51653814315796,0.0018,0.005,-0.0018,-0.2343,0.0008,-0.0916
53.51663303375244,0.0017,0.0026,-0.0059,-0.1454,0.0008,-0.2253
53.51673102378845,0.0017,-0.0004,-0.0061,-0.0397,0.0008,-0.294
53.516826152801514,0.0016,-0.0031,-0.0059,0.0103,0.0008,-0.3304
53.6073899269104,0.0015,-0.0054,-0.0067,0.1318,0.0008,-0.2961
53.60755205154419,0.0014,-0.0067,-0.0036,0.2426,0.0008,-0.1686
53.60765600204468,0.0013,-0.0063,0.0014,0.2299,0.0008,-0.0132
53.60775089263916,0.0013,-0.0045,0.0038,0.1446,0.0008,0.1056
53.60784411430359,0.0013,-0.0022,0.0039,0.1191,0.0007,0.2102
53.607938051223755,0.0014,0.0005,0.0062,0.0822,0.0007,0.3087
53.608031034469604,0.0015,0.0034,0.0079,-0.0085,0.0007,0.3627
53.608115911483765,0.0016,0.0059,0.0068,-0.1208,0.0007,0.3383
53.60820198059082,0.0017,0.0074,0.0047,-0.2016,0.0008,0.2477
53.70154690742493,0.0018,0.0076,0.0022,-0.257,0.0008,0.1038
53.701695919036865,0.0018,0.0063,-0.0019,-0.2614,0.0008,-0.0732
53.701805114746094,0.0018,0.0037,-0.0062,-0.1897,0.0008,-0.2366
53.70190405845642,0.0017,0.0003,-0.0078,-0.071,0.0008,-0.337
53.702001094818115,0.0016,-0.0031,-0.0078,0.024,0.0008,-0.3781
53.70210099220276,0.0015,-0.0058,-0.0075,0.156,0.0008,-0.334
53.70219588279724,0.0014,-0.0073,-0.0043,0.2686,0.0008,-0.1947
53.70228910446167,0.0013,-0.007,0.0012,0.2611,0.0008,-0.021
53.7023811340332,0.0013,-0.0051,0.0039,0.1802,0.0008,0.1207
53.70247197151184,0.0014,-0.0024,0.0048,0.1083,0.0008,0.2247
53.7946240901947,0.0014,0.0005,0.0056,0.0563,0.0008,0.3023
53.794780254364014,0.0015,0.0033,0.0065,-0.017,0.0008,0.3411
53.7948899269104,0.0017,0.0056,0.0057,-0.1224,0.0008,0.3072
53.79498100280762,0.0018,0.0069,0.0035,-0.2027,0.0008,0.2069
53.795077085494995,0.0018,0.0069,0.0008,-0.2484,0.0008,0.0576
53.79517483711243,0.0018,0.0054,-0.0028,-0.2296,0.0008,-0.1064
53.795268058776855,0.0018,0.0027,-0.0064,-0.1525,0.0008,-0.2476
53.79536199569702,0.0017,-0.0005,-0.0067,-0.0485,0.0008,-0.3262
53.79545283317566,0.0016,-0.0035,-0.007,0.0435,0.0008,-0.3493
53.886462926864624,0.0015,-0.0059,-0.0066,0.1752,0.0008,-0.2859
53.886595010757446,0.0014,-0.0069,-0.0029,0.2667,0.0008,-0.1376
53.88670897483826,0.0014,-0.0062,0.002,0.2399,0.0008,0.0287
53.88680386543274,0.0014,-0.004,0.0038,0.1486,0.0008,0.1504
53.88689613342285,0.0014,-0.0014,0.0039,0.1314,0.0008,0.2631
53.886985063552856,0.0015,0.0016,0.0068,0.0855,0.0008,0.3688
53.887086153030396,0.0016,0.0047,0.008,-0.0481,0.0008,0.3991
53.887178897857666,0.0018,0.0072,0.006,-0.1614,0.0008,0.3437
53.887269020080566,0.0019,0.0084,0.0043,-0.238,0.0008,0.2272
53.97773313522339,0.0019,0.0081,0.0011,-0.2962,0.0008,0.0502
53.977885007858276,0.002,0.0062,-0.0041,-0.2616,0.0008,-0.1432
53.9780011177063,0.0019,0.0029,-0.0071,-0.1743,0.0008,-0.3038
53.9781060218811,0.0018,-0.0009,-0.0078,-0.0787,0.0008,-0.4099
53.97820210456848,0.0017,-0.0046,-0.0089,0.0554,0.0008,-0.4395
53.97830390930176,0.0015,-0.0075,-0.0076,0.2132,0.0008,-0.3598
53.97839403152466,0.0014,-0.0088,-0.0033,0.3194,0.0008,-0.1819
53.97848200798035,0.0014,-0.0079,0.0028,0.2876,0.0008,0.0196
53.97856783866882,0.0014,-0.0054,0.0058,0.1782,0.0008,0.1739
54.07125806808472,0.0014,-0.0021,0.0056,0.0877,0.0008,0.2704
54.071402072906494,0.0015,0.0012,0.0071,0.0363,0.0008,0.3465
54.07150197029114,0.0016,0.0042,0.0079,-0.0752,0.0008,0.3584
54.07158803939819,0.0017,0.0064,0.0054,-0.1865,0.0008,0.2822
54.07167315483093,0.0018,0.0073,0.0029,-0.2482,0.0008,0.1483
54.07176113128662,0.0019,0.0065,-0.0006,-0.2659,0.0008,-0.0222
54.07185411453247,0.0019,0.0044,-0.0051,-0.1992,0.0008,-0.1831
54.07194709777832,0.0018,0.0013,-0.0057,-0.1541,0.0008,-0.3215
54.07204294204712,0.0017,-0.0023,-0.0083,-0.109,0.0008,-0.4519
54.072145223617554,0.0016,-0.006,-0.0107,0.073,0.0008,-0.4843
54.16336989402771,0.0014,-0.0089,-0.0082,0.2557,0.0008,-0.3827
54.16352701187134,0.0013,-0.01,-0.0031,0.3445,0.0008,-0.1879
54.16363310813904,0.0012,-0.0088,0.0029,0.2973,0.0008,0.0204
54.16373085975647,0.0012,-0.006,0.0046,0.2007,0.0008,0.1798
54.163833141326904,0.0013,-0.0024,0.0058,0.1614,0.0008,0.3247
54.163923025131226,0.0014,0.0015,0.0082,0.0707,0.0008,0.431
54.16401410102844,0.0015,0.0052,0.0081,-0.073,0.0008,0.4464
54.1641058921814,0.0017,0.008,0.0061,-0.1849,0.0008,0.3771
54.16419720649719,0.0018,0.0093,0.004,-0.2759,0.0008,0.2344
54.25825881958008,0.0019,0.0088,-0.0005,-0.3293,0.0008,0.0248
54.25840401649475,0.0019,0.0064,-0.0063,-0.2731,0.0008,-0.1916
54.25850009918213,0.0018,0.0026,-0.0093,-0.14,0.0008,-0.346
54.25859093666077,0.0017,-0.0015,-0.0095,-0.0324,0.0008,-0.435
54.258678913116455,0.0016,-0.0053,-0.0106,0.1099,0.0008,-0.4423
54.2587730884552,0.0014,-0.008,-0.0084,0.2779,0.0008,-0.3267
54.25886416435242,0.0013,-0.0088,-0.0022,0.3457,0.0008,-0.1242
54.25895404815674,0.0013,-0.0074,0.0037,0.2583,0.0008,0.0652
54.25904417037964,0.0013,-0.0045,0.0036,0.1761,0.0008,0.2028
54.259132862091064,0.0014,-0.0012,0.006,0.159,0.0008,0.3488
54.3536159992218,0.0015,0.0026,0.0094,0.0406,0.0008,0.4453
54.35376214981079,0.0016,0.0061,0.0082,-0.1075,0.0008,0.4393
54.35387587547302,0.0018,0.0086,0.0062,-0.2044,0.0008,0.3587
54.35397696495056,0.0019,0.0095,0.0043,-0.2966,0.0008,0.2051
54.3540780544281,0.002,0.0087,-0.0008,-0.3256,0.0008,-0.0042
54.354180097579956,0.002,0.006,-0.0067,-0.2453,0.0008,-0.2053
54.35429000854492,0.0019,0.0022,-0.0084,-0.0999,0.0008,-0.3273
54.35438108444214,0.0018,-0.0016,-0.0083,-0.0087,0.0008,-0.3919
54.354467153549194,0.0017,-0.005,-0.0091,0.1236,0.0008,-0.3794
54.44664406776428,0.0015,-0.0072,-0.0067,0.2601,0.0008,-0.2625
54.446812868118286,0.0014,-0.0076,-0.0012,0.308,0.0008,-0.0759
54.4469108581543,0.0014,-0.0061,0.0035,0.2274,0.0008,0.093
54.4470100402832,0.0014,-0.0033,0.0046,0.1558,0.0008,0.2253
54.44710397720337,0.0015,-0.0001,0.0059,0.0972,0.0008,0.331
54.44719314575195,0.0016,0.0031,0.0076,0.0076,0.0008,0.3938
54.44728398323059,0.0018,0.006,0.0071,-0.1233,0.0008,0.37
54.44737505912781,0.0019,0.0078,0.0047,-0.2211,0.0008,0.2672
54.447465896606445,0.002,0.0081,0.0019,-0.2837,0.0008,0.1039
54.54176998138428,0.002,0.0067,-0.0027,-0.2699,0.0008,-0.0842
54.54194617271423,0.002,0.0039,-0.0063,-0.205,0.0008,-0.2584
54.5420458316803,0.0019,0.0002,-0.0083,-0.1085,0.0008,-0.3865
54.54214286804199,0.0018,-0.0036,-0.0096,0.0127,0.0008,-0.4485
54.54223990440369,0.0016,-0.0069,-0.009,0.1745,0.0008,-0.4033
54.54233121871948,0.0015,-0.0088,-0.0057,0.3063,0.0008,-0.251
54.542418003082275,0.0014,-0.0086,0.0007,0.3175,0.0008,-0.0454
54.54251217842102,0.0014,-0.0065,0.0049,0.2078,0.0008,0.1205
54.54259705543518,0.0014,-0.0033,0.0045,0.1199,0.0008,0.2288
54.54268217086792,0.0015,-0.0001,0.0048,0.1476,0.0008,0.3599
54.636484146118164,0.0016,0.0034,0.0098,0.0458,0.0008,0.4632
54.636630058288574,0.0018,0.0069,0.0084,-0.1402,0.0008,0.4383
54.636741161346436,0.0019,0.0091,0.0053,-0.2297,0.0008,0.335
54.636842012405396,0.002,0.0096,0.0034,-0.3046,0.0008,0.1703
54.636937856674194,0.0021,0.0084,-0.0016,-0.3268,0.0008,-0.0458
54.6370370388031,0.0021,0.0054,-0.0081,-0.2344,0.0008,-0.2501
54.637126207351685,0.002,0.0014,-0.0088,-0.0643,0.0008,-0.3527
54.63721299171448,0.0019,-0.0025,-0.008,0.0055,0.0008,-0.4069
54.63730001449585,0.0017,-0.0057,-0.0098,0.136,0.0008,-0.3914
54.72904109954834,0.0016,-0.0078,-0.0069,0.2879,0.0008,-0.2584
54.7292001247406,0.0015,-0.008,-0.0006,0.3176,0.0008,-0.0615
54.729310035705566,0.0015,-0.0062,0.0034,0.2234,0.0008,0.104
54.72940397262573,0.0015,-0.0033,0.0042,0.1264,0.0008,0.2147
54.72951006889343,0.0016,-0.0002,0.0049,0.0604,0.0008,0.29
54.72959804534912,0.0017,0.0027,0.0064,0.0018,0.0008,0.3399
54.72968816757202,0.0018,0.0052,0.0061,-0.1122,0.0008,0.3159
54.729777097702026,0.0019,0.0067,0.0038,-0.2058,0.0008,0.2157
54.72986602783203,0.002,0.0068,0.0011,-0.2502,0.0008,0.0674
54.72995901107788,0.002,0.0054,-0.0024,-0.2302,0.0008,-0.0936
54.82110595703125,0.002,0.0029,-0.006,-0.1503,0.0008,-0.2306
54.82125902175903,0.0019,-0.0002,-0.0066,-0.0418,0.0008,-0.3037
54.82135796546936,0.0018,-0.0031,-0.0062,0.0323,0.0008,-0.3283
54.82144784927368,0.0017,-0.0054,-0.0063,0.1505,0.0008,-0.2787
54.821537017822266,0.0016,-0.0065,-0.0031,0.2494,0.0008,-0.1429
54.82163715362549,0.0016,-0.0059,0.002,0.2379,0.0008,0.0224
54.821725845336914,0.0016,-0.0039,0.0051,0.1501,0.0008,0.1545
54.82181000709534,0.0016,-0.0012,0.0051,0.0659,0.0008,0.2339
54.82189321517944,0.0017,0.0014,0.0064,0.0298,0.0008,0.301
54.91479706764221,0.0018,0.0039,0.0076,-0.0648,0.0008,0.3176
54.914977073669434,0.0019,0.0058,0.0061,-0.1708,0.0008,0.2561
54.91507816314697,0.002,0.0066,0.0037,-0.2338,0.0008,0.1371
54.91518306732178,0.002,0.0059,0.0004,-0.2445,0.0008,-0.0125
54.91528105735779,0.002,0.004,-0.0033,-0.1834,0.0008,-0.1504
54.9153790473938,0.002,0.0014,-0.004,-0.153,0.0008,-0.2757
54.915477991104126,0.0019,-0.0017,-0.0063,-0.1077,0.0008,-0.3906
54.91557502746582,0.0017,-0.005,-0.0089,0.0446,0.0008,-0.4275
54.9156711101532,0.0016,-0.0077,-0.0068,0.2019,0.0008,-0.3499
55.006706953048706,0.0015,-0.0088,-0.0034,0.2898,0.0008,-0.1917
55.00685787200928,0.0014,-0.008,0.0018,0.2809,0.0008,-0.0012
55.0069580078125,0.0014,-0.0056,0.0049,0.185,0.0008,0.1507
55.007044076919556,0.0015,-0.0025,0.0052,0.127,0.0008,0.2695
55.00712704658508,0.0016,0.0009,0.0068,0.066,0.0008,0.3628
55.00722408294678,0.0017,0.0042,0.0081,-0.0508,0.0008,0.3915
55.00730800628662,0.0018,0.0067,0.0063,-0.1644,0.0008,0.3358
55.00739097595215,0.0019,0.008,0.0042,-0.2434,0.0008,0.2147
55.00747489929199,0.002,0.0077,0.0009,-0.2955,0.0008,0.0364
55.098291873931885,0.002,0.0057,-0.0043,-0.2556,0.0008,-0.1549
55.09844613075256,0.002,0.0025,-0.007,-0.1742,0.0008,-0.3147
55.09856200218201,0.0019,-0.0013,-0.0081,-0.0901,0.0008,-0.4307
55.09865689277649,0.0017,-0.0051,-0.0094,0.0539,0.0008,-0.4657
55.098769187927246,0.0016,-0.0081,-0.0076,0.2258,0.0008,-0.3786
55.098873138427734,0.0014,-0.0094,-0.0027,0.3306,0.0008,-0.1895
55.098966121673584,0.0014,-0.0084,0.0032,0.2932,0.0008,0.0185
55.09905791282654,0.0014,-0.0057,0.005,0.1867,0.0008,0.1719
55.09915208816528,0.0014,-0.0023,0.0054,0.1601,0.0008,0.3134
55.099241971969604,0.0015,0.0014,0.0085,0.0897,0.0008,0.4343
55.19032692909241,0.0017,0.0052,0.0087,-0.0661,0.0008,0.4588
55.190463066101074,0.0018,0.0081,0.006,-0.1828,0.0008,0.3898
55.19056701660156,0.002,0.0095,0.004,-0.2717,0.0008,0.2501
55.190675020217896,0.002,0.0091,0.0003,-0.3354,0.0008,0.0426
55.190791845321655,0.0021,0.0068,-0.0056,-0.2885,0.0008,-0.1779
55.19089984893799,0.002,0.003,-0.0092,-0.1547,0.0008,-0.3402
55.19099402427673,0.0019,-0.0012,-0.0095,-0.0381,0.0008,-0.4323
55.19108295440674,0.0017,-0.0051,-0.0107,0.101,0.0008,-0.4458
55.19117212295532,0.0016,-0.0079,-0.009,0.2709,0.0008,-0.3394
55.28376913070679,0.0015,-0.0088,-0.0032,0.3496,0.0008,-0.1409
55.28394913673401,0.0014,-0.0076,0.0031,0.2675,0.0008,0.05
55.284059047698975,0.0015,-0.0048,0.0032,0.1823,0.0008,0.1887
55.28415894508362,0.0015,-0.0015,0.0053,0.1591,0.0008,0.3294
55.284252882003784,0.0016,0.0021,0.0087,0.0536,0.0008,0.4291
55.28434896469116,0.0018,0.0057,0.0081,-0.0839,0.0008,0.4375
55.284444093704224,0.0019,0.0082,0.0064,-0.1869,0.0008,0.3695
55.284539222717285,0.002,0.0094,0.0047,-0.2794,0.0008,0.23
55.28463315963745,0.0021,0.0088,0.0002,-0.3244,0.0008,0.0289
55.3796751499176,0.0021,0.0064,-0.0054,-0.2601,0.0008,-0.1719
55.37983202934265,0.0021,0.0028,-0.0082,-0.1183,0.0008,-0.3035
55.37995910644531,0.002,-0.001,-0.0079,-0.0222,0.0009,-0.3738
55.38006591796875,0.0018,-0.0043,-0.009,0.0886,0.0009,-0.3822
55.38016200065613,0.0017,-0.0068,-0.0073,0.2322,0.0009,-0.2877
55.38027000427246,0.0016,-0.0075,-0.0026,0.3063,0.0008,-0.1123
55.38035988807678,0.0016,-0.0064,0.0028,0.251,0.0008,0.0668
55.38045001029968,0.0016,-0.0038,0.0036,0.1518,0.0008,0.1896
55.38053798675537,0.0017,-0.0008,0.0043,0.1361,0.0008,0.3093
55.38062787055969,0.0018,0.0024,0.0075,0.0505,0.0008,0.3986
55.476104974746704,0.0019,0.0056,0.0073,-0.0971,0.0008,0.3928
55.47625708580017,0.002,0.0077,0.005,-0.1947,0.0009,0.3093
55.47636818885803,0.0021,0.0084,0.003,-0.2737,0.0009,0.161
55.47646903991699,0.0022,0.0075,-0.0019,-0.2928,0.0009,-0.0357
55.476572036743164,0.0022,0.0049,-0.0062,-0.2328,0.0009,-0.2256
55.476670026779175,0.0021,0.0012,-0.0084,-0.1289,0.0009,-0.3665
55.47677206993103,0.002,-0.0027,-0.0093,-0.018,0.0009,-0.4454
55.476869106292725,0.0018,-0.0062,-0.0094,0.1417,0.0009,-0.4237
55.476966857910156,0.0017,-0.0085,-0.0063,0.2881,0.0009,-0.2869
55.57215094566345,0.0016,-0.0087,0.0001,0.3277,0.0009,-0.0789
55.57230806350708,0.0016,-0.0069,0.0049,0.2294,0.0009,0.1011
55.57240390777588,0.0016,-0.0038,0.0046,0.1376,0.0009,0.2216
55.57249617576599,0.0017,-0.0005,0.0055,0.159,0.0009,0.3649
55.57259488105774,0.0018,0.0032,0.0107,0.0482,0.0009,0.4759
55.572685956954956,0.002,0.0069,0.0088,-0.1373,0.0009,0.456
55.572778940200806,0.0021,0.0093,0.0059,-0.2334,0.0009,0.3546
55.57286810874939,0.0022,0.0099,0.0035,-0.3161,0.0009,0.1835
55.57296419143677,0.0023,0.0087,-0.0017,-0.3432,0.0009,-0.0433
55.573058128356934,0.0023,0.0057,-0.0072,-0.2458,0.0009,-0.2487
55.66567015647888,0.0022,0.0016,-0.008,-0.18,0.0009,-0.4196
55.665830850601196,0.002,-0.003,-0.0117,-0.0786,0.0009,-0.5551
55.66594409942627,0.0019,-0.0075,-0.0126,0.1535,0.0009,-0.5497
55.6660430431366,0.0017,-0.0106,-0.009,0.3401,0.0009,-0.3997
55.66615390777588,0.0016,-0.0113,-0.0014,0.4001,0.0009,-0.1578
55.66624402999878,0.0015,-0.0095,0.0044,0.3049,0.0009,0.0654
55.6663339138031,0.0015,-0.006,0.0053,0.2085,0.0009,0.235
55.66642498970032,0.0016,-0.0019,0.0071,0.1879,0.0009,0.4072
55.666513204574585,0.0017,0.0026,0.0112,0.0511,0.0009,0.5233
55.75799608230591,0.0019,0.0069,0.0093,-0.1357,0.0009,0.5082
55.75813388824463,0.0021,0.0098,0.0064,-0.2403,0.0009,0.4063
55.75822305679321,0.0022,0.0108,0.0042,-0.3387,0.0009,0.2261
55.75831198692322,0.0023,0.0098,-0.0012,-0.3821,0.0009,-0.0214
55.75839900970459,0.0023,0.0066,-0.0067,-0.2857,0.0009,-0.2485
55.75849223136902,0.0022,0.0022,-0.0088,-0.1804,0.0009,-0.4252
55.75857996940613,0.002,-0.0026,-0.0108,-0.0539,0.0009,-0.5375
55.758666038513184,0.0019,-0.0071,-0.0111,0.158,0.0009,-0.5179
55.75875186920166,0.0017,-0.01,-0.0076,0.3395,0.0009,-0.3581
55.8483030796051,0.0016,-0.0105,-0.0003,0.3993,0.0009,-0.1078
55.84843587875366,0.0016,-0.0084,0.0055,0.2899,0.0009,0.1145
55.84855604171753,0.0016,-0.0048,0.0071,0.187,0.0009,0.284
55.8486590385437,0.0017,-0.0006,0.0081,0.0928,0.0009,0.4028
55.84875798225403,0.0018,0.0035,0.0092,-0.012,0.0009,0.4644
55.84885287284851,0.002,0.007,0.0087,-0.1494,0.0009,0.4361
55.848947048187256,0.0021,0.0092,0.0062,-0.2753,0.0009,0.3097
55.849040031433105,0.0022,0.0094,0.0016,-0.3499,0.0009,0.1026
55.84916305541992,0.0022,0.0076,-0.004,-0.3107,0.0009,-0.1204
55.84926104545593,0.0022,0.0041,-0.0083,-0.2215,0.0009,-0.3191
55.940232038497925,0.0021,-0.0002,-0.0098,-0.0965,0.0009,-0.4501
55.9403760433197,0.002,-0.0045,-0.0103,0.0496,0.0009,-0.4933
55.94047212600708,0.0018,-0.008,-0.0088,0.2187,0.0009,-0.4192
55.940561056137085,0.0017,-0.0097,-0.0048,0.3496,0.0009,-0.2325
55.94064688682556,0.0016,-0.009,0.0026,0.3365,0.0009,-0.001
55.940743923187256,0.0016,-0.0063,0.0067,0.2009,0.0009,0.1735
55.940828800201416,0.0016,-0.0027,0.0061,0.0984,0.0009,0.28
55.940911054611206,0.0017,0.0008,0.0075,0.0504,0.0009,0.3683
55.94099402427673,0.0018,0.0042,0.0088,-0.0711,0.0009,0.3891
56.0326030254364,0.002,0.0067,0.0064,-0.1953,0.0009,0.314
56.032776832580566,0.0021,0.0078,0.0039,-0.2715,0.0009,0.1728
56.032879114151,0.0021,0.0071,-0.0005,-0.2874,0.0009,-0.0107
56.0329909324646,0.0021,0.0049,-0.0048,-0.2329,0.0009,-0.1907
56.03308582305908,0.0021,0.0016,-0.0073,-0.1327,0.0009,-0.3267
56.03318190574646,0.002,-0.0021,-0.0085,-0.0407,0.0009,-0.4136
56.033275842666626,0.0018,-0.0055,-0.0096,0.1023,0.0009,-0.4184
56.03337383270264,0.0017,-0.0079,-0.0077,0.255,0.0009,-0.3128
56.033467054367065,0.0016,-0.0086,-0.0021,0.3187,0.0009,-0.1265
56.1240918636322,0.0015,-0.0073,0.003,0.2507,0.0009,0.0536
56.12424397468567,0.0016,-0.0046,0.005,0.1503,0.0009,0.1847
56.124337911605835,0.0016,-0.0014,0.0051,0.0675,0.0009,0.2651
56.12442398071289,0.0017,0.0016,0.006,0.0148,0.0009,0.3197
56.12450885772705,0.0018,0.0042,0.0066,-0.0814,0.0009,0.3184
56.12460494041443,0.0019,0.0061,0.0043,-0.1792,0.0009,0.2384
56.12468981742859,0.002,0.0066,0.0019,-0.2253,0.0009,0.1117
56.124778032302856,0.002,0.0057,-0.0014,-0.2258,0.0009,-0.0393
56.12486505508423,0.002,0.0036,-0.004,-0.1887,0.0009,-0.186
56.2157039642334,0.002,0.0007,-0.0067,-0.1234,0.0009,-0.3121
56.21589493751526,0.0019,-0.0025,-0.0078,-0.0297,0.0009,-0.3873
56.2160120010376,0.0017,-0.0056,-0.0083,0.1156,0.0009,-0.3746
56.216119050979614,0.0016,-0.0075,-0.006,0.2518,0.0009,-0.2588
56.21622395515442,0.0015,-0.0078,-0.0007,0.2936,0.0009,-0.078
56.21632099151611,0.0015,-0.0062,0.0036,0.2188,0.0009,0.0858
56.216418981552124,0.0015,-0.0035,0.0047,0.1313,0.0009,0.2029
56.2165150642395,0.0016,-0.0005,0.0053,0.0649,0.0009,0.2839
56.216609954833984,0.0017,0.0024,0.006,0.0033,0.0009,0.3321
56.30856013298035,0.0018,0.0049,0.0062,-0.0933,0.0009,0.3209
56.308717012405396,0.0019,0.0066,0.0044,-0.1859,0.0009,0.2381
56.30883002281189,0.002,0.0069,0.0021,-0.2417,0.0009,0.1029
56.3089280128479,0.002,0.0059,-0.0016,-0.2366,0.0009,-0.0563
56.30903601646423,0.002,0.0035,-0.0055,-0.1648,0.0009,-0.1983
56.30913209915161,0.0019,0.0006,-0.0063,-0.0545,0.0009,-0.277
56.30922603607178,0.0018,-0.0023,-0.006,0.0186,0.0009,-0.308
56.309321880340576,0.0017,-0.0046,-0.0064,0.1289,0.0009,-0.2722
56.30941700935364,0.0016,-0.0059,-0.0038,0.2304,0.0009,-0.1533
56.309508085250854,0.0016,-0.0056,0.0007,0.2354,0.0009,0.0009
56.399959087371826,0.0016,-0.0039,0.0031,0.1608,0.0009,0.1257
56.4001100063324,0.0016,-0.0015,0.0038,0.1283,0.0009,0.2362
56.40022301673889,0.0017,0.0012,0.0056,0.0744,0.0009,0.3261
56.40031695365906,0.0018,0.004,0.007,-0.0307,0.0009,0.3604
56.4004180431366,0.0019,0.0063,0.0055,-0.1545,0.0009,0.3054
56.40051603317261,0.002,0.0074,0.0031,-0.2353,0.0009,0.1819
56.40060997009277,0.0021,0.007,0.0,-0.27,0.0009,0.0136
56.40070700645447,0.0021,0.005,-0.0045,-0.2237,0.0009,-0.1586
56.400806188583374,0.002,0.002,-0.0062,-0.1693,0.0009,-0.3097
56.49182415008545,0.0019,-0.0016,-0.0082,-0.1091,0.0009,-0.4389
56.49196481704712,0.0018,-0.0054,-0.0109,0.0479,0.0009,-0.4885
56.49206805229187,0.0016,-0.0086,-0.0092,0.2289,0.0009,-0.4107
56.49215579032898,0.0015,-0.01,-0.0045,0.3358,0.0009,-0.2312
56.49224901199341,0.0014,-0.0093,0.002,0.3067,0.0009,-0.0238
56.49233889579773,0.0014,-0.0067,0.004,0.2092,0.0009,0.1366
56.49242401123047,0.0015,-0.0034,0.0054,0.1461,0.0009,0.2683
56.49250507354736,0.0016,0.0003,0.0069,0.0646,0.0009,0.3605
56.49258804321289,0.0017,0.0037,0.0071,-0.0436,0.0009,0.3869
56.58301115036011,0.0018,0.0064,0.0058,-0.1469,0.0009,0.339
56.583133935928345,0.0019,0.0078,0.0036,-0.2266,0.0009,0.2251
56.583261013031006,0.002,0.0076,0.0008,-0.2781,0.0009,0.0574
56.5833740234375,0.002,0.0059,-0.0032,-0.2545,0.0009,-0.1249
56.58347487449646,0.002,0.0029,-0.0068,-0.1593,0.0009,-0.2732
56.58358025550842,0.0019,-0.0006,-0.0072,-0.0482,0.0009,-0.3549
56.58367681503296,0.0018,-0.0039,-0.0074,0.0565,0.0009,-0.373
56.58377385139465,0.0016,-0.0064,-0.0066,0.2033,0.0009,-0.2921
56.58387207984924,0.0015,-0.0073,-0.002,0.2893,0.0009,-0.1231
56.6746301651001,0.0015,-0.0063,0.0031,0.2392,0.0009,0.0505
56.67477202415466,0.0015,-0.0039,0.0053,0.1618,0.0009,0.1918
56.67487096786499,0.0016,-0.0009,0.0061,0.0917,0.0009,0.2952
56.67496180534363,0.0017,0.0023,0.0076,0.029,0.0009,0.3712
56.675057888031006,0.0018,0.0052,0.0081,-0.0858,0.0009,0.3786
56.67515015602112,0.0019,0.0073,0.006,-0.1934,0.0009,0.3029
56.67524003982544,0.002,0.0081,0.0038,-0.2641,0.0009,0.1661
56.67533493041992,0.0021,0.0073,-0.0008,-0.2777,0.0009,-0.0128
56.67542910575867,0.0021,0.005,-0.0048,-0.2227,0.0009,-0.1861
56.7661349773407,0.002,0.0017,-0.0071,-0.1286,0.0009,-0.3176
56.76630401611328,0.0019,-0.0019,-0.0082,-0.0397,0.0009,-0.402
56.76640796661377,0.0018,-0.0053,-0.0091,0.0994,0.0009,-0.4051
56.76651310920715,0.0016,-0.0076,-0.0071,0.2443,0.0009,-0.3017
56.766610860824585,0.0015,-0.0083,-0.0019,0.3147,0.0009,-0.1163
56.766704082489014,0.0015,-0.0069,0.0035,0.2537,0.0009,0.0694
56.76679706573486,0.0015,-0.0042,0.005,0.1689,0.0009,0.2128
56.7668879032135,0.0016,-0.0008,0.0062,0.1023,0.0009,0.3237
56.7669780254364,0.0017,0.0026,0.0079,0.0143,0.0009,0.392
56.857954025268555,0.0018,0.0056,0.0077,-0.1127,0.0009,0.3791
56.85809302330017,0.002,0.0076,0.0055,-0.2153,0.0009,0.2853
56.85818386077881,0.0021,0.0081,0.0025,-0.2863,0.0009,0.1249
56.85827302932739,0.0021,0.0069,-0.0019,-0.2833,0.0009,-0.0657
56.85836482048035,0.0021,0.0042,-0.0065,-0.2124,0.0009,-0.2454
56.85846185684204,0.002,0.0005,-0.0081,-0.0988,0.0009,-0.3658
56.85855197906494,0.0019,-0.0032,-0.009,0.0073,0.0009,-0.4265
56.858638048172,0.0017,-0.0064,-0.0088,0.1575,0.0009,-0.3904
56.858726024627686,0.0016,-0.0083,-0.0059,0.2863,0.0009,-0.2522
56.949751138687134,0.0015,-0.0083,-0.0001,0.306,0.0009,-0.0593
56.949915170669556,0.0015,-0.0064,0.0035,0.2138,0.0009,0.1008
56.9500150680542,0.0015,-0.0035,0.0042,0.1234,0.0009,0.2097
56.95011496543884,0.0016,-0.0004,0.0047,0.0587,0.0009,0.2821
56.95020794868469,0.0017,0.0025,0.0053,-0.0056,0.0009,0.3194
56.950300216674805,0.0018,0.0049,0.005,-0.1069,0.0009,0.2903
56.95039105415344,0.0019,0.0062,0.0028,-0.1889,0.0009,0.1934
56.9504828453064,0.002,0.0062,0.0003,-0.2265,0.0009,0.0542
56.95057797431946,0.002,0.0049,-0.0039,-0.2011,0.0009,-0.099
56.95067381858826,0.0019,0.0025,-0.0054,-0.1505,0.0009,-0.2319
57.040568113327026,0.0019,-0.0005,-0.0076,-0.1115,0.0009,-0.3573
57.0407030582428,0.0018,-0.0039,-0.0098,0.0077,0.0009,-0.4242
57.04079794883728,0.0016,-0.0068,-0.0092,0.1853,0.0009,-0.3733
57.04088592529297,0.0015,-0.0084,-0.0051,0.2989,0.0009,-0.2213
57.04097104072571,0.0014,-0.0081,0.0008,0.28,0.0009,-0.0386
57.04106116294861,0.0014,-0.006,0.0044,0.1861,0.0009,0.1104
57.041144132614136,0.0014,-0.0031,0.004,0.1435,0.0009,0.2307
57.04122591018677,0.0015,0.0001,0.0066,0.1438,0.0009,0.3718
57.04130721092224,0.0016,0.0037,0.01,0.0104,0.0009,0.4533
57.13279700279236,0.0018,0.007,0.0075,-0.1354,0.0009,0.425
57.13294196128845,0.0019,0.009,0.0055,-0.2175,0.0009,0.3313
57.13305711746216,0.002,0.0096,0.0033,-0.3013,0.0009,0.1678
57.13315510749817,0.0021,0.0083,-0.0018,-0.3216,0.0009,-0.046
57.13325500488281,0.0021,0.0054,-0.0077,-0.234,0.0009,-0.2471
57.133354902267456,0.002,0.0014,-0.0088,-0.0826,0.0009,-0.3615
57.133464097976685,0.0019,-0.0026,-0.0087,0.0087,0.0009,-0.4185
57.133562088012695,0.0017,-0.0059,-0.0095,0.1461,0.0009,-0.3945
57.133660078048706,0.0016,-0.008,-0.0066,0.2903,0.0009,-0.2581
57.223711013793945,0.0015,-0.0081,-0.0003,0.319,0.0009,-0.0581
57.223849058151245,0.0015,-0.0062,0.0038,0.2188,0.0009,0.1076
57.223944902420044,0.0015,-0.0033,0.0046,0.1201,0.0009,0.217
57.22403597831726,0.0016,-0.0002,0.0052,0.0601,0.0009,0.294
57.22412109375,0.0017,0.0027,0.0068,-0.0013,0.0009,0.3452
57.22421193122864,0.0018,0.0053,0.0067,-0.1168,0.0009,0.322
57.22429800033569,0.0019,0.0068,0.0043,-0.2117,0.0009,0.2217
57.22438192367554,0.002,0.0069,0.0015,-0.2566,0.0009,0.0721
57.22447109222412,0.002,0.0056,-0.0025,-0.2393,0.0009,-0.0958
57.31770205497742,0.002,0.003,-0.0068,-0.1343,0.0009,-0.2282
57.31782913208008,0.0019,-0.0002,-0.0062,-0.0189,0.0009,-0.2836
57.317955017089844,0.0018,-0.0029,-0.006,0.0175,0.0009,-0.3158
57.318068981170654,0.0017,-0.0051,-0.0071,0.1388,0.0009,-0.2788
57.318172216415405,0.0016,-0.0063,-0.0038,0.2449,0.0009,-0.1504
57.318264961242676,0.0016,-0.0059,0.0015,0.2277,0.0009,0.0049
57.31835913658142,0.0016,-0.0041,0.0045,0.1396,0.0009,0.1255
57.318450927734375,0.0016,-0.0016,0.0044,0.0584,0.0009,0.1945
57.31854319572449,0.0017,0.0008,0.0046,0.0312,0.0009,0.2492
57.40993881225586,0.0018,0.003,0.0058,-0.0369,0.0009,0.2702
57.4100821018219,0.0019,0.0047,0.0048,-0.1296,0.0009,0.2252
57.410187005996704,0.0019,0.0055,0.003,-0.1833,0.0009,0.1329
57.41027808189392,0.002,0.0051,0.0007,-0.2039,0.0009,0.011
57.41038703918457,0.002,0.0037,-0.0025,-0.1687,0.0009,-0.1121
57.410500049591064,0.0019,0.0015,-0.0034,-0.1447,0.0009,-0.228
57.410589933395386,0.0019,-0.0012,-0.0057,-0.1,0.0009,-0.3333
57.41067695617676,0.0018,-0.0041,-0.0077,0.0148,0.0009,-0.3801
57.41076397895813,0.0016,-0.0066,-0.0071,0.168,0.0009,-0.3255
57.4108521938324,0.0015,-0.0078,-0.0035,0.2612,0.0009,-0.186
57.503592014312744,0.0015,-0.0072,0.0015,0.2543,0.0009,-0.0146
57.50373816490173,0.0015,-0.0052,0.0047,0.1725,0.0009,0.128
57.5038321018219,0.0015,-0.0024,0.0051,0.1312,0.0009,0.2486
57.503918170928955,0.0016,0.0007,0.0068,0.0839,0.0009,0.3531
57.50401711463928,0.0017,0.004,0.0085,-0.0249,0.0009,0.4012
57.50412392616272,0.0018,0.0067,0.0068,-0.1513,0.0009,0.3579
57.50421595573425,0.0019,0.0082,0.0048,-0.2341,0.0009,0.2477
57.50430202484131,0.002,0.0081,0.0021,-0.2887,0.0009,0.0826
57.504390239715576,0.0021,0.0065,-0.0027,-0.2721,0.0009,-0.107
57.59628105163574,0.002,0.0035,-0.0065,-0.1942,0.0009,-0.2755
57.596431016922,0.0019,-0.0002,-0.0078,-0.0895,0.0009,-0.3878
57.59653902053833,0.0018,-0.0039,-0.0091,0.031,0.0009,-0.4346
57.5966579914093,0.0017,-0.007,-0.0087,0.1847,0.0009,-0.3806
57.596763134002686,0.0015,-0.0086,-0.0052,0.3046,0.0009,-0.2256
57.59686803817749,0.0015,-0.0082,0.0014,0.2991,0.0009,-0.0264
57.59696006774902,0.0015,-0.006,0.0049,0.1974,0.0009,0.133
57.59706211090088,0.0015,-0.0029,0.0053,0.1067,0.0009,0.2392
57.597148180007935,0.0016,0.0003,0.0063,0.0531,0.0009,0.3196
57.689208030700684,0.0017,0.0033,0.0076,-0.0317,0.0009,0.3569
57.68934917449951,0.0018,0.0058,0.0065,-0.1473,0.0009,0.313
57.689440965652466,0.0019,0.0071,0.0041,-0.2313,0.0009,0.199
57.68952798843384,0.002,0.0069,0.0012,-0.264,0.0009,0.0424
57.689631938934326,0.002,0.0053,-0.0035,-0.2232,0.0009,-0.1221
57.68972301483154,0.0019,0.0025,-0.0053,-0.1196,0.0009,-0.2344
57.68981409072876,0.0019,-0.0005,-0.0044,-0.1299,0.0009,-0.349
57.68990421295166,0.0017,-0.0038,-0.009,-0.0514,0.0009,-0.4482
57.68999195098877,0.0016,-0.007,-0.0088,0.1624,0.0009,-0.41
57.6900851726532,0.0015,-0.0089,-0.0049,0.2936,0.0009,-0.2598
57.781498193740845,0.0014,-0.0088,0.0005,0.311,0.0009,-0.0597
57.781651973724365,0.0014,-0.0067,0.0047,0.2286,0.0009,0.1185
57.78176784515381,0.0014,-0.0035,0.0058,0.1429,0.0009,0.2511
57.78186392784119,0.0015,-0.0,0.0068,0.0734,0.0008,0.3481
57.78196310997009,0.0016,0.0034,0.0081,-0.0232,0.0008,0.3947
57.78205490112305,0.0017,0.0062,0.0075,-0.145,0.0008,0.3601
57.782148122787476,0.0018,0.0079,0.0053,-0.2433,0.0008,0.2474
57.78223991394043,0.0019,0.0079,0.0021,-0.3022,0.0008,0.0733
57.78233599662781,0.0019,0.0063,-0.0025,-0.2677,0.0009,-0.1125
57.873316049575806,0.0019,0.0033,-0.006,-0.1612,0.0009,-0.2564
57.873465061187744,0.0018,-0.0002,-0.0058,-0.0558,0.0009,-0.3331
57.87355995178223,0.0017,-0.0034,-0.0063,0.0226,0.0009,-0.3647
57.87366604804993,0.0016,-0.0059,-0.0065,0.1615,0.0009,-0.3092
57.87376308441162,0.0015,-0.0072,-0.0031,0.2676,0.0009,-0.1624
57.8738648891449,0.0014,-0.0066,0.0022,0.2539,0.0008,0.014
57.873953104019165,0.0015,-0.0045,0.0053,0.1723,0.0008,0.1611
57.87404108047485,0.0015,-0.0016,0.006,0.0868,0.0008,0.2599
57.874130964279175,0.0016,0.0014,0.0071,0.0375,0.0008,0.3368
57.967227935791016,0.0017,0.0043,0.0084,-0.0668,0.0008,0.3577
57.96740984916687,0.0018,0.0065,0.0066,-0.1863,0.0008,0.2901
57.9675178527832,0.0019,0.0074,0.0037,-0.2641,0.0008,0.1518
57.96763896942139,0.002,0.0066,-0.0005,-0.2709,0.0008,-0.0213
57.967742919921875,0.002,0.0044,-0.0051,-0.2113,0.0008,-0.1903
57.967849016189575,0.0019,0.0013,-0.0068,-0.1015,0.0009,-0.3021
57.9679741859436,0.0018,-0.0021,-0.0074,-0.0246,0.0009,-0.371
57.9680860042572,0.0017,-0.0051,-0.0085,0.1006,0.0009,-0.3693
57.96818780899048,0.0016,-0.0071,-0.0064,0.2298,0.0008,-0.2703
58.060510873794556,0.0015,-0.0076,-0.0021,0.2847,0.0008,-0.1056
58.06064414978027,0.0014,-0.0064,0.0024,0.2319,0.0008,0.0581
58.06073808670044,0.0014,-0.0039,0.0037,0.1327,0.0008,0.1687
58.06082105636597,0.0015,-0.0011,0.0029,0.1242,0.0008,0.27
58.0609130859375,0.0016,0.0019,0.0064,0.0913,0.0008,0.3769
58.06100296974182,0.0017,0.005,0.0075,-0.0651,0.0008,0.3932
58.061086893081665,0.0018,0.0073,0.0049,-0.174,0.0008,0.3219
58.06116986274719,0.0019,0.0083,0.0031,-0.237,0.0008,0.1977
58.06126403808594,0.002,0.0077,-0.0001,-0.2849,0.0008,0.0193
58.06137704849243,0.002,0.0056,-0.0054,-0.24,0.0008,-0.1696
58.15355587005615,0.002,0.0023,-0.0077,-0.1632,0.0008,-0.3271
58.15369701385498,0.0019,-0.0016,-0.009,-0.0804,0.0008,-0.4429
58.15379881858826,0.0017,-0.0054,-0.0103,0.074,0.0008,-0.4709
58.15390110015869,0.0016,-0.0084,-0.0081,0.2461,0.0008,-0.3746
58.154001235961914,0.0014,-0.0095,-0.0029,0.3443,0.0008,-0.1779
58.15409708023071,0.0014,-0.0084,0.0033,0.299,0.0008,0.0343
58.15418791770935,0.0014,-0.0056,0.0048,0.1933,0.0008,0.1912
58.15427899360657,0.0015,-0.002,0.0056,0.1682,0.0008,0.3399
58.15436792373657,0.0016,0.0019,0.0092,0.0818,0.0008,0.461
58.246214866638184,0.0017,0.0058,0.0094,-0.0779,0.0008,0.483
58.24639415740967,0.0019,0.0088,0.0072,-0.1993,0.0008,0.413
58.24648904800415,0.002,0.0102,0.0053,-0.3003,0.0008,0.2652
58.24659705162048,0.0021,0.0097,0.001,-0.3604,0.0008,0.0473
58.24669003486633,0.0021,0.0073,-0.0047,-0.2911,0.0008,-0.1686
58.24678707122803,0.002,0.0034,-0.0073,-0.1769,0.0008,-0.3319
58.24688005447388,0.0019,-0.0008,-0.0081,-0.066,0.0009,-0.4314
58.24697279930115,0.0018,-0.0048,-0.0091,0.082,0.0009,-0.4455
58.24706411361694,0.0017,-0.0077,-0.0075,0.2418,0.0009,-0.3467
58.33813500404358,0.0015,-0.0088,-0.003,0.3375,0.0008,-0.155
58.33827090263367,0.0015,-0.0076,0.0031,0.3011,0.0008,0.058
58.33838891983032,0.0015,-0.0048,0.0053,0.181,0.0008,0.2111
58.33848023414612,0.0016,-0.0013,0.0057,0.1437,0.0008,0.3454
58.338562965393066,0.0017,0.0025,0.0091,0.0578,0.0008,0.4508
58.338661193847656,0.0018,0.0061,0.0091,-0.1073,0.0008,0.4521
58.338746070861816,0.002,0.0087,0.0068,-0.2353,0.0008,0.3556
58.33882999420166,0.0021,0.0096,0.0041,-0.3302,0.0009,0.1793
58.33891701698303,0.0022,0.0084,-0.0018,-0.3295,0.0009,-0.0395
58.430042028427124,0.0021,0.0055,-0.0067,-0.2443,0.0009,-0.2402
58.430222034454346,0.0021,0.0015,-0.0083,-0.1183,0.0009,-0.374
58.43032693862915,0.0019,-0.0026,-0.0093,-0.0037,0.0009,-0.4434
58.43043088912964,0.0018,-0.0061,-0.009,0.1429,0.0009,-0.4184
58.43052911758423,0.0017,-0.0084,-0.0066,0.2742,0.0009,-0.293
58.43062400817871,0.0016,-0.0087,-0.0009,0.3298,0.0009,-0.0906
58.43072009086609,0.0015,-0.007,0.0042,0.2501,0.0009,0.0973
58.4308180809021,0.0016,-0.0039,0.0059,0.1595,0.0009,0.2408
58.430915117263794,0.0017,-0.0004,0.0065,0.0863,0.0009,0.344
58.43100595474243,0.0018,0.0031,0.0081,-0.0057,0.0009,0.4014
58.52278184890747,0.0019,0.0061,0.0071,-0.1315,0.0009,0.3726
58.522918939590454,0.002,0.0079,0.0049,-0.2301,0.0009,0.2652
58.52301478385925,0.0021,0.0081,0.002,-0.2954,0.0009,0.0952
58.52310490608215,0.0021,0.0066,-0.0031,-0.2779,0.0009,-0.1011
58.523200035095215,0.0021,0.0036,-0.0072,-0.1791,0.0009,-0.2647
58.52329707145691,0.002,-0.0,-0.0076,-0.0607,0.0009,-0.357
58.523386001586914,0.0019,-0.0035,-0.008,0.0285,0.0009,-0.3968
58.5234739780426,0.0018,-0.0063,-0.0081,0.1706,0.0009,-0.3477
58.52356195449829,0.0017,-0.0078,-0.0048,0.2887,0.0009,-0.1995
58.61497902870178,0.0016,-0.0074,0.0011,0.2881,0.0009,-0.0092
58.61518216133118,0.0016,-0.0053,0.0042,0.188,0.0009,0.1401
58.615304946899414,0.0016,-0.0023,0.0046,0.1336,0.0009,0.2587
58.61543297767639,0.0017,0.0009,0.0062,0.0839,0.0009,0.3591
58.6155309677124,0.0018,0.0041,0.0079,-0.0296,0.0009,0.4003
58.61562490463257,0.002,0.0068,0.0061,-0.1494,0.0009,0.353
58.61572003364563,0.0021,0.0082,0.0042,-0.2309,0.0009,0.2409
58.61581301689148,0.0022,0.0081,0.0014,-0.2885,0.0009,0.0712
58.61591601371765,0.0022,0.0064,-0.0037,-0.2584,0.0009,-0.1166
58.70789289474487,0.0021,0.0033,-0.0071,-0.1639,0.0009,-0.2698
58.708045959472656,0.0021,-0.0003,-0.0077,-0.0609,0.0009,-0.3629
58.708155155181885,0.0019,-0.0038,-0.0084,0.0435,0.0009,-0.3957
58.70825004577637,0.0018,-0.0065,-0.008,0.188,0.0009,-0.3342
58.70834708213806,0.0017,-0.0078,-0.0045,0.2951,0.0009,-0.18
58.70844602584839,0.0016,-0.0072,0.0011,0.2886,0.0009,0.0105
58.70853304862976,0.0016,-0.0049,0.0042,0.1864,0.0009,0.1592
58.70862007141113,0.0017,-0.0019,0.0042,0.1418,0.0009,0.2809
58.70870494842529,0.0018,0.0014,0.0066,0.1032,0.0009,0.3973
58.798929929733276,0.0019,0.0049,0.0087,-0.033,0.0009,0.4428
58.79908299446106,0.0021,0.0077,0.0068,-0.1692,0.0009,0.3889
58.79918694496155,0.0022,0.0092,0.0049,-0.2661,0.0009,0.2596
58.7992901802063,0.0023,0.009,0.0009,-0.3206,0.0009,0.0665
58.79938292503357,0.0023,0.0069,-0.0044,-0.2759,0.0009,-0.1374
58.799474000930786,0.0022,0.0035,-0.0075,-0.2017,0.0009,-0.3175
58.79956912994385,0.0021,-0.0006,-0.0091,-0.0975,0.0009,-0.445
58.79965591430664,0.002,-0.0048,-0.0103,0.0564,0.0009,-0.4844
58.79974389076233,0.0018,-0.0081,-0.0085,0.223,0.0009,-0.4054
58.79983687400818,0.0017,-0.0096,-0.0045,0.3395,0.0009,-0.2234
58.89094400405884,0.0016,-0.0089,0.0023,0.338,0.0009,0.0068
58.891088008880615,0.0016,-0.0062,0.0062,0.2208,0.0009,0.1913
58.89117908477783,0.0017,-0.0024,0.0066,0.1273,0.0009,0.3207
58.89126396179199,0.0018,0.0014,0.0088,0.0592,0.0009,0.4241
58.891347885131836,0.0019,0.0051,0.01,-0.0796,0.0009,0.4488
58.8914361000061,0.0021,0.008,0.0079,-0.2205,0.0009,0.3697
58.891534090042114,0.0022,0.0092,0.005,-0.3186,0.0009,0.2067
58.89162492752075,0.0023,0.0084,-0.0006,-0.3287,0.0009,-0.0032
58.89171814918518,0.0023,0.0059,-0.0052,-0.2523,0.0009,-0.1981
58.98229908943176,0.0022,0.0022,-0.0077,-0.1387,0.0009,-0.3397
58.982470989227295,0.0021,-0.0018,-0.0087,-0.038,0.0009,-0.4264
58.98258709907532,0.002,-0.0054,-0.0096,0.108,0.0009,-0.4273
58.98269319534302,0.0018,-0.008,-0.0074,0.2515,0.0009,-0.3214
58.98279404640198,0.0017,-0.0087,-0.0029,0.326,0.0009,-0.1362
58.98288607597351,0.0017,-0.0074,0.003,0.2755,0.0009,0.0597
58.98297905921936,0.0017,-0.0046,0.0045,0.1609,0.0009,0.1943
58.983069896698,0.0018,-0.0013,0.0047,0.1341,0.0009,0.3148
58.98317098617554,0.0019,0.0021,0.008,0.0514,0.0009,0.4076
59.07511305809021,0.002,0.0055,0.0079,-0.0983,0.0009,0.4058
59.0752592086792,0.0021,0.0078,0.0056,-0.2019,0.0009,0.3216
59.07536602020264,0.0022,0.0086,0.0035,-0.2803,0.0009,0.1723
59.075469970703125,0.0023,0.0077,-0.0008,-0.3044,0.0009,-0.0237
59.075570821762085,0.0023,0.0052,-0.0064,-0.2279,0.0009,-0.212
59.075676918029785,0.0022,0.0015,-0.0079,-0.0921,0.0009,-0.3257
59.07577610015869,0.0021,-0.0021,-0.0082,-0.0082,0.0009,-0.3896
59.07587289810181,0.002,-0.0053,-0.0087,0.1298,0.0009,-0.3703
59.07596802711487,0.0019,-0.0073,-0.006,0.2614,0.0009,-0.2476
59.16683793067932,0.0018,-0.0075,-0.0005,0.3015,0.0009,-0.0602
59.167004108428955,0.0018,-0.0059,0.0044,0.2195,0.0009,0.1102
59.16709494590759,0.0018,-0.003,0.0043,0.1355,0.0009,0.2278
59.16718602180481,0.0019,0.0001,0.0056,0.1374,0.0009,0.3582
59.16727018356323,0.002,0.0036,0.0092,0.0275,0.0009,0.4455
59.16735792160034,0.0021,0.0068,0.0075,-0.1348,0.0009,0.4181
59.167441844940186,0.0023,0.0089,0.0051,-0.2359,0.0009,0.3097
59.16752505302429,0.0024,0.0092,0.0026,-0.3127,0.0009,0.1339
59.16761493682861,0.0024,0.0078,-0.0036,-0.2992,0.0009,-0.079
59.25802206993103,0.0024,0.0047,-0.0064,-0.2185,0.001,-0.2611
59.258188009262085,0.0023,0.0007,-0.0088,-0.1548,0.001,-0.4222
59.258301973342896,0.0022,-0.0036,-0.0113,-0.0045,0.001,-0.5066
59.25840210914612,0.002,-0.0075,-0.0101,0.1922,0.001,-0.4585
59.258503913879395,0.0018,-0.0097,-0.0067,0.3304,0.001,-0.2981
59.258601903915405,0.0018,-0.0097,-0.0004,0.3683,0.001,-0.0684
59.258694887161255,0.0017,-0.0075,0.0053,0.2581,0.001,0.1324
59.2587890625,0.0018,-0.0039,0.0049,0.1519,0.001,0.2639
59.25888109207153,0.0019,-0.0002,0.0062,0.1721,0.0009,0.4206
59.258971214294434,0.002,0.004,0.0111,0.0346,0.001,0.5263
59.35061192512512,0.0022,0.0079,0.0089,-0.1653,0.001,0.4897
59.350757122039795,0.0023,0.0103,0.0061,-0.2719,0.001,0.3659
59.35085892677307,0.0024,0.0108,0.0031,-0.3586,0.001,0.1648
59.350950956344604,0.0025,0.0092,-0.0033,-0.351,0.001,-0.0779
59.35104417800903,0.0025,0.0057,-0.0074,-0.2417,0.001,-0.2817
59.3511438369751,0.0024,0.0012,-0.0082,-0.1909,0.001,-0.4616
59.35124611854553,0.0022,-0.0037,-0.0121,-0.0495,0.001,-0.5813
59.35135316848755,0.002,-0.0082,-0.0117,0.2061,0.001,-0.5362
59.35146403312683,0.0019,-0.011,-0.0071,0.363,0.001,-0.3586
59.44348096847534,0.0018,-0.0112,-0.001,0.4164,0.001,-0.1025
59.44363212585449,0.0017,-0.0088,0.0055,0.3034,0.001,0.1286
59.44374203681946,0.0018,-0.0049,0.0065,0.2066,0.001,0.3063
59.44384503364563,0.0019,-0.0005,0.0084,0.1253,0.001,0.4487
59.44394588470459,0.002,0.0041,0.0104,-0.0191,0.001,0.5149
59.444042921066284,0.0022,0.0079,0.0089,-0.1671,0.001,0.4771
59.44413900375366,0.0023,0.0102,0.0068,-0.2943,0.001,0.3441
59.44423699378967,0.0024,0.0105,0.0028,-0.3875,0.001,0.1221
59.44433617591858,0.0025,0.0085,-0.0043,-0.3349,0.001,-0.1176
59.536065101623535,0.0024,0.0048,-0.0067,-0.2449,0.001,-0.3188
59.53624486923218,0.0023,0.0003,-0.0096,-0.1625,0.001,-0.4906
59.53635001182556,0.0022,-0.0046,-0.0118,0.0312,0.001,-0.5562
59.53644108772278,0.002,-0.0086,-0.0092,0.2346,0.001,-0.4748
59.53653001785278,0.0018,-0.0107,-0.0052,0.3691,0.001,-0.2794
59.53662300109863,0.0018,-0.0102,0.0026,0.3912,0.001,-0.0136
59.53670811653137,0.0017,-0.0073,0.0082,0.249,0.001,0.2026
59.5367910861969,0.0018,-0.0031,0.008,0.1195,0.001,0.3363
59.53687405586243,0.0019,0.0011,0.0091,0.0544,0.001,0.4384
59.63083219528198,0.0021,0.005,0.0105,-0.0906,0.001,0.4598
59.63099384307861,0.0022,0.008,0.008,-0.244,0.001,0.3658
59.631118059158325,0.0023,0.0092,0.004,-0.34,0.001,0.1826
59.63122510910034,0.0024,0.0082,-0.0014,-0.3353,0.001,-0.0369
59.63133001327515,0.0024,0.0054,-0.0061,-0.2423,0.001,-0.2324
59.631433963775635,0.0023,0.0015,-0.007,-0.1902,0.001,-0.4027
59.63153791427612,0.0022,-0.0029,-0.0114,-0.1081,0.001,-0.5545
59.631635904312134,0.002,-0.0074,-0.0136,0.1233,0.001,-0.5754
59.63173699378967,0.0018,-0.0108,-0.01,0.3106,0.001,-0.4521
59.631836891174316,0.0017,-0.012,-0.0048,0.4092,0.001,-0.2284
59.72538113594055,0.0016,-0.0106,0.0033,0.356,0.001,0.0192
59.725526094436646,0.0016,-0.0072,0.0061,0.2297,0.001,0.2079
59.72563099861145,0.0017,-0.003,0.0074,0.1415,0.001,0.3516
59.72572112083435,0.0018,0.0013,0.0094,0.0438,0.001,0.4492
59.72582387924194,0.0019,0.0053,0.0092,-0.0982,0.001,0.4564
59.72592306137085,0.0021,0.0082,0.0068,-0.2175,0.001,0.3715
59.72601294517517,0.0022,0.0093,0.0041,-0.3126,0.001,0.2067
59.72611618041992,0.0023,0.0085,-0.0006,-0.3403,0.001,-0.0106
59.72621202468872,0.0023,0.0059,-0.0058,-0.2507,0.001,-0.2088
59.82052397727966,0.0022,0.0021,-0.0076,-0.1704,0.001,-0.3703
59.82067394256592,0.0021,-0.0022,-0.0095,-0.076,0.001,-0.4875
59.82077598571777,0.0019,-0.0063,-0.0112,0.1138,0.001,-0.4966
59.82087302207947,0.0017,-0.0092,-0.0086,0.2879,0.001,-0.3771
59.82097887992859,0.0016,-0.0101,-0.0034,0.3771,0.001,-0.1632
59.82107210159302,0.0016,-0.0087,0.0032,0.3203,0.001,0.0624
59.82116413116455,0.0016,-0.0055,0.0055,0.1952,0.001,0.2252
59.82125401496887,0.0017,-0.0016,0.005,0.177,0.001,0.3758
59.82134294509888,0.0018,0.0025,0.01,0.0912,0.001,0.5091
59.82143306732178,0.0019,0.0067,0.0106,-0.108,0.001,0.521
59.91205096244812,0.0021,0.0098,0.0076,-0.2351,0.001,0.4315
59.912211894989014,0.0023,0.0111,0.0056,-0.3382,0.001,0.2619
59.91233801841736,0.0023,0.0103,-0.0002,-0.3811,0.001,0.0224
59.912444829940796,0.0024,0.0074,-0.0057,-0.2943,0.001,-0.2021
59.91254901885986,0.0023,0.0032,-0.008,-0.1939,0.001,-0.3809
59.91264796257019,0.0022,-0.0015,-0.0105,-0.0819,0.001,-0.5086
59.912744998931885,0.002,-0.006,-0.0123,0.1097,0.001,-0.5284
59.912840843200684,0.0018,-0.0093,-0.0094,0.2874,0.001,-0.4149
59.91293787956238,0.0017,-0.0106,-0.0047,0.3921,0.001,-0.2007
60.00409007072449,0.0016,-0.0094,0.0028,0.3565,0.001,0.0446
60.00423192977905,0.0016,-0.0061,0.0065,0.2125,0.001,0.2254
60.00432991981506,0.0017,-0.0021,0.0062,0.0978,0.001,0.3326
60.004420042037964,0.0018,0.0018,0.007,0.0373,0.001,0.4093
60.00451898574829,0.002,0.0052,0.0079,-0.0948,0.001,0.4091
60.00461483001709,0.0021,0.0077,0.0054,-0.233,0.001,0.3037
60.004706144332886,0.0022,0.0083,0.002,-0.3112,0.001,0.1239
60.00480103492737,0.0022,0.007,-0.0032,-0.2926,0.001,-0.0822
60.004894971847534,0.0022,0.0041,-0.0059,-0.2,0.001,-0.2493
60.096205949783325,0.0021,0.0005,-0.0075,-0.1639,0.001,-0.4075
60.09637713432312,0.002,-0.0037,-0.0107,-0.0297,0.001,-0.5047
60.09649991989136,0.0018,-0.0075,-0.0095,0.1804,0.001,-0.4597
60.096604108810425,0.0017,-0.0097,-0.0059,0.3218,0.001,-0.2989
60.09670090675354,0.0016,-0.0097,0.0001,0.3615,0.001,-0.0699
60.09679698944092,0.0016,-0.0075,0.0054,0.2602,0.001,0.1331
60.09689021110535,0.0016,-0.0039,0.0062,0.1417,0.001,0.2676
60.0969820022583,0.0017,-0.0001,0.0066,0.0708,0.001,0.3614
60.097073793411255,0.0018,0.0034,0.0084,-0.0267,0.001,0.4075
60.188995122909546,0.0019,0.0064,0.0075,-0.166,0.001,0.3594
60.18915891647339,0.002,0.008,0.0047,-0.2679,0.001,0.2261
60.18926405906677,0.0021,0.0078,0.0004,-0.3063,0.001,0.0374
60.189363956451416,0.0021,0.0058,-0.0048,-0.249,0.001,-0.1529
60.18946814537048,0.0021,0.0026,-0.007,-0.1232,0.001,-0.2793
60.18956804275513,0.002,-0.0009,-0.006,-0.1246,0.001,-0.4018
60.189666986465454,0.0019,-0.0046,-0.0101,-0.0429,0.001,-0.5038
60.189765214920044,0.0017,-0.0081,-0.01,0.1714,0.001,-0.4685
60.18986105918884,0.0015,-0.0102,-0.0063,0.3268,0.001,-0.3081
60.18995809555054,0.0014,-0.0102,-0.0001,0.3644,0.0009,-0.0793
60.28053092956543,0.0014,-0.0079,0.0057,0.2545,0.0009,0.1216
60.28067994117737,0.0015,-0.0043,0.0053,0.1705,0.0009,0.2681
60.28079104423523,0.0015,-0.0004,0.0076,0.1656,0.0009,0.4302
60.28088593482971,0.0017,0.0039,0.0111,0.0035,0.0009,0.5152
60.280986070632935,0.0019,0.0078,0.0086,-0.1702,0.0009,0.4729
60.2810800075531,0.002,0.01,0.0064,-0.2708,0.0009,0.3516
60.28117394447327,0.0021,0.0105,0.003,-0.3613,0.0009,0.1477
60.28127312660217,0.0022,0.0088,-0.0034,-0.35,0.0009,-0.0957
60.281373023986816,0.0021,0.0052,-0.0081,-0.2281,0.0009,-0.296
60.3720498085022,0.002,0.0008,-0.0075,-0.1785,0.0009,-0.4632
60.37218999862671,0.0019,-0.004,-0.0122,-0.0746,0.0009,-0.6001
60.37228488922119,0.0017,-0.0086,-0.0126,0.1955,0.0009,-0.5684
60.37237501144409,0.0015,-0.0116,-0.0077,0.3798,0.0009,-0.3847
60.37246298789978,0.0014,-0.0119,0.0001,0.4276,0.0009,-0.1145
60.37254810333252,0.0014,-0.0094,0.0059,0.3164,0.0009,0.1268
60.37263798713684,0.0014,-0.0054,0.0081,0.1891,0.0009,0.3042
60.372721910476685,0.0015,-0.0008,0.0087,0.082,0.0009,0.4197
60.37280607223511,0.0016,0.0035,0.01,-0.0147,0.0009,0.485
60.46397590637207,0.0018,0.0072,0.0097,-0.1705,0.0009,0.4504
60.46412706375122,0.0019,0.0094,0.0069,-0.3077,0.0009,0.3084
60.464240074157715,0.002,0.0096,0.0026,-0.3705,0.0009,0.0953
60.46433997154236,0.0021,0.0077,-0.003,-0.3094,0.0009,-0.1197
60.46444392204285,0.002,0.0042,-0.0054,-0.1904,0.0009,-0.2771
60.46454095840454,0.0019,0.0002,-0.0053,-0.1808,0.0009,-0.4308
60.46463894844055,0.0018,-0.004,-0.0101,-0.0537,0.0009,-0.5396
60.46473503112793,0.0016,-0.0081,-0.0094,0.1985,0.0009,-0.4824
60.46483087539673,0.0015,-0.0104,-0.0047,0.3366,0.0009,-0.3045
60.55575704574585,0.0014,-0.0102,0.0009,0.3739,0.0009,-0.0618
60.555914878845215,0.0013,-0.0078,0.0067,0.2848,0.0009,0.1659
60.55601096153259,0.0014,-0.0038,0.0087,0.1807,0.0009,0.3435
60.5561089515686,0.0015,0.0007,0.0092,0.0948,0.0009,0.4722
60.55620813369751,0.0017,0.0051,0.0107,-0.0445,0.0009,0.5243
60.55629301071167,0.0018,0.0087,0.0095,-0.2166,0.0009,0.4592
60.5563759803772,0.002,0.0105,0.0064,-0.3563,0.0009,0.2826
60.55645799636841,0.0021,0.0101,0.0001,-0.3951,0.0009,0.0359
60.556544065475464,0.0021,0.0074,-0.0058,-0.3107,0.0009,-0.2001
60.6503701210022,0.002,0.0033,-0.0078,-0.1895,0.0009,-0.3751
60.6505389213562,0.0019,-0.0014,-0.0084,-0.1746,0.0009,-0.5477
60.650652170181274,0.0017,-0.0063,-0.0128,-0.0001,0.0009,-0.6425
60.65076494216919,0.0015,-0.0107,-0.0107,0.2698,0.0009,-0.5505
60.65086793899536,0.0013,-0.0128,-0.0051,0.4254,0.0009,-0.3191
60.65096187591553,0.0012,-0.0121,0.003,0.42,0.0009,-0.0332
60.651055097579956,0.0012,-0.0088,0.0074,0.2778,0.0009,0.1942
60.65114688873291,0.0013,-0.0043,0.008,0.1736,0.0009,0.3621
60.651238203048706,0.0014,0.0005,0.0105,0.0768,0.0009,0.4884
60.65133786201477,0.0016,0.0051,0.0115,-0.0867,0.0009,0.519
60.74470806121826,0.0017,0.0087,0.009,-0.2359,0.0009,0.4378
60.744863986968994,0.0019,0.0103,0.0062,-0.3522,0.0009,0.2622
60.744975090026855,0.002,0.0098,0.0003,-0.3859,0.0009,0.0227
60.745075941085815,0.002,0.0071,-0.0052,-0.2985,0.0009,-0.2016
60.74518084526062,0.0019,0.003,-0.0079,-0.2066,0.0009,-0.3886
60.74528098106384,0.0018,-0.0017,-0.0105,-0.0993,0.0009,-0.5279
60.74537897109985,0.0016,-0.0063,-0.0127,0.0998,0.0009,-0.5575
60.74547719955444,0.0014,-0.0099,-0.0101,0.2915,0.0009,-0.4468
60.74557423591614,0.0013,-0.0113,-0.0055,0.4094,0.0009,-0.2278
60.83919620513916,0.0012,-0.0101,0.002,0.3736,0.0009,0.022
60.83937096595764,0.0012,-0.0069,0.0047,0.2317,0.0009,0.2021
60.839492082595825,0.0013,-0.0028,0.005,0.1764,0.0008,0.3507
60.839603900909424,0.0014,0.0014,0.0085,0.0876,0.0008,0.4703
60.839723110198975,0.0015,0.0056,0.0093,-0.0809,0.0008,0.489
60.83981800079346,0.0017,0.0087,0.0071,-0.208,0.0008,0.4121
60.839909076690674,0.0018,0.0101,0.005,-0.3099,0.0008,0.2556
60.84000611305237,0.0019,0.0096,0.0002,-0.3601,0.0008,0.0317
60.84010291099548,0.0019,0.007,-0.0055,-0.285,0.0008,-0.1857
60.840198040008545,0.0019,0.0031,-0.0082,-0.1601,0.0008,-0.3446
60.93474984169006,0.0018,-0.0012,-0.0094,-0.0439,0.0008,-0.4399
60.9349000453949,0.0016,-0.0051,-0.0104,0.1096,0.0008,-0.4459
60.93499708175659,0.0015,-0.0079,-0.0084,0.267,0.0008,-0.3377
60.93508720397949,0.0014,-0.0088,-0.0037,0.3587,0.0008,-0.137
60.93518900871277,0.0013,-0.0075,0.0033,0.3021,0.0008,0.0778
60.9352810382843,0.0013,-0.0045,0.0049,0.1944,0.0008,0.2367
60.93537092208862,0.0014,-0.0009,0.006,0.1471,0.0008,0.3754
60.93546009063721,0.0015,0.0031,0.0088,0.0402,0.0008,0.4672
60.93554902076721,0.0017,0.0067,0.0081,-0.1212,0.0008,0.4526
61.028610944747925,0.0018,0.0091,0.0056,-0.2502,0.0008,0.3385
61.02876114845276,0.0019,0.0097,0.0019,-0.3352,0.0008,0.1431
61.02886915206909,0.002,0.0082,-0.0038,-0.3156,0.0008,-0.0815
61.028964042663574,0.002,0.0049,-0.0079,-0.2116,0.0008,-0.27
61.02906394004822,0.0019,0.0008,-0.008,-0.1749,0.0008,-0.4384
61.02916598320007,0.0017,-0.0037,-0.0124,-0.0632,0.0008,-0.5697
61.02925705909729,0.0015,-0.0081,-0.0122,0.1886,0.0008,-0.539
61.02934813499451,0.0014,-0.011,-0.0075,0.353,0.0008,-0.371
61.02943801879883,0.0013,-0.0113,-0.0012,0.41,0.0008,-0.1212
61.029523849487305,0.0012,-0.0091,0.0058,0.3128,0.0008,0.117
61.12047004699707,0.0012,-0.0052,0.006,0.1962,0.0008,0.2846
61.12061595916748,0.0013,-0.0009,0.0082,0.1729,0.0008,0.4551
61.12071204185486,0.0015,0.0038,0.012,0.0109,0.0008,0.5517
61.12080502510071,0.0017,0.0081,0.0098,-0.1785,0.0008,0.5126
61.12090802192688,0.0018,0.0106,0.0074,-0.3038,0.0008,0.3776
61.12100410461426,0.002,0.0111,0.0036,-0.4045,0.0008,0.1502
61.12109899520874,0.002,0.0093,-0.0031,-0.3749,0.0008,-0.1069
61.121192932128906,0.002,0.0054,-0.0082,-0.2568,0.0008,-0.3268
61.12128686904907,0.0019,0.0006,-0.0095,-0.0847,0.0008,-0.448
61.212620973587036,0.0017,-0.0039,-0.0094,0.0407,0.0008,-0.4903
61.212806940078735,0.0016,-0.0075,-0.009,0.2097,0.0008,-0.4231
61.212932109832764,0.0014,-0.0094,-0.0051,0.3504,0.0008,-0.2382
61.21302509307861,0.0013,-0.0089,0.0015,0.3634,0.0008,0.0027
61.2131130695343,0.0013,-0.0062,0.0063,0.2314,0.0008,0.1945
61.213204860687256,0.0014,-0.0024,0.0062,0.1463,0.0008,0.3328
61.213289976119995,0.0015,0.0015,0.0075,0.0928,0.0008,0.4487
61.21337699890137,0.0017,0.0054,0.0092,-0.06,0.0008,0.4806
61.21346306800842,0.0018,0.0085,0.0067,-0.2187,0.0008,0.3942
61.30446004867554,0.0019,0.0098,0.0036,-0.326,0.0008,0.2171
61.30460214614868,0.002,0.009,-0.0022,-0.3452,0.0008,-0.0143
61.304704904556274,0.002,0.0061,-0.0076,-0.2585,0.0008,-0.2304
61.30479907989502,0.0019,0.0021,-0.0099,-0.129,0.0008,-0.3816
61.304901123046875,0.0018,-0.0023,-0.0105,-0.0148,0.0008,-0.467
61.305001974105835,0.0017,-0.0062,-0.0105,0.1449,0.0008,-0.451
61.30509686470032,0.0015,-0.0087,-0.0078,0.2967,0.0008,-0.3195
61.30519390106201,0.0014,-0.0092,-0.0015,0.3556,0.0008,-0.1057
61.30528402328491,0.0014,-0.0075,0.004,0.2676,0.0008,0.0922
61.395971059799194,0.0014,-0.0043,0.0056,0.1448,0.0008,0.2238
61.39612412452698,0.0015,-0.0009,0.0056,0.0615,0.0008,0.3039
61.396240234375,0.0016,0.0024,0.0066,0.0169,0.0008,0.3646
61.39633512496948,0.0017,0.0052,0.0074,-0.1037,0.0008,0.3551
61.39643383026123,0.0018,0.0071,0.0048,-0.2179,0.0008,0.2543
61.39652705192566,0.0019,0.0075,0.0018,-0.2717,0.0008,0.0973
61.39662408828735,0.0019,0.0062,-0.0025,-0.2525,0.0008,-0.0788
61.39672112464905,0.0019,0.0035,-0.0066,-0.183,0.0008,-0.2404
61.396817207336426,0.0018,0.0001,-0.0077,-0.0799,0.0008,-0.3461
61.487550020217896,0.0017,-0.0033,-0.0087,0.0254,0.0008,-0.3928
61.487685203552246,0.0016,-0.0061,-0.008,0.169,0.0008,-0.3435
61.48778295516968,0.0015,-0.0076,-0.005,0.2802,0.0008,-0.2018
61.48786902427673,0.0014,-0.0073,0.0005,0.2932,0.0008,-0.0124
61.48795223236084,0.0014,-0.0052,0.0046,0.2102,0.0008,0.1536
61.48804187774658,0.0015,-0.0022,0.0054,0.11,0.0008,0.263
61.488123178482056,0.0015,0.001,0.0064,0.0544,0.0008,0.3457
61.48820400238037,0.0017,0.0041,0.0079,-0.0482,0.0008,0.3752
61.4882869720459,0.0018,0.0065,0.0066,-0.176,0.0008,0.3141
61.579097032547,0.0019,0.0076,0.0038,-0.2685,0.0008,0.1739
61.57928705215454,0.0019,0.007,-0.0006,-0.2839,0.0008,-0.0078
61.57939100265503,0.0019,0.0049,-0.0047,-0.2037,0.0008,-0.1685
61.57949495315552,0.0019,0.0018,-0.0053,-0.1612,0.0008,-0.3085
61.57959604263306,0.0018,-0.0018,-0.0078,-0.1042,0.0008,-0.4314
61.579692125320435,0.0016,-0.0055,-0.0098,0.0662,0.0008,-0.4611
61.57978796958923,0.0015,-0.0083,-0.0073,0.2268,0.0008,-0.3713
61.57988405227661,0.0014,-0.0094,-0.0038,0.3228,0.0008,-0.1948
61.579975843429565,0.0013,-0.0085,0.0022,0.3195,0.0008,0.0227
61.58006715774536,0.0013,-0.0057,0.0062,0.2074,0.0008,0.1984
61.670064210891724,0.0014,-0.0021,0.0059,0.1446,0.0008,0.3339
61.67021107673645,0.0015,0.0018,0.0082,0.0933,0.0008,0.4551
61.67030906677246,0.0016,0.0057,0.0098,-0.0655,0.0008,0.4877
61.67040205001831,0.0018,0.0087,0.0072,-0.2145,0.0008,0.4073
61.670493841171265,0.0019,0.0101,0.0045,-0.3239,0.0008,0.2379
61.6705961227417,0.002,0.0094,-0.0011,-0.3547,0.0008,0.0082
61.67069101333618,0.002,0.0066,-0.0064,-0.2779,0.0008,-0.2115
61.67078495025635,0.0019,0.0026,-0.0085,-0.2116,0.0008,-0.406
61.670881032943726,0.0018,-0.0021,-0.011,-0.1177,0.0008,-0.5608
61.762396812438965,0.0016,-0.007,-0.0132,0.0981,0.0008,-0.5951
61.76257109642029,0.0014,-0.0107,-0.0101,0.3023,0.0008,-0.478
61.762677907943726,0.0013,-0.0121,-0.0049,0.4231,0.0008,-0.2468
61.76277709007263,0.0012,-0.0109,0.0036,0.3707,0.0008,0.0123
61.7628710269928,0.0012,-0.0075,0.007,0.2305,0.0008,0.2072
61.76296401023865,0.0013,-0.0032,0.0077,0.1303,0.0008,0.3455
61.763055086135864,0.0014,0.0011,0.0092,0.0405,0.0008,0.4395
61.7631459236145,0.0015,0.0051,0.0094,-0.0975,0.0008,0.4482
61.76323890686035,0.0017,0.0079,0.0069,-0.2178,0.0008,0.3633
61.85373902320862,0.0018,0.0091,0.0042,-0.3075,0.0008,0.202
61.85388803482056,0.0018,0.0083,-0.0004,-0.3341,0.0008,-0.01
61.853989124298096,0.0018,0.0057,-0.0052,-0.2471,0.0008,-0.2017
61.85408616065979,0.0018,0.002,-0.0067,-0.1724,0.0008,-0.3588
61.85419201850891,0.0017,-0.0021,-0.009,-0.0864,0.0008,-0.479
61.85429096221924,0.0015,-0.0061,-0.0107,0.0987,0.0008,-0.4948
61.85438513755798,0.0013,-0.0091,-0.0083,0.2721,0.0008,-0.3836
61.854482889175415,0.0012,-0.0101,-0.0035,0.3694,0.0008,-0.1755
61.854572057724,0.0012,-0.0088,0.003,0.3258,0.0008,0.0518
61.946022033691406,0.0012,-0.0056,0.0066,0.1901,0.0008,0.2188
61.94617009162903,0.0012,-0.0018,0.0059,0.0643,0.0008,0.3026
61.9462730884552,0.0013,0.0017,0.0058,0.0478,0.0008,0.3771
61.94636392593384,0.0015,0.0048,0.0083,-0.0655,0.0008,0.3986
61.94646406173706,0.0016,0.0073,0.0057,-0.218,0.0008,0.3044
61.94655203819275,0.0017,0.0081,0.0023,-0.2911,0.0008,0.139
61.94664287567139,0.0017,0.007,-0.0021,-0.2768,0.0008,-0.049
61.9467499256134,0.0017,0.0044,-0.0058,-0.1825,0.0008,-0.2042
61.946842193603516,0.0017,0.0011,-0.0059,-0.1558,0.0008,-0.345
62.037972927093506,0.0015,-0.0026,-0.0094,-0.0885,0.0008,-0.4699
62.03812003135681,0.0014,-0.0064,-0.0105,0.1174,0.0008,-0.4724
62.03821802139282,0.0012,-0.0091,-0.0074,0.2754,0.0008,-0.3523
62.03830695152283,0.0011,-0.0098,-0.003,0.3502,0.0008,-0.153
62.038395166397095,0.0011,-0.0083,0.004,0.3013,0.0008,0.0654
62.038485050201416,0.0011,-0.0052,0.0062,0.1992,0.0008,0.236
62.038575172424316,0.0012,-0.0013,0.0072,0.1241,0.0008,0.3676
62.03865694999695,0.0013,0.0026,0.0092,0.0205,0.0008,0.4495
62.038739919662476,0.0014,0.0062,0.0087,-0.1219,0.0008,0.4377
62.1292290687561,0.0016,0.0086,0.0064,-0.2477,0.0008,0.33
62.1293671131134,0.0017,0.0093,0.0027,-0.3352,0.0008,0.1397
62.129478216171265,0.0017,0.0078,-0.0029,-0.3157,0.0008,-0.0784
62.12958097457886,0.0017,0.0047,-0.0079,-0.2034,0.0008,-0.2622
62.12967920303345,0.0016,0.0008,-0.0085,-0.0491,0.0008,-0.3532
62.129781007766724,0.0015,-0.0029,-0.008,0.0083,0.0008,-0.4059
62.12987804412842,0.0014,-0.006,-0.0097,0.1397,0.0008,-0.388
62.12997508049011,0.0013,-0.008,-0.0071,0.2866,0.0008,-0.258
62.13007211685181,0.0012,-0.0081,-0.0013,0.3195,0.0008,-0.065
62.13016486167908,0.0011,-0.0063,0.004,0.221,0.0008,0.1032
62.22080898284912,0.0012,-0.0034,0.004,0.1314,0.0007,0.215
62.220951080322266,0.0013,-0.0003,0.0049,0.1354,0.0007,0.3383
62.22105121612549,0.0014,0.0031,0.0083,0.0245,0.0007,0.4167
62.22114300727844,0.0015,0.0062,0.0069,-0.1337,0.0007,0.3845
62.22124218940735,0.0016,0.0081,0.0045,-0.22,0.0007,0.2808
62.22134613990784,0.0017,0.0084,0.0022,-0.2813,0.0007,0.121
62.22144103050232,0.0018,0.0071,-0.0026,-0.2859,0.0007,-0.0763
62.2215359210968,0.0017,0.0042,-0.0076,-0.2072,0.0008,-0.2605
62.22162985801697,0.0016,0.0004,-0.0084,-0.0782,0.0008,-0.3699
62.31187415122986,0.0015,-0.0033,-0.0092,0.0238,0.0008,-0.4213
62.312034130096436,0.0014,-0.0064,-0.0093,0.1647,0.0007,-0.3848
62.31213402748108,0.0013,-0.0083,-0.0062,0.2949,0.0007,-0.2434
62.31224012374878,0.0012,-0.0082,-0.0001,0.3133,0.0007,-0.0462
62.31233501434326,0.0012,-0.0062,0.0038,0.2176,0.0007,0.1184
62.31242489814758,0.0012,-0.0032,0.0046,0.1254,0.0007,0.2314
62.312511920928955,0.0013,0.0,0.0053,0.0666,0.0007,0.3129
62.31260013580322,0.0014,0.0031,0.0071,-0.009,0.0007,0.3606
62.31268811225891,0.0015,0.0057,0.0063,-0.1257,0.0007,0.3295
62.40301990509033,0.0016,0.0072,0.0042,-0.2154,0.0007,0.2262
62.40316104888916,0.0017,0.0072,0.0015,-0.2588,0.0007,0.0752
62.40325403213501,0.0017,0.0058,-0.003,-0.2278,0.0007,-0.0889
62.4033420085907,0.0017,0.0032,-0.0051,-0.1682,0.0007,-0.231
62.40342903137207,0.0016,-0.0,-0.007,-0.1114,0.0007,-0.3523
62.403528928756714,0.0015,-0.0034,-0.0089,0.0061,0.0007,-0.413
62.4036180973053,0.0014,-0.0064,-0.0082,0.1675,0.0007,-0.3668
62.40370416641235,0.0012,-0.0081,-0.0049,0.281,0.0007,-0.2248
62.4037880897522,0.0012,-0.0079,0.0008,0.2994,0.0007,-0.03
62.49480390548706,0.0011,-0.0058,0.0055,0.214,0.0007,0.1449
62.49497604370117,0.0012,-0.0026,0.0058,0.109,0.0007,0.2561
62.49506902694702,0.0013,0.0007,0.0055,0.1217,0.0007,0.3753
62.49517202377319,0.0014,0.0041,0.0098,0.0441,0.0007,0.4773
62.49526286125183,0.0016,0.0075,0.0088,-0.1381,0.0007,0.4574
62.49535012245178,0.0017,0.0097,0.006,-0.2639,0.0007,0.3373
62.495437145233154,0.0018,0.0101,0.0026,-0.3424,0.0007,0.1427
62.49552798271179,0.0019,0.0085,-0.0032,-0.3194,0.0007,-0.0802
62.49561810493469,0.0018,0.0051,-0.0064,-0.2241,0.0007,-0.2661
62.58638525009155,0.0017,0.001,-0.0074,-0.1893,0.0007,-0.4396
62.58653116226196,0.0016,-0.0036,-0.0113,-0.0462,0.0007,-0.5518
62.586629152297974,0.0014,-0.0079,-0.0105,0.1925,0.0007,-0.5071
62.58672785758972,0.0013,-0.0105,-0.0063,0.3334,0.0007,-0.3425
62.58682608604431,0.0011,-0.0107,-0.0001,0.3817,0.0007,-0.1028
62.58692979812622,0.0011,-0.0085,0.0058,0.2955,0.0007,0.125
62.58702111244202,0.0012,-0.0047,0.0078,0.1537,0.0007,0.2777
62.58711004257202,0.0012,-0.0006,0.0072,0.0591,0.0007,0.3682
62.587198972702026,0.0014,0.0032,0.009,-0.0166,0.0007,0.4252
62.678553104400635,0.0015,0.0064,0.0086,-0.1676,0.0007,0.3834
62.67872405052185,0.0016,0.0082,0.0053,-0.2946,0.0007,0.2369
62.67883586883545,0.0017,0.008,0.0008,-0.3316,0.0007,0.0351
62.678955078125,0.0017,0.006,-0.004,-0.2618,0.0007,-0.1576
62.679057121276855,0.0017,0.0026,-0.0063,-0.1842,0.0007,-0.3188
62.679168939590454,0.0016,-0.0013,-0.0078,-0.0995,0.0007,-0.4385
62.67927598953247,0.0014,-0.0052,-0.0088,0.0527,0.0007,-0.47
62.67936682701111,0.0013,-0.0082,-0.0068,0.2203,0.0007,-0.3806
62.679458141326904,0.0011,-0.0094,-0.0026,0.3291,0.0007,-0.1919
62.679545164108276,0.0011,-0.0085,0.0036,0.3129,0.0007,0.0312
62.77115321159363,0.0011,-0.0056,0.0063,0.2001,0.0007,0.2026
62.77129793167114,0.0012,-0.002,0.0065,0.1418,0.0007,0.3404
62.771400928497314,0.0013,0.0019,0.0092,0.0591,0.0007,0.4468
62.771491050720215,0.0014,0.0057,0.01,-0.0953,0.0007,0.4614
62.771591901779175,0.0016,0.0085,0.008,-0.2293,0.0007,0.3769
62.77169108390808,0.0017,0.0096,0.0054,-0.3322,0.0007,0.2079
62.771795988082886,0.0018,0.0088,-0.0003,-0.3437,0.0007,-0.0096
62.7718870639801,0.0018,0.006,-0.006,-0.2492,0.0007,-0.2087
62.77198505401611,0.0017,0.0022,-0.0077,-0.1074,0.0007,-0.3309
62.86383605003357,0.0016,-0.0017,-0.0078,-0.0146,0.0007,-0.3964
62.863977909088135,0.0014,-0.005,-0.0085,0.1152,0.0007,-0.3852
62.86407709121704,0.0013,-0.0073,-0.0063,0.2458,0.0007,-0.2756
62.864166021347046,0.0012,-0.0078,-0.0018,0.3059,0.0007,-0.0949
62.86425185203552,0.0012,-0.0064,0.0036,0.2535,0.0007,0.0911
62.864336013793945,0.0012,-0.0036,0.006,0.1527,0.0007,0.2312
62.86442589759827,0.0013,-0.0002,0.0061,0.068,0.0007,0.3196
62.864511013031006,0.0014,0.0029,0.0072,-0.0081,0.0007,0.3691
62.86459398269653,0.0015,0.0057,0.0069,-0.1312,0.0007,0.3382
62.959174156188965,0.0016,0.0073,0.0047,-0.2356,0.0007,0.2252
62.95934319496155,0.0017,0.0073,0.0011,-0.2863,0.0007,0.0538
62.95945692062378,0.0017,0.0056,-0.0035,-0.2449,0.0007,-0.1249
62.959558963775635,0.0017,0.0027,-0.0069,-0.1323,0.0007,-0.2566
62.95966696739197,0.0016,-0.0006,-0.0064,-0.0384,0.0007,-0.3268
62.95976710319519,0.0015,-0.0036,-0.0075,0.0428,0.0007,-0.3545
62.95986723899841,0.0014,-0.006,-0.0073,0.1812,0.0007,-0.2925
62.95996403694153,0.0013,-0.007,-0.0034,0.2775,0.0007,-0.1409
62.96005916595459,0.0012,-0.0063,0.0022,0.2556,0.0007,0.037
62.960153102874756,0.0013,-0.0041,0.0046,0.1781,0.0007,0.1831
63.06316900253296,0.0013,-0.0011,0.0058,0.1069,0.0007,0.2938
63.06329011917114,0.0014,0.0021,0.0076,0.0369,0.0007,0.3743
63.06338095664978,0.0015,0.0051,0.008,-0.0807,0.0007,0.3842
63.063472032547,0.0017,0.0073,0.0062,-0.2003,0.0007,0.3051
63.06356191635132,0.0018,0.0081,0.0033,-0.282,0.0007,0.1527
63.06367111206055,0.0018,0.0072,-0.0018,-0.2801,0.0007,-0.0351
63.06378221511841,0.0018,0.0047,-0.0044,-0.2058,0.0007,-0.1957
63.06386995315552,0.0017,0.0014,-0.0064,-0.1528,0.0007,-0.3381
63.06396484375,0.0016,-0.0023,-0.0088,-0.0468,0.0007,-0.4317
63.06405305862427,0.0015,-0.0058,-0.0092,0.1163,0.0007,-0.4249
63.157902002334595,0.0013,-0.0082,-0.0069,0.2524,0.0007,-0.3156
63.158061027526855,0.0012,-0.0088,-0.0023,0.3268,0.0007,-0.126
63.158161878585815,0.0012,-0.0074,0.0033,0.2852,0.0007,0.0779
63.158255100250244,0.0012,-0.0044,0.0066,0.1586,0.0007,0.2253
63.158344984054565,0.0013,-0.0009,0.0058,0.0436,0.0007,0.2953
63.15843200683594,0.0014,0.0022,0.0058,0.0155,0.0007,0.3496
63.15852212905884,0.0015,0.005,0.0076,-0.0962,0.0007,0.3459
63.15861201286316,0.0016,0.0069,0.0053,-0.2329,0.0007,0.2385
63.158700942993164,0.0017,0.0071,0.0012,-0.285,0.0007,0.0686
63.25292110443115,0.0017,0.0057,-0.0035,-0.2392,0.0007,-0.1065
63.253063917160034,0.0017,0.0029,-0.0055,-0.1425,0.0007,-0.2349
63.25317192077637,0.0016,-0.0002,-0.0055,-0.1513,0.0007,-0.3711
63.253273010253906,0.0015,-0.0038,-0.0103,-0.0552,0.0007,-0.4818
63.2533700466156,0.0013,-0.0074,-0.0098,0.1694,0.0007,-0.4466
63.253467082977295,0.0012,-0.0095,-0.0059,0.3004,0.0007,-0.2998
63.25356388092041,0.0011,-0.0096,-0.0007,0.3394,0.0007,-0.0913
63.25365614891052,0.0011,-0.0076,0.0045,0.2668,0.0007,0.1094
63.25374794006348,0.0011,-0.0042,0.0068,0.1803,0.0007,0.2726
63.25383806228638,0.0012,-0.0003,0.0075,0.0977,0.0007,0.3904
63.34623312950134,0.0013,0.0036,0.0093,-0.012,0.0007,0.4525
63.34639096260071,0.0015,0.0069,0.0087,-0.1483,0.0007,0.4241
63.34650278091431,0.0016,0.009,0.0066,-0.2653,0.0007,0.3068
63.346604108810425,0.0017,0.0093,0.0026,-0.3418,0.0007,0.1116
63.34671998023987,0.0017,0.0076,-0.003,-0.3028,0.0007,-0.0992
63.34682607650757,0.0017,0.0043,-0.006,-0.1886,0.0007,-0.2602
63.34692406654358,0.0016,0.0005,-0.0053,-0.1658,0.0007,-0.4038
63.3470299243927,0.0015,-0.0036,-0.0101,-0.0781,0.0007,-0.528
63.347123861312866,0.0013,-0.0077,-0.0098,0.1668,0.0007,-0.4944
63.43869590759277,0.0012,-0.0102,-0.0054,0.3233,0.0007,-0.3298
63.438854932785034,0.001,-0.0103,-0.0002,0.378,0.0007,-0.0929
63.438966035842896,0.001,-0.0081,0.0068,0.2955,0.0007,0.1419
63.439064025878906,0.0011,-0.0043,0.0076,0.1882,0.0007,0.3156
63.43916392326355,0.0012,0.0001,0.0093,0.1431,0.0007,0.4756
63.43925905227661,0.0013,0.0047,0.0121,-0.0203,0.0007,0.5529
63.43935298919678,0.0015,0.0087,0.0101,-0.2075,0.0007,0.4978
63.43944501876831,0.0017,0.0109,0.0074,-0.35,0.0007,0.333
63.43953895568848,0.0018,0.0109,0.001,-0.4098,0.0007,0.0833
63.439635038375854,0.0018,0.0084,-0.0047,-0.3513,0.0007,-0.1708
63.53211307525635,0.0017,0.0042,-0.009,-0.2605,0.0007,-0.4
63.532268047332764,0.0016,-0.0009,-0.0122,-0.1084,0.0007,-0.5567
63.53237819671631,0.0014,-0.0061,-0.0139,0.0967,0.0007,-0.5969
63.53248405456543,0.0012,-0.0101,-0.0113,0.2901,0.0007,-0.4963
63.53257703781128,0.0011,-0.0119,-0.0067,0.4203,0.0007,-0.2794
63.532695055007935,0.001,-0.011,0.0013,0.4097,0.0007,-0.0116
63.53278994560242,0.001,-0.0078,0.0055,0.2576,0.0007,0.19
63.53289222717285,0.001,-0.0036,0.0056,0.1728,0.0007,0.34
63.532984018325806,0.0011,0.0008,0.0079,0.0988,0.0007,0.4616
63.625184059143066,0.0013,0.005,0.009,-0.0591,0.0007,0.4921
63.62533497810364,0.0015,0.0083,0.0068,-0.2007,0.0007,0.4176
63.625434160232544,0.0016,0.0099,0.0045,-0.3075,0.0007,0.2585
63.6255259513855,0.0017,0.0094,0.0003,-0.3621,0.0007,0.0336
63.625625133514404,0.0017,0.0069,-0.0054,-0.288,0.0007,-0.1853
63.625725984573364,0.0016,0.0031,-0.008,-0.1745,0.0007,-0.3522
63.625823974609375,0.0015,-0.0013,-0.009,-0.0624,0.0007,-0.4564
63.62591886520386,0.0014,-0.0054,-0.0102,0.1052,0.0007,-0.4639
63.626022815704346,0.0012,-0.0083,-0.0083,0.2726,0.0007,-0.3513
63.71964693069458,0.0011,-0.0092,-0.0035,0.365,0.0007,-0.1453
63.71983313560486,0.0011,-0.0079,0.0038,0.305,0.0007,0.0745
63.71993017196655,0.0011,-0.0048,0.0061,0.1972,0.0007,0.243
63.72003197669983,0.0012,-0.001,0.0069,0.1221,0.0007,0.3718
63.720125913619995,0.0013,0.0029,0.0091,0.0259,0.0007,0.4566
63.720219135284424,0.0014,0.0065,0.0088,-0.1163,0.0007,0.4494
63.72030520439148,0.0016,0.0089,0.0068,-0.2456,0.0007,0.3465
63.720402002334595,0.0017,0.0096,0.0032,-0.3353,0.0007,0.1603
63.720492124557495,0.0017,0.0083,-0.0026,-0.313,0.0007,-0.054
63.72058296203613,0.0017,0.0053,-0.0054,-0.225,0.0007,-0.2334
63.81638813018799,0.0016,0.0014,-0.0073,-0.1759,0.0007,-0.3971
63.81656002998352,0.0015,-0.0029,-0.0103,-0.0409,0.0007,-0.4984
63.81666803359985,0.0014,-0.0069,-0.0093,0.1642,0.0007,-0.4627
63.8167679309845,0.0012,-0.0093,-0.0055,0.301,0.0007,-0.3128
63.8168740272522,0.0011,-0.0096,-0.0005,0.3639,0.0007,-0.0863
63.81696891784668,0.0011,-0.0075,0.0056,0.303,0.0007,0.1452
63.81705904006958,0.0011,-0.0039,0.0082,0.1652,0.0007,0.3087
63.81714701652527,0.0012,0.0003,0.0078,0.061,0.0007,0.4051
63.81723594665527,0.0014,0.0042,0.0093,-0.0409,0.0007,0.4485
63.9125120639801,0.0015,0.0073,0.0088,-0.2039,0.0007,0.3857
63.91266989707947,0.0016,0.0089,0.005,-0.3345,0.0007,0.2123
63.912776947021484,0.0017,0.0083,-0.001,-0.3377,0.0007,-0.0068
63.91287612915039,0.0017,0.0057,-0.0044,-0.2628,0.0007,-0.2032
63.9129741191864,0.0016,0.002,-0.0071,-0.1835,0.0007,-0.3703
63.913079023361206,0.0015,-0.0022,-0.0096,-0.0697,0.0007,-0.4844
63.91317820549011,0.0013,-0.0063,-0.0106,0.1085,0.0007,-0.4935
63.913288831710815,0.0012,-0.0092,-0.0079,0.2683,0.0007,-0.3817
63.91338896751404,0.0011,-0.0102,-0.0034,0.3611,0.0007,-0.1785
63.91348600387573,0.001,-0.0088,0.0031,0.3254,0.0007,0.0487
64.00784993171692,0.001,-0.0057,0.0056,0.1992,0.0007,0.2147
64.00799894332886,0.0011,-0.0019,0.0058,0.1395,0.0007,0.3462
64.00810694694519,0.0012,0.002,0.0085,0.0479,0.0007,0.4403
64.00821614265442,0.0013,0.0057,0.0088,-0.1077,0.0007,0.4384
64.00830793380737,0.0015,0.0083,0.0064,-0.2307,0.0007,0.3412
64.00840282440186,0.0016,0.0091,0.0037,-0.3184,0.0007,0.1689
64.00851511955261,0.0017,0.008,-0.0021,-0.3182,0.0007,-0.0454
64.0086100101471,0.0016,0.0052,-0.006,-0.239,0.0007,-0.2382
64.00869989395142,0.0016,0.0013,-0.0084,-0.1392,0.0007,-0.3867
64.10221600532532,0.0014,-0.0029,-0.0099,-0.0107,0.0007,-0.4653
64.10237908363342,0.0013,-0.0065,-0.0093,0.159,0.0007,-0.4323
64.10249710083008,0.0011,-0.0088,-0.0063,0.2995,0.0007,-0.289
64.10259699821472,0.0011,-0.009,-0.0,0.3488,0.0007,-0.0689
64.10268998146057,0.001,-0.007,0.005,0.2578,0.0007,0.1295
64.10278797149658,0.0011,-0.0036,0.0063,0.1657,0.0007,0.2798
64.1028790473938,0.0012,0.0002,0.0071,0.0941,0.0007,0.3925
64.10297179222107,0.0013,0.004,0.0092,-0.0145,0.0007,0.4526
64.10306310653687,0.0014,0.0072,0.0084,-0.1547,0.0007,0.4181
64.1031539440155,0.0016,0.0091,0.0061,-0.2722,0.0007,0.2927
64.19621992111206,0.0017,0.0092,0.0021,-0.3408,0.0007,0.0945
64.19640493392944,0.0017,0.0074,-0.0033,-0.2886,0.0007,-0.1098
64.19652509689331,0.0017,0.0041,-0.0069,-0.1583,0.0007,-0.2578
64.19662523269653,0.0016,0.0004,-0.0066,-0.0316,0.0007,-0.3238
64.19673109054565,0.0015,-0.0029,-0.0066,0.0357,0.0007,-0.3491
64.19683289527893,0.0014,-0.0054,-0.0069,0.1637,0.0007,-0.2956
64.19692707061768,0.0013,-0.0067,-0.0036,0.2694,0.0007,-0.1507
64.19702005386353,0.0012,-0.0062,0.0018,0.2717,0.0007,0.0347
64.19711208343506,0.0012,-0.004,0.0052,0.2003,0.0007,0.1993
64.29044198989868,0.0013,-0.0008,0.0068,0.1092,0.0007,0.3189
64.29059195518494,0.0014,0.0025,0.0077,0.0266,0.0007,0.394
64.29068493843079,0.0015,0.0056,0.0084,-0.107,0.0007,0.3895
64.29077100753784,0.0016,0.0077,0.0065,-0.2489,0.0007,0.2814
64.29086518287659,0.0017,0.0082,0.002,-0.3155,0.0007,0.0985
64.29095506668091,0.0018,0.0067,-0.0033,-0.2676,0.0007,-0.0924
64.29104399681091,0.0017,0.0038,-0.0049,-0.2127,0.0007,-0.2614
64.2911319732666,0.0017,0.0001,-0.0077,-0.1636,0.0007,-0.4214
64.2912220954895,0.0015,-0.004,-0.0107,-0.0114,0.0007,-0.5069
64.29131007194519,0.0014,-0.0078,-0.0093,0.181,0.0007,-0.4609
64.38350009918213,0.0012,-0.0099,-0.0061,0.3028,0.0007,-0.3142
64.38366198539734,0.0011,-0.01,-0.0013,0.3628,0.0007,-0.095
64.38377690315247,0.0011,-0.0079,0.0053,0.2778,0.0007,0.1182
64.38387703895569,0.0011,-0.0044,0.0059,0.1724,0.0007,0.2699
64.38398504257202,0.0012,-0.0005,0.0071,0.1298,0.0007,0.4054
64.38408493995667,0.0013,0.0036,0.0097,-0.0026,0.0007,0.4767
64.38417887687683,0.0015,0.0072,0.0081,-0.1632,0.0007,0.4351
64.38427400588989,0.0016,0.0093,0.0058,-0.2787,0.0007,0.3037
64.38436818122864,0.0017,0.0095,0.0018,-0.3554,0.0007,0.0944
64.47580099105835,0.0018,0.0075,-0.0042,-0.3078,0.0007,-0.1287
64.47595381736755,0.0017,0.004,-0.0066,-0.1881,0.0007,-0.2941
64.47605395317078,0.0016,-0.0001,-0.0067,-0.1759,0.0007,-0.4549
64.47614598274231,0.0015,-0.0045,-0.0126,-0.0476,0.0007,-0.578
64.47624182701111,0.0013,-0.0088,-0.0116,0.2155,0.0007,-0.5269
64.47633004188538,0.0011,-0.0113,-0.007,0.3705,0.0007,-0.344
64.47641706466675,0.001,-0.0112,-0.0,0.4123,0.0007,-0.0842
64.47650098800659,0.001,-0.0087,0.0058,0.2935,0.0007,0.1423
64.47658491134644,0.001,-0.0047,0.0066,0.2081,0.0007,0.3218
64.56854200363159,0.0011,-0.0002,0.0089,0.1304,0.0007,0.4706
64.56870102882385,0.0013,0.0045,0.0103,-0.0249,0.0007,0.5317
64.56882190704346,0.0014,0.0083,0.0084,-0.1738,0.0007,0.4857
64.56892204284668,0.0016,0.0106,0.0064,-0.3028,0.0007,0.3438
64.56902599334717,0.0017,0.0107,0.0013,-0.3905,0.0007,0.1091
64.56912994384766,0.0018,0.0086,-0.0048,-0.3386,0.0007,-0.1377
64.56924319267273,0.0017,0.0047,-0.0092,-0.2294,0.0007,-0.3477
64.56935095787048,0.0016,-0.0001,-0.0106,-0.0811,0.0007,-0.4753
64.56945204734802,0.0014,-0.0047,-0.0113,0.0756,0.0007,-0.5095
64.56955695152283,0.0013,-0.0083,-0.0098,0.252,0.0007,-0.4216
64.66050291061401,0.0011,-0.0099,-0.0057,0.3808,0.0007,-0.2215
64.66063618659973,0.0011,-0.0091,0.0015,0.3758,0.0007,0.0271
64.66072797775269,0.0011,-0.0061,0.0053,0.24,0.0007,0.2172
64.66081404685974,0.0011,-0.0022,0.0055,0.161,0.0007,0.3601
64.66089701652527,0.0013,0.002,0.0083,0.0817,0.0007,0.4749
64.66098093986511,0.0014,0.006,0.0097,-0.0868,0.0007,0.493
64.66107106208801,0.0016,0.009,0.0074,-0.2395,0.0007,0.3981
64.66116404533386,0.0017,0.0102,0.0041,-0.3444,0.0007,0.2124
64.66126990318298,0.0018,0.0092,-0.002,-0.3467,0.0007,-0.0191
64.75333189964294,0.0018,0.0063,-0.0061,-0.2665,0.0007,-0.2298
64.7534818649292,0.0017,0.0021,-0.0088,-0.1703,0.0007,-0.4
64.75360798835754,0.0016,-0.0024,-0.0105,-0.0387,0.0007,-0.501
64.75370812416077,0.0014,-0.0066,-0.0103,0.1484,0.0007,-0.4822
64.7538149356842,0.0012,-0.0093,-0.0068,0.301,0.0007,-0.3417
64.75391793251038,0.0011,-0.0098,-0.0018,0.3785,0.0007,-0.1155
64.75402283668518,0.0011,-0.008,0.0052,0.3066,0.0007,0.1154
64.75413393974304,0.0011,-0.0045,0.0066,0.1798,0.0007,0.2765
64.75424194335938,0.0012,-0.0004,0.0071,0.1507,0.0007,0.4256
64.84841299057007,0.0014,0.0038,0.0107,0.0164,0.0007,0.5161
64.84859585762024,0.0015,0.0077,0.0094,-0.1713,0.0007,0.4789
64.84870600700378,0.0017,0.0101,0.0068,-0.3032,0.0007,0.3392
64.84880995750427,0.0018,0.0104,0.0016,-0.3762,0.0007,0.1156
64.84893012046814,0.0018,0.0084,-0.0041,-0.3361,0.0007,-0.1242
64.84905219078064,0.0018,0.0047,-0.0088,-0.2273,0.0007,-0.33
64.84915399551392,0.0017,0.0,-0.01,-0.0738,0.0007,-0.4483
64.84925413131714,0.0015,-0.0043,-0.0107,0.0536,0.0007,-0.4919
64.84935283660889,0.0014,-0.0078,-0.01,0.2186,0.0007,-0.4266
64.84947514533997,0.0012,-0.0096,-0.0062,0.3534,0.0007,-0.2478
64.94302201271057,0.0012,-0.0092,0.0005,0.3613,0.0007,-0.0155
64.94318580627441,0.0012,-0.0066,0.0045,0.2306,0.0007,0.1618
64.94330286979675,0.0012,-0.003,0.0045,0.1393,0.0007,0.283
64.94341087341309,0.0013,0.0006,0.0057,0.085,0.0007,0.3798
64.94351196289062,0.0014,0.0042,0.0073,-0.04,0.0007,0.4099
64.94361019134521,0.0016,0.0069,0.0052,-0.1718,0.0007,0.3419
64.94370889663696,0.0017,0.0082,0.0028,-0.2586,0.0007,0.2011
64.94381594657898,0.0017,0.0077,-0.0012,-0.2943,0.0007,0.0083
64.9439148902893,0.0017,0.0055,-0.0059,-0.2427,0.0007,-0.1862
65.0375919342041,0.0017,0.002,-0.0088,-0.1361,0.0007,-0.3343
65.03774404525757,0.0016,-0.0019,-0.0094,-0.0368,0.0007,-0.4256
65.03784799575806,0.0014,-0.0054,-0.0105,0.1076,0.0007,-0.4335
65.03794503211975,0.0013,-0.008,-0.0086,0.2701,0.0007,-0.3249
65.03805494308472,0.0012,-0.0088,-0.0026,0.3412,0.0007,-0.128
65.03814911842346,0.0011,-0.0074,0.0028,0.2707,0.0007,0.0634
65.03825402259827,0.0012,-0.0046,0.0042,0.1633,0.0007,0.1965
65.03834104537964,0.0012,-0.0013,0.0038,0.1669,0.0007,0.3313
65.03842306137085,0.0013,0.0023,0.0083,0.1143,0.0007,0.4672
65.13095283508301,0.0015,0.0062,0.0087,-0.0708,0.0007,0.489
65.1311149597168,0.0016,0.0091,0.0057,-0.1934,0.0007,0.4119
65.13123106956482,0.0018,0.0104,0.0043,-0.2855,0.0007,0.2661
65.13133311271667,0.0019,0.0099,0.0004,-0.3518,0.0007,0.0493
65.13143706321716,0.0019,0.0074,-0.0057,-0.2897,0.0007,-0.1723
65.13154006004333,0.0018,0.0035,-0.0082,-0.1737,0.0007,-0.3402
65.13165307044983,0.0017,-0.0009,-0.0088,-0.0592,0.0007,-0.4412
65.13176918029785,0.0016,-0.0049,-0.0099,0.0963,0.0007,-0.4521
65.13186502456665,0.0014,-0.0078,-0.0081,0.2592,0.0007,-0.3463
65.13196587562561,0.0013,-0.0089,-0.0033,0.3547,0.0007,-0.1459
65.22376918792725,0.0013,-0.0076,0.0037,0.3093,0.0007,0.0768
65.22395896911621,0.0013,-0.0046,0.0052,0.1883,0.0007,0.2336
65.22406697273254,0.0014,-0.0009,0.0061,0.1516,0.0007,0.3753
65.22417402267456,0.0015,0.003,0.0093,0.0455,0.0007,0.4746
65.22427892684937,0.0016,0.0067,0.0085,-0.1257,0.0007,0.4596
65.22438097000122,0.0018,0.0092,0.0061,-0.2555,0.0007,0.3449
65.22447991371155,0.0019,0.0098,0.0024,-0.3413,0.0007,0.149
65.22457909584045,0.002,0.0083,-0.0033,-0.3256,0.0007,-0.0785
65.22467803955078,0.0019,0.0051,-0.0068,-0.2248,0.0007,-0.268
65.3159658908844,0.0018,0.0009,-0.0073,-0.1862,0.0007,-0.4389
65.31614518165588,0.0017,-0.0036,-0.0115,-0.0649,0.0007,-0.5642
65.31624388694763,0.0015,-0.008,-0.011,0.1793,0.0007,-0.5314
65.31633400917053,0.0013,-0.0108,-0.0067,0.3392,0.0007,-0.3662
65.31643891334534,0.0012,-0.0111,-0.0006,0.3978,0.0007,-0.1195
65.31652617454529,0.0012,-0.009,0.0061,0.3064,0.0007,0.1175
65.31661009788513,0.0012,-0.0051,0.0065,0.1822,0.0007,0.2791
65.31669497489929,0.0013,-0.0009,0.0079,0.1693,0.0007,0.4454
65.31677794456482,0.0015,0.0037,0.0122,0.0174,0.0007,0.5473
65.40941786766052,0.0016,0.008,0.01,-0.1805,0.0007,0.5083
65.40959095954895,0.0018,0.0105,0.0073,-0.2985,0.0007,0.3757
65.40969109535217,0.0019,0.011,0.0041,-0.3956,0.0007,0.158
65.40980195999146,0.002,0.0093,-0.0029,-0.3659,0.0007,-0.092
65.40989804267883,0.0019,0.0056,-0.007,-0.2658,0.0007,-0.3094
65.40999293327332,0.0018,0.0009,-0.0095,-0.1343,0.0007,-0.4625
65.41010308265686,0.0017,-0.0039,-0.0106,0.0246,0.0007,-0.5241
65.41020107269287,0.0015,-0.0078,-0.0095,0.2007,0.0007,-0.4668
65.41029810905457,0.0014,-0.01,-0.006,0.3438,0.0007,-0.2933
65.41039800643921,0.0013,-0.0099,0.0006,0.3825,0.0007,-0.0473
65.50221800804138,0.0013,-0.0074,0.0062,0.2579,0.0007,0.1601
65.502357006073,0.0013,-0.0036,0.0066,0.1316,0.0007,0.2912
65.5024471282959,0.0014,0.0003,0.0076,0.0638,0.0007,0.3878
65.50253415107727,0.0015,0.004,0.0094,-0.0497,0.0007,0.4265
65.50262022018433,0.0017,0.007,0.0075,-0.1964,0.0007,0.3592
65.50271582603455,0.0018,0.0084,0.0044,-0.2973,0.0007,0.2052
65.50280117988586,0.0019,0.0079,0.0002,-0.3186,0.0007,0.007
65.50289106369019,0.0019,0.0056,-0.0046,-0.2401,0.0007,-0.1763
65.50297999382019,0.0018,0.0022,-0.0063,-0.1758,0.0008,-0.3326
65.59598302841187,0.0017,-0.0017,-0.008,-0.0944,0.0008,-0.4505
65.59615588188171,0.0015,-0.0056,-0.0089,0.0728,0.0008,-0.47
65.59626698493958,0.0014,-0.0085,-0.0065,0.2377,0.0008,-0.3676
65.59636902809143,0.0013,-0.0095,-0.0021,0.337,0.0007,-0.1702
65.59646415710449,0.0012,-0.0083,0.0043,0.3129,0.0007,0.0581
65.59656405448914,0.0012,-0.0053,0.0066,0.195,0.0007,0.2289
65.59666109085083,0.0013,-0.0015,0.007,0.1463,0.0007,0.3736
65.59675312042236,0.0014,0.0026,0.0099,0.0486,0.0007,0.4784
65.59684610366821,0.0016,0.0065,0.0096,-0.1241,0.0007,0.472
65.68814301490784,0.0017,0.0092,0.0069,-0.2581,0.0007,0.3619
65.6882848739624,0.0019,0.0099,0.0032,-0.3496,0.0007,0.1664
65.6883819103241,0.0019,0.0086,-0.0029,-0.3371,0.0007,-0.0654
65.688472032547,0.0019,0.0054,-0.0065,-0.2393,0.0008,-0.2617
65.68856000900269,0.0018,0.0012,-0.0081,-0.1886,0.0008,-0.4395
65.68865704536438,0.0017,-0.0034,-0.0117,-0.0511,0.0008,-0.5573
65.68874502182007,0.0015,-0.0078,-0.0111,0.1826,0.0008,-0.5225
65.68883395195007,0.0013,-0.0106,-0.007,0.3383,0.0008,-0.3596
65.68892216682434,0.0012,-0.0109,-0.0008,0.4001,0.0008,-0.1128
65.68900513648987,0.0012,-0.0087,0.0057,0.3091,0.0007,0.123
65.77982211112976,0.0012,-0.0049,0.0066,0.1752,0.0007,0.2813
65.77996802330017,0.0013,-0.0007,0.0069,0.1759,0.0007,0.4448
65.78007078170776,0.0014,0.0038,0.0121,0.0443,0.0007,0.5632
65.78016209602356,0.0016,0.0082,0.0105,-0.1734,0.0007,0.5327
65.78026604652405,0.0018,0.0109,0.0074,-0.2986,0.0007,0.4008
65.78035402297974,0.0019,0.0116,0.0044,-0.3972,0.0007,0.1845
65.7804479598999,0.002,0.0099,-0.002,-0.381,0.0008,-0.0685
65.7805380821228,0.002,0.0063,-0.007,-0.2737,0.0008,-0.2901
65.78063011169434,0.0019,0.0015,-0.0077,-0.2096,0.0008,-0.4784
65.87337303161621,0.0017,-0.0036,-0.0118,-0.0798,0.0008,-0.6158
65.87352108955383,0.0015,-0.0085,-0.0122,0.1962,0.0008,-0.5812
65.87361788749695,0.0013,-0.0116,-0.0072,0.3746,0.0008,-0.3971
65.87370800971985,0.0012,-0.012,-0.0007,0.4388,0.0008,-0.1256
65.87379312515259,0.0011,-0.0096,0.0066,0.3495,0.0008,0.142
65.8738842010498,0.0012,-0.0054,0.0084,0.1962,0.0007,0.3264
65.87397503852844,0.0013,-0.0006,0.0083,0.1812,0.0007,0.5033
65.87406206130981,0.0015,0.0045,0.0135,0.0308,0.0007,0.6237
65.87414598464966,0.0017,0.0092,0.0117,-0.203,0.0007,0.5831
65.96982026100159,0.0019,0.0122,0.0085,-0.3614,0.0008,0.4194
65.96999597549438,0.002,0.0126,0.0027,-0.4485,0.0008,0.158
65.97011995315552,0.002,0.0104,-0.0044,-0.4142,0.0008,-0.1328
65.97024202346802,0.002,0.006,-0.0087,-0.2982,0.0008,-0.3829
65.97034502029419,0.0019,0.0004,-0.0111,-0.222,0.0008,-0.6042
65.97044515609741,0.0017,-0.0056,-0.0152,-0.0047,0.0008,-0.7184
65.97054195404053,0.0014,-0.0109,-0.0134,0.2949,0.0008,-0.6298
65.9706449508667,0.0012,-0.0138,-0.0074,0.4709,0.0008,-0.3867
65.97074294090271,0.0011,-0.0134,0.0016,0.4867,0.0008,-0.0685
65.97084307670593,0.0011,-0.0101,0.0078,0.329,0.0008,0.194
66.06428790092468,0.0012,-0.0052,0.0072,0.2048,0.0008,0.3751
66.06445097923279,0.0013,0.0001,0.0096,0.1899,0.0007,0.5675
66.06456017494202,0.0015,0.0056,0.0141,-0.0184,0.0007,0.6612
66.06465721130371,0.0017,0.0103,0.0106,-0.2388,0.0007,0.5909
66.06475114822388,0.0019,0.013,0.0077,-0.3791,0.0008,0.4109
66.06484293937683,0.002,0.0131,0.002,-0.4605,0.0008,0.1371
66.06494402885437,0.002,0.0105,-0.0055,-0.4156,0.0008,-0.1628
66.06504702568054,0.002,0.0058,-0.0099,-0.2862,0.0008,-0.4139
66.06514883041382,0.0019,0.0,-0.0117,-0.2106,0.0008,-0.6324
66.15885591506958,0.0017,-0.0062,-0.016,0.023,0.0008,-0.735
66.15900707244873,0.0014,-0.0115,-0.0137,0.3332,0.0008,-0.6242
66.15911602973938,0.0012,-0.0141,-0.0071,0.5046,0.0008,-0.3574
66.1592149734497,0.0011,-0.0134,0.0029,0.4922,0.0008,-0.0263
66.15929913520813,0.0011,-0.0096,0.0078,0.3331,0.0008,0.2393
66.15939402580261,0.0012,-0.0044,0.0092,0.2458,0.0008,0.4617
66.15947604179382,0.0013,0.0014,0.0133,0.1229,0.0008,0.6383
66.1595709323883,0.0015,0.0072,0.0145,-0.0981,0.0008,0.6846
66.15967202186584,0.0017,0.0117,0.0119,-0.2899,0.0008,0.5911
66.15975904464722,0.0019,0.014,0.0088,-0.4487,0.0008,0.3742
66.25221085548401,0.0021,0.0134,0.0009,-0.492,0.0008,0.0727
66.2523901462555,0.0021,0.0101,-0.006,-0.4143,0.0008,-0.2297
66.25254392623901,0.002,0.0048,-0.0112,-0.2421,0.0008,-0.462
66.25267195701599,0.0019,-0.0011,-0.012,-0.0501,0.0008,-0.5795
66.25277900695801,0.0017,-0.0064,-0.012,0.1615,0.0008,-0.564
66.25290894508362,0.0015,-0.01,-0.0084,0.3404,0.0008,-0.4095
66.25302290916443,0.0014,-0.011,-0.003,0.4388,0.0008,-0.1537
66.25312685966492,0.0013,-0.0092,0.0048,0.3868,0.0008,0.1254
66.25322484970093,0.0013,-0.0052,0.0078,0.218,0.0008,0.3196
66.34513092041016,0.0015,-0.0005,0.0077,0.1646,0.0008,0.4821
66.3452820777893,0.0016,0.0043,0.0121,0.0338,0.0008,0.5944
66.34537696838379,0.0018,0.0088,0.0113,-0.1962,0.0008,0.5555
66.3454818725586,0.002,0.0116,0.008,-0.3747,0.0008,0.3793
66.3455958366394,0.0021,0.0118,0.0016,-0.4364,0.0008,0.1178
66.34568810462952,0.0021,0.0094,-0.0051,-0.3756,0.0008,-0.1538
66.34577798843384,0.0021,0.0051,-0.0082,-0.2892,0.0008,-0.3948
66.34587121009827,0.002,-0.0003,-0.012,-0.1878,0.0008,-0.6014
66.34595990180969,0.0018,-0.0061,-0.0151,0.0516,0.0008,-0.6792
66.43722605705261,0.0015,-0.0109,-0.0128,0.3067,0.0008,-0.5784
66.43737387657166,0.0014,-0.0132,-0.0074,0.4525,0.0008,-0.3464
66.4374749660492,0.0012,-0.0126,0.0014,0.4584,0.0008,-0.0474
66.4375638961792,0.0012,-0.0093,0.0065,0.3132,0.0008,0.1966
66.43765616416931,0.0013,-0.0046,0.0074,0.1877,0.0008,0.3685
66.43774104118347,0.0014,0.0004,0.0097,0.0812,0.0008,0.4914
66.43782591819763,0.0016,0.005,0.0108,-0.0752,0.0008,0.5248
66.43791007995605,0.0017,0.0087,0.0087,-0.2309,0.0008,0.4445
66.4379940032959,0.0019,0.0104,0.0058,-0.3551,0.0008,0.2648
66.52857494354248,0.002,0.0099,0.0002,-0.3894,0.0008,0.0225
66.5287721157074,0.002,0.0071,-0.0051,-0.2976,0.0008,-0.2006
66.52888107299805,0.0019,0.003,-0.0076,-0.1913,0.0008,-0.3752
66.5289831161499,0.0018,-0.0015,-0.0096,-0.0769,0.0008,-0.4937
66.5290789604187,0.0016,-0.0059,-0.0113,0.1119,0.0008,-0.5048
66.5291759967804,0.0015,-0.009,-0.0086,0.2859,0.0008,-0.3864
66.52927303314209,0.0013,-0.0101,-0.004,0.3825,0.0008,-0.1732
66.52936601638794,0.0013,-0.0088,0.0031,0.3487,0.0008,0.0694
66.52946710586548,0.0013,-0.0055,0.0059,0.221,0.0008,0.2516
66.52956414222717,0.0014,-0.0014,0.0064,0.1594,0.0008,0.4004
66.61898589134216,0.0015,0.0029,0.0091,0.0509,0.0008,0.5016
66.61913800239563,0.0017,0.007,0.0089,-0.1291,0.0008,0.4873
66.61925911903381,0.0018,0.0096,0.0063,-0.2769,0.0008,0.3609
66.61937403678894,0.002,0.0103,0.0024,-0.3684,0.0008,0.1483
66.61948323249817,0.002,0.0086,-0.0033,-0.3348,0.0008,-0.0849
66.61958813667297,0.002,0.0052,-0.008,-0.2425,0.0008,-0.2944
66.61969995498657,0.0019,0.0008,-0.01,-0.0919,0.0008,-0.4235
66.61979794502258,0.0018,-0.0036,-0.0105,0.0368,0.0008,-0.4759
66.61989402770996,0.0016,-0.0072,-0.0096,0.1949,0.0008,-0.4219
66.7111759185791,0.0015,-0.0091,-0.0058,0.3327,0.0008,-0.2535
66.71136689186096,0.0014,-0.0089,0.0008,0.3694,0.0008,-0.0135
66.71146607398987,0.0014,-0.0063,0.0066,0.2579,0.0008,0.1972
66.7115650177002,0.0014,-0.0025,0.0073,0.1288,0.0008,0.3321
66.71165990829468,0.0015,0.0015,0.0079,0.0514,0.0008,0.4239
66.71175193786621,0.0017,0.0052,0.0093,-0.0876,0.0008,0.4384
66.7118399143219,0.0018,0.0079,0.0073,-0.2466,0.0008,0.3377
66.71192812919617,0.0019,0.0088,0.003,-0.3387,0.0008,0.1474
66.7120189666748,0.002,0.0076,-0.0029,-0.3023,0.0008,-0.0626
